ISO-10303-21;
HEADER;
/* Generated by software containing ST-Developer
 * from STEP Tools, Inc. (www.steptools.com) 
 */

FILE_DESCRIPTION(
/* description */ (''),
/* implementation_level */ '2;1');

FILE_NAME(
/* name */ 'ball-ballancing platform assembled.step',
/* time_stamp */ '2026-09-16T17:29:08+02:00',
/* author */ (''),
/* organization */ (''),
/* preprocessor_version */ 'ST-DEVELOPER v20.2',
/* originating_system */ 'Autodesk Translation Framework v15.15.0.0',
/* authorisation */ '');

FILE_SCHEMA (('AUTOMOTIVE_DESIGN { 1 0 10303 214 3 1 1 }'));
ENDSEC;

DATA;
#10=MECHANICAL_DESIGN_GEOMETRIC_PRESENTATION_REPRESENTATION('',(#95,#96,
#97),#9952);
#11=ITEM_DEFINED_TRANSFORMATION($,$,#5364,#6024);
#12=ITEM_DEFINED_TRANSFORMATION($,$,#5432,#6025);
#13=ITEM_DEFINED_TRANSFORMATION($,$,#5762,#6026);
#14=(
REPRESENTATION_RELATIONSHIP($,$,#9969,#9968)
REPRESENTATION_RELATIONSHIP_WITH_TRANSFORMATION(#11)
SHAPE_REPRESENTATION_RELATIONSHIP()
);
#15=(
REPRESENTATION_RELATIONSHIP($,$,#9970,#9968)
REPRESENTATION_RELATIONSHIP_WITH_TRANSFORMATION(#12)
SHAPE_REPRESENTATION_RELATIONSHIP()
);
#16=(
REPRESENTATION_RELATIONSHIP($,$,#9971,#9968)
REPRESENTATION_RELATIONSHIP_WITH_TRANSFORMATION(#13)
SHAPE_REPRESENTATION_RELATIONSHIP()
);
#17=CONTEXT_DEPENDENT_SHAPE_REPRESENTATION(#14,#9965);
#18=CONTEXT_DEPENDENT_SHAPE_REPRESENTATION(#15,#9966);
#19=CONTEXT_DEPENDENT_SHAPE_REPRESENTATION(#16,#9967);
#20=NEXT_ASSEMBLY_USAGE_OCCURRENCE('Prueba 1:1','Prueba 1:1',
'Prueba 1:1',#9973,#9974,'Prueba 1:1');
#21=NEXT_ASSEMBLY_USAGE_OCCURRENCE('soporte:1','soporte:1','soporte:1',
#9973,#9975,'soporte:1');
#22=NEXT_ASSEMBLY_USAGE_OCCURRENCE('Prueba 2:1','Prueba 2:1',
'Prueba 2:1',#9973,#9976,'Prueba 2:1');
#23=(
BOUNDED_SURFACE()
B_SPLINE_SURFACE(2,2,((#8905,#8906,#8907),(#8908,#8909,#8910),(#8911,#8912,
#8913)),.UNSPECIFIED.,.F.,.F.,.F.)
B_SPLINE_SURFACE_WITH_KNOTS((3,3),(3,3),(-1.5707963267949,2.22044604925031E-15),
(1.5707963267949,2.23639314778171),.UNSPECIFIED.)
GEOMETRIC_REPRESENTATION_ITEM()
RATIONAL_B_SPLINE_SURFACE(((1.,0.945131835026668,1.),(0.707106781186545,
0.66830912966264,0.707106781186545),(1.,0.945131835026668,1.)))
REPRESENTATION_ITEM('')
SURFACE()
);
#24=(
BOUNDED_SURFACE()
B_SPLINE_SURFACE(2,2,((#8932,#8933,#8934),(#8935,#8936,#8937),(#8938,#8939,
#8940)),.UNSPECIFIED.,.F.,.F.,.F.)
B_SPLINE_SURFACE_WITH_KNOTS((3,3),(3,3),(-1.5707963267949,0.),(0.905199505808086,
1.5707963267949),.UNSPECIFIED.)
GEOMETRIC_REPRESENTATION_ITEM()
RATIONAL_B_SPLINE_SURFACE(((1.,0.945131835026668,1.),(0.707106781186547,
0.668309129662642,0.707106781186547),(1.,0.945131835026668,1.)))
REPRESENTATION_ITEM('')
SURFACE()
);
#25=(
BOUNDED_SURFACE()
B_SPLINE_SURFACE(2,2,((#8996,#8997,#8998),(#8999,#9000,#9001),(#9002,#9003,
#9004)),.UNSPECIFIED.,.F.,.F.,.F.)
B_SPLINE_SURFACE_WITH_KNOTS((3,3),(3,3),(-1.5707963267949,2.22044604925031E-15),
(-2.2363931477817,-1.5707963267949),.UNSPECIFIED.)
GEOMETRIC_REPRESENTATION_ITEM()
RATIONAL_B_SPLINE_SURFACE(((1.,0.945131835026669,1.),(0.707106781186544,
0.66830912966264,0.707106781186544),(1.,0.945131835026669,1.)))
REPRESENTATION_ITEM('')
SURFACE()
);
#26=(
BOUNDED_SURFACE()
B_SPLINE_SURFACE(2,2,((#9021,#9022,#9023),(#9024,#9025,#9026),(#9027,#9028,
#9029)),.UNSPECIFIED.,.F.,.F.,.F.)
B_SPLINE_SURFACE_WITH_KNOTS((3,3),(3,3),(-1.5707963267949,0.),(-1.5707963267949,
-0.905199505808089),.UNSPECIFIED.)
GEOMETRIC_REPRESENTATION_ITEM()
RATIONAL_B_SPLINE_SURFACE(((1.,0.945131835026669,1.),(0.707106781186547,
0.668309129662643,0.707106781186547),(1.,0.945131835026669,1.)))
REPRESENTATION_ITEM('')
SURFACE()
);
#27=B_SPLINE_CURVE_WITH_KNOTS('',3,(#8710,#8711,#8712,#8713,#8714,#8715,
#8716,#8717,#8718,#8719,#8720,#8721),.UNSPECIFIED.,.F.,.F.,(4,2,2,2,2,4),
(-0.156707532954441,-0.136552462244358,-0.116401574046376,-0.0775123365725976,
-0.0385908846067611,0.),.UNSPECIFIED.);
#28=B_SPLINE_CURVE_WITH_KNOTS('',3,(#8730,#8731,#8732,#8733,#8734,#8735,
#8736,#8737,#8738,#8739,#8740,#8741),.UNSPECIFIED.,.F.,.F.,(4,2,2,2,2,4),
(-0.157256235257121,-0.137174839178741,-0.117105562947758,-0.0780655988848644,
-0.0390410310130621,0.),.UNSPECIFIED.);
#29=B_SPLINE_CURVE_WITH_KNOTS('',3,(#8954,#8955,#8956,#8957,#8958,#8959,
#8960,#8961,#8962,#8963,#8964,#8965),.UNSPECIFIED.,.F.,.F.,(4,2,2,2,2,4),
(-0.156707532954436,-0.136552462244368,-0.11640157404639,-0.077512336572605,
-0.0385908846067656,0.),.UNSPECIFIED.);
#30=B_SPLINE_CURVE_WITH_KNOTS('',3,(#9045,#9046,#9047,#9048,#9049,#9050,
#9051,#9052,#9053,#9054,#9055,#9056),.UNSPECIFIED.,.F.,.F.,(4,2,2,2,2,4),
(-0.157256235257076,-0.137174839178705,-0.117105562947729,-0.0780655988848481,
-0.0390410310130564,0.),.UNSPECIFIED.);
#31=B_SPLINE_CURVE_WITH_KNOTS('',3,(#9700,#9701,#9702,#9703,#9704,#9705,
#9706,#9707,#9708,#9709),.UNSPECIFIED.,.F.,.F.,(4,2,2,2,4),(0.,0.0709406715187285,
0.14417024510245,0.216297994177645,0.216817697635163),.UNSPECIFIED.);
#32=B_SPLINE_CURVE_WITH_KNOTS('',3,(#9712,#9713,#9714,#9715,#9716,#9717,
#9718,#9719,#9720,#9721),.UNSPECIFIED.,.F.,.F.,(4,2,2,2,4),(0.671383942790477,
0.708836120656825,0.746288298523173,0.787216827205868,0.828145355888563),
 .UNSPECIFIED.);
#33=B_SPLINE_CURVE_WITH_KNOTS('',3,(#9726,#9727,#9728,#9729,#9730,#9731,
#9732,#9733,#9734,#9735),.UNSPECIFIED.,.F.,.F.,(4,2,2,2,4),(0.514622529692391,
0.555551058375086,0.59647958705778,0.633931764924129,0.671383942790477),
 .UNSPECIFIED.);
#34=B_SPLINE_CURVE_WITH_KNOTS('',3,(#9751,#9752,#9753,#9754,#9755,#9756,
#9757,#9758,#9759,#9760),.UNSPECIFIED.,.F.,.F.,(4,2,2,2,4),(0.671752715234037,
0.709204893100385,0.746657070966733,0.787585599649428,0.828514128332123),
 .UNSPECIFIED.);
#35=B_SPLINE_CURVE_WITH_KNOTS('',3,(#9764,#9765,#9766,#9767,#9768,#9769,
#9770,#9771,#9772,#9773),.UNSPECIFIED.,.F.,.F.,(4,2,2,2,4),(0.514622529692391,
0.555551058375086,0.596479587057781,0.633931764924129,0.671383942790477),
 .UNSPECIFIED.);
#36=B_SPLINE_CURVE_WITH_KNOTS('',3,(#9792,#9793,#9794,#9795,#9796,#9797,
#9798,#9799,#9800,#9801),.UNSPECIFIED.,.F.,.F.,(4,2,2,2,4),(-0.00072395876751106,
0.,0.100475599244955,0.202486065155998,0.301308038294941),.UNSPECIFIED.);
#37=B_SPLINE_CURVE_WITH_KNOTS('',3,(#9816,#9817,#9818,#9819,#9820,#9821,
#9822,#9823,#9824,#9825),.UNSPECIFIED.,.F.,.F.,(4,2,2,2,4),(0.671752715234036,
0.709204893100384,0.746657070966733,0.787585599649428,0.828514128332123),
 .UNSPECIFIED.);
#38=B_SPLINE_CURVE_WITH_KNOTS('',3,(#9829,#9830,#9831,#9832,#9833,#9834,
#9835,#9836,#9837,#9838),.UNSPECIFIED.,.F.,.F.,(4,2,2,2,4),(0.514622529692391,
0.555551058375086,0.596479587057781,0.633931764924129,0.671383942790477),
 .UNSPECIFIED.);
#39=B_SPLINE_CURVE_WITH_KNOTS('',3,(#9848,#9849,#9850,#9851,#9852,#9853,
#9854,#9855,#9856,#9857),.UNSPECIFIED.,.F.,.F.,(4,2,2,2,4),(0.671383942790477,
0.708836120656825,0.746288298523173,0.787216827205868,0.828145355888563),
 .UNSPECIFIED.);
#40=B_SPLINE_CURVE_WITH_KNOTS('',3,(#9861,#9862,#9863,#9864,#9865,#9866,
#9867,#9868,#9869,#9870),.UNSPECIFIED.,.F.,.F.,(4,2,2,2,4),(0.51499130213595,
0.555919830818645,0.59684835950134,0.634300537367688,0.671752715234036),
 .UNSPECIFIED.);
#41=B_SPLINE_CURVE_WITH_KNOTS('',3,(#9885,#9886,#9887,#9888,#9889,#9890,
#9891,#9892,#9893,#9894),.UNSPECIFIED.,.F.,.F.,(4,2,2,2,4),(-0.000746646683136774,
0.,0.113985387104594,0.217109758167247,0.298855609610133),.UNSPECIFIED.);
#42=B_SPLINE_CURVE_WITH_KNOTS('',3,(#9898,#9899,#9900,#9901,#9902,#9903,
#9904,#9905,#9906,#9907),.UNSPECIFIED.,.F.,.F.,(4,2,2,2,4),(-0.000723958767415853,
0.,0.100475599217083,0.202486065098511,0.30130803820875),.UNSPECIFIED.);
#43=CONICAL_SURFACE('',#5517,1.75000000000001,0.785398163397457);
#44=CONICAL_SURFACE('',#5522,1.75000000000001,0.785398163397457);
#45=CONICAL_SURFACE('',#5527,1.74999999999999,0.785398163397448);
#46=CONICAL_SURFACE('',#5532,1.74999999999999,0.785398163397448);
#47=TOROIDAL_SURFACE('',#5467,5.,2.);
#48=TOROIDAL_SURFACE('',#5473,5.,2.);
#49=TOROIDAL_SURFACE('',#5478,5.,2.);
#50=TOROIDAL_SURFACE('',#5483,5.,2.);
#51=TOROIDAL_SURFACE('',#5537,2.99999999999999,1.);
#52=TOROIDAL_SURFACE('',#5541,3.,1.);
#53=TOROIDAL_SURFACE('',#5545,2.99999999999999,1.);
#54=TOROIDAL_SURFACE('',#5549,3.,1.);
#55=TOROIDAL_SURFACE('',#5626,7.,1.);
#56=TOROIDAL_SURFACE('',#5632,3.,1.);
#57=TOROIDAL_SURFACE('',#5638,4.00000007450581,1.);
#58=TOROIDAL_SURFACE('',#5644,3.,1.);
#59=TOROIDAL_SURFACE('',#5650,7.,1.);
#60=TOROIDAL_SURFACE('',#5656,3.,1.);
#61=TOROIDAL_SURFACE('',#5662,4.00000007450581,1.);
#62=TOROIDAL_SURFACE('',#5668,3.,1.);
#63=TOROIDAL_SURFACE('',#5683,3.,1.);
#64=TOROIDAL_SURFACE('',#5694,4.00000007450581,1.);
#65=TOROIDAL_SURFACE('',#5703,3.,1.);
#66=TOROIDAL_SURFACE('',#5715,3.,1.);
#67=TOROIDAL_SURFACE('',#5724,4.00000007450581,1.);
#68=TOROIDAL_SURFACE('',#5734,3.,1.);
#69=TOROIDAL_SURFACE('',#5763,3.,2.);
#70=TOROIDAL_SURFACE('',#5770,3.,2.);
#71=TOROIDAL_SURFACE('',#5776,3.,2.);
#72=TOROIDAL_SURFACE('',#5782,3.,2.);
#73=TOROIDAL_SURFACE('',#5797,3.99999999999999,1.);
#74=TOROIDAL_SURFACE('',#5801,3.99999999999999,1.);
#75=TOROIDAL_SURFACE('',#5866,3.,2.);
#76=TOROIDAL_SURFACE('',#5872,3.,2.);
#77=TOROIDAL_SURFACE('',#5877,3.,2.);
#78=TOROIDAL_SURFACE('',#5882,3.,2.);
#79=TOROIDAL_SURFACE('',#5894,4.00000007450581,1.);
#80=TOROIDAL_SURFACE('',#5901,4.00000007450581,1.);
#81=TOROIDAL_SURFACE('',#5927,4.,3.);
#82=TOROIDAL_SURFACE('',#5932,4.,3.);
#83=TOROIDAL_SURFACE('',#5937,4.,3.);
#84=TOROIDAL_SURFACE('',#5942,4.,3.);
#85=TOROIDAL_SURFACE('',#5947,4.,3.);
#86=TOROIDAL_SURFACE('',#5952,4.,3.);
#87=TOROIDAL_SURFACE('',#5957,4.,3.);
#88=TOROIDAL_SURFACE('',#5962,4.,3.);
#89=SHAPE_REPRESENTATION_RELATIONSHIP('SRR','None',#9969,#92);
#90=SHAPE_REPRESENTATION_RELATIONSHIP('SRR','None',#9970,#93);
#91=SHAPE_REPRESENTATION_RELATIONSHIP('SRR','None',#9971,#94);
#92=ADVANCED_BREP_SHAPE_REPRESENTATION('',(#98),#9949);
#93=ADVANCED_BREP_SHAPE_REPRESENTATION('',(#99),#9950);
#94=ADVANCED_BREP_SHAPE_REPRESENTATION('',(#100),#9951);
#95=STYLED_ITEM('',(#9992),#98);
#96=STYLED_ITEM('',(#9992),#99);
#97=STYLED_ITEM('',(#9992),#100);
#98=MANIFOLD_SOLID_BREP('Cuerpo1',#5326);
#99=MANIFOLD_SOLID_BREP('Cuerpo1',#5327);
#100=MANIFOLD_SOLID_BREP('Cuerpo2',#5328);
#101=FACE_BOUND('',#1554,.T.);
#102=FACE_BOUND('',#1556,.T.);
#103=FACE_BOUND('',#1567,.T.);
#104=FACE_BOUND('',#1569,.T.);
#105=FACE_BOUND('',#1580,.T.);
#106=FACE_BOUND('',#1581,.T.);
#107=FACE_BOUND('',#1582,.T.);
#108=FACE_BOUND('',#1583,.T.);
#109=FACE_BOUND('',#1584,.T.);
#110=FACE_BOUND('',#1585,.T.);
#111=FACE_BOUND('',#1586,.T.);
#112=FACE_BOUND('',#1587,.T.);
#113=FACE_BOUND('',#1609,.T.);
#114=FACE_BOUND('',#1655,.T.);
#115=FACE_BOUND('',#1656,.T.);
#116=FACE_BOUND('',#1666,.T.);
#117=FACE_BOUND('',#1667,.T.);
#118=FACE_BOUND('',#1702,.T.);
#119=FACE_BOUND('',#1731,.T.);
#120=FACE_BOUND('',#1740,.T.);
#121=FACE_BOUND('',#1749,.T.);
#122=FACE_BOUND('',#1761,.T.);
#123=FACE_BOUND('',#1795,.T.);
#124=FACE_BOUND('',#1805,.T.);
#125=FACE_BOUND('',#1816,.T.);
#126=FACE_BOUND('',#1820,.T.);
#127=FACE_BOUND('',#1851,.T.);
#128=FACE_BOUND('',#1855,.T.);
#129=FACE_BOUND('',#1883,.T.);
#130=FACE_BOUND('',#1885,.T.);
#131=PLANE('',#5389);
#132=PLANE('',#5390);
#133=PLANE('',#5391);
#134=PLANE('',#5404);
#135=PLANE('',#5408);
#136=PLANE('',#5412);
#137=PLANE('',#5413);
#138=PLANE('',#5416);
#139=PLANE('',#5417);
#140=PLANE('',#5418);
#141=PLANE('',#5421);
#142=PLANE('',#5425);
#143=PLANE('',#5426);
#144=PLANE('',#5427);
#145=PLANE('',#5428);
#146=PLANE('',#5429);
#147=PLANE('',#5430);
#148=PLANE('',#5431);
#149=PLANE('',#5440);
#150=PLANE('',#5441);
#151=PLANE('',#5442);
#152=PLANE('',#5450);
#153=PLANE('',#5487);
#154=PLANE('',#5490);
#155=PLANE('',#5496);
#156=PLANE('',#5500);
#157=PLANE('',#5504);
#158=PLANE('',#5508);
#159=PLANE('',#5509);
#160=PLANE('',#5513);
#161=PLANE('',#5515);
#162=PLANE('',#5516);
#163=PLANE('',#5553);
#164=PLANE('',#5554);
#165=PLANE('',#5555);
#166=PLANE('',#5556);
#167=PLANE('',#5559);
#168=PLANE('',#5564);
#169=PLANE('',#5570);
#170=PLANE('',#5574);
#171=PLANE('',#5578);
#172=PLANE('',#5582);
#173=PLANE('',#5583);
#174=PLANE('',#5584);
#175=PLANE('',#5585);
#176=PLANE('',#5586);
#177=PLANE('',#5587);
#178=PLANE('',#5588);
#179=PLANE('',#5589);
#180=PLANE('',#5590);
#181=PLANE('',#5591);
#182=PLANE('',#5592);
#183=PLANE('',#5593);
#184=PLANE('',#5594);
#185=PLANE('',#5595);
#186=PLANE('',#5596);
#187=PLANE('',#5597);
#188=PLANE('',#5615);
#189=PLANE('',#5617);
#190=PLANE('',#5620);
#191=PLANE('',#5621);
#192=PLANE('',#5622);
#193=PLANE('',#5671);
#194=PLANE('',#5678);
#195=PLANE('',#5708);
#196=PLANE('',#5711);
#197=PLANE('',#5740);
#198=PLANE('',#5743);
#199=PLANE('',#5745);
#200=PLANE('',#5746);
#201=PLANE('',#5747);
#202=PLANE('',#5749);
#203=PLANE('',#5752);
#204=PLANE('',#5754);
#205=PLANE('',#5756);
#206=PLANE('',#5759);
#207=PLANE('',#5787);
#208=PLANE('',#5792);
#209=PLANE('',#5805);
#210=PLANE('',#5809);
#211=PLANE('',#5813);
#212=PLANE('',#5817);
#213=PLANE('',#5821);
#214=PLANE('',#5825);
#215=PLANE('',#5826);
#216=PLANE('',#5836);
#217=PLANE('',#5839);
#218=PLANE('',#5842);
#219=PLANE('',#5845);
#220=PLANE('',#5848);
#221=PLANE('',#5853);
#222=PLANE('',#5886);
#223=PLANE('',#5891);
#224=PLANE('',#5898);
#225=PLANE('',#5905);
#226=PLANE('',#5910);
#227=PLANE('',#5967);
#228=PLANE('',#5969);
#229=PLANE('',#5974);
#230=PLANE('',#5981);
#231=PLANE('',#5987);
#232=PLANE('',#5989);
#233=PLANE('',#5991);
#234=PLANE('',#5992);
#235=PLANE('',#6006);
#236=PLANE('',#6012);
#237=PLANE('',#6013);
#238=PLANE('',#6020);
#239=PLANE('',#6021);
#240=PLANE('',#6022);
#241=PLANE('',#6023);
#242=LINE('',#7820,#645);
#243=LINE('',#7823,#646);
#244=LINE('',#7829,#647);
#245=LINE('',#7832,#648);
#246=LINE('',#7941,#649);
#247=LINE('',#7944,#650);
#248=LINE('',#7950,#651);
#249=LINE('',#7953,#652);
#250=LINE('',#8005,#653);
#251=LINE('',#8007,#654);
#252=LINE('',#8008,#655);
#253=LINE('',#8011,#656);
#254=LINE('',#8013,#657);
#255=LINE('',#8014,#658);
#256=LINE('',#8017,#659);
#257=LINE('',#8019,#660);
#258=LINE('',#8020,#661);
#259=LINE('',#8023,#662);
#260=LINE('',#8031,#663);
#261=LINE('',#8036,#664);
#262=LINE('',#8041,#665);
#263=LINE('',#8042,#666);
#264=LINE('',#8047,#667);
#265=LINE('',#8054,#668);
#266=LINE('',#8059,#669);
#267=LINE('',#8061,#670);
#268=LINE('',#8062,#671);
#269=LINE('',#8067,#672);
#270=LINE('',#8068,#673);
#271=LINE('',#8071,#674);
#272=LINE('',#8072,#675);
#273=LINE('',#8075,#676);
#274=LINE('',#8077,#677);
#275=LINE('',#8078,#678);
#276=LINE('',#8083,#679);
#277=LINE('',#8084,#680);
#278=LINE('',#8089,#681);
#279=LINE('',#8093,#682);
#280=LINE('',#8095,#683);
#281=LINE('',#8096,#684);
#282=LINE('',#8099,#685);
#283=LINE('',#8100,#686);
#284=LINE('',#8102,#687);
#285=LINE('',#8103,#688);
#286=LINE('',#8106,#689);
#287=LINE('',#8107,#690);
#288=LINE('',#8109,#691);
#289=LINE('',#8116,#692);
#290=LINE('',#8120,#693);
#291=LINE('',#8125,#694);
#292=LINE('',#8129,#695);
#293=LINE('',#8132,#696);
#294=LINE('',#8133,#697);
#295=LINE('',#8136,#698);
#296=LINE('',#8138,#699);
#297=LINE('',#8139,#700);
#298=LINE('',#8142,#701);
#299=LINE('',#8144,#702);
#300=LINE('',#8146,#703);
#301=LINE('',#8148,#704);
#302=LINE('',#8150,#705);
#303=LINE('',#8151,#706);
#304=LINE('',#8154,#707);
#305=LINE('',#8155,#708);
#306=LINE('',#8159,#709);
#307=LINE('',#8163,#710);
#308=LINE('',#8168,#711);
#309=LINE('',#8172,#712);
#310=LINE('',#8175,#713);
#311=LINE('',#8176,#714);
#312=LINE('',#8182,#715);
#313=LINE('',#8186,#716);
#314=LINE('',#8190,#717);
#315=LINE('',#8193,#718);
#316=LINE('',#8194,#719);
#317=LINE('',#8199,#720);
#318=LINE('',#8203,#721);
#319=LINE('',#8207,#722);
#320=LINE('',#8210,#723);
#321=LINE('',#8217,#724);
#322=LINE('',#8221,#725);
#323=LINE('',#8225,#726);
#324=LINE('',#8229,#727);
#325=LINE('',#8231,#728);
#326=LINE('',#8245,#729);
#327=LINE('',#8253,#730);
#328=LINE('',#8261,#731);
#329=LINE('',#8267,#732);
#330=LINE('',#8270,#733);
#331=LINE('',#8272,#734);
#332=LINE('',#8273,#735);
#333=LINE('',#8276,#736);
#334=LINE('',#8280,#737);
#335=LINE('',#8281,#738);
#336=LINE('',#8284,#739);
#337=LINE('',#8291,#740);
#338=LINE('',#8294,#741);
#339=LINE('',#8297,#742);
#340=LINE('',#8299,#743);
#341=LINE('',#8300,#744);
#342=LINE('',#8306,#745);
#343=LINE('',#8309,#746);
#344=LINE('',#8311,#747);
#345=LINE('',#8312,#748);
#346=LINE('',#8318,#749);
#347=LINE('',#8321,#750);
#348=LINE('',#8323,#751);
#349=LINE('',#8324,#752);
#350=LINE('',#8330,#753);
#351=LINE('',#8332,#754);
#352=LINE('',#8333,#755);
#353=LINE('',#8336,#756);
#354=LINE('',#8340,#757);
#355=LINE('',#8343,#758);
#356=LINE('',#8345,#759);
#357=LINE('',#8347,#760);
#358=LINE('',#8354,#761);
#359=LINE('',#8358,#762);
#360=LINE('',#8364,#763);
#361=LINE('',#8368,#764);
#362=LINE('',#8374,#765);
#363=LINE('',#8378,#766);
#364=LINE('',#8384,#767);
#365=LINE('',#8388,#768);
#366=LINE('',#8395,#769);
#367=LINE('',#8401,#770);
#368=LINE('',#8407,#771);
#369=LINE('',#8413,#772);
#370=LINE('',#8422,#773);
#371=LINE('',#8423,#774);
#372=LINE('',#8426,#775);
#373=LINE('',#8427,#776);
#374=LINE('',#8431,#777);
#375=LINE('',#8436,#778);
#376=LINE('',#8437,#779);
#377=LINE('',#8440,#780);
#378=LINE('',#8441,#781);
#379=LINE('',#8445,#782);
#380=LINE('',#8450,#783);
#381=LINE('',#8457,#784);
#382=LINE('',#8464,#785);
#383=LINE('',#8471,#786);
#384=LINE('',#8476,#787);
#385=LINE('',#8477,#788);
#386=LINE('',#8480,#789);
#387=LINE('',#8481,#790);
#388=LINE('',#8484,#791);
#389=LINE('',#8485,#792);
#390=LINE('',#8488,#793);
#391=LINE('',#8489,#794);
#392=LINE('',#8491,#795);
#393=LINE('',#8495,#796);
#394=LINE('',#8497,#797);
#395=LINE('',#8498,#798);
#396=LINE('',#8501,#799);
#397=LINE('',#8503,#800);
#398=LINE('',#8504,#801);
#399=LINE('',#8507,#802);
#400=LINE('',#8509,#803);
#401=LINE('',#8510,#804);
#402=LINE('',#8513,#805);
#403=LINE('',#8515,#806);
#404=LINE('',#8516,#807);
#405=LINE('',#8519,#808);
#406=LINE('',#8521,#809);
#407=LINE('',#8522,#810);
#408=LINE('',#8525,#811);
#409=LINE('',#8527,#812);
#410=LINE('',#8528,#813);
#411=LINE('',#8530,#814);
#412=LINE('',#8531,#815);
#413=LINE('',#8539,#816);
#414=LINE('',#8582,#817);
#415=LINE('',#8625,#818);
#416=LINE('',#8668,#819);
#417=LINE('',#8708,#820);
#418=LINE('',#8722,#821);
#419=LINE('',#8725,#822);
#420=LINE('',#8726,#823);
#421=LINE('',#8729,#824);
#422=LINE('',#8744,#825);
#423=LINE('',#8748,#826);
#424=LINE('',#8751,#827);
#425=LINE('',#8753,#828);
#426=LINE('',#8760,#829);
#427=LINE('',#8763,#830);
#428=LINE('',#8774,#831);
#429=LINE('',#8775,#832);
#430=LINE('',#8786,#833);
#431=LINE('',#8787,#834);
#432=LINE('',#8798,#835);
#433=LINE('',#8799,#836);
#434=LINE('',#8810,#837);
#435=LINE('',#8811,#838);
#436=LINE('',#8822,#839);
#437=LINE('',#8823,#840);
#438=LINE('',#8834,#841);
#439=LINE('',#8835,#842);
#440=LINE('',#8846,#843);
#441=LINE('',#8847,#844);
#442=LINE('',#8853,#845);
#443=LINE('',#8855,#846);
#444=LINE('',#8859,#847);
#445=LINE('',#8863,#848);
#446=LINE('',#8865,#849);
#447=LINE('',#8867,#850);
#448=LINE('',#8871,#851);
#449=LINE('',#8875,#852);
#450=LINE('',#8876,#853);
#451=LINE('',#8879,#854);
#452=LINE('',#8882,#855);
#453=LINE('',#8886,#856);
#454=LINE('',#8891,#857);
#455=LINE('',#8892,#858);
#456=LINE('',#8903,#859);
#457=LINE('',#8904,#860);
#458=LINE('',#8922,#861);
#459=LINE('',#8923,#862);
#460=LINE('',#8931,#863);
#461=LINE('',#8947,#864);
#462=LINE('',#8953,#865);
#463=LINE('',#8967,#866);
#464=LINE('',#8970,#867);
#465=LINE('',#8972,#868);
#466=LINE('',#8976,#869);
#467=LINE('',#8979,#870);
#468=LINE('',#8981,#871);
#469=LINE('',#8986,#872);
#470=LINE('',#8995,#873);
#471=LINE('',#9011,#874);
#472=LINE('',#9020,#875);
#473=LINE('',#9036,#876);
#474=LINE('',#9043,#877);
#475=LINE('',#9059,#878);
#476=LINE('',#9061,#879);
#477=LINE('',#9065,#880);
#478=LINE('',#9067,#881);
#479=LINE('',#9069,#882);
#480=LINE('',#9071,#883);
#481=LINE('',#9074,#884);
#482=LINE('',#9076,#885);
#483=LINE('',#9077,#886);
#484=LINE('',#9082,#887);
#485=LINE('',#9083,#888);
#486=LINE('',#9085,#889);
#487=LINE('',#9087,#890);
#488=LINE('',#9090,#891);
#489=LINE('',#9094,#892);
#490=LINE('',#9098,#893);
#491=LINE('',#9114,#894);
#492=LINE('',#9115,#895);
#493=LINE('',#9126,#896);
#494=LINE('',#9127,#897);
#495=LINE('',#9138,#898);
#496=LINE('',#9139,#899);
#497=LINE('',#9147,#900);
#498=LINE('',#9148,#901);
#499=LINE('',#9151,#902);
#500=LINE('',#9154,#903);
#501=LINE('',#9159,#904);
#502=LINE('',#9163,#905);
#503=LINE('',#9164,#906);
#504=LINE('',#9167,#907);
#505=LINE('',#9172,#908);
#506=LINE('',#9177,#909);
#507=LINE('',#9180,#910);
#508=LINE('',#9185,#911);
#509=LINE('',#9192,#912);
#510=LINE('',#9195,#913);
#511=LINE('',#9198,#914);
#512=LINE('',#9200,#915);
#513=LINE('',#9201,#916);
#514=LINE('',#9207,#917);
#515=LINE('',#9210,#918);
#516=LINE('',#9212,#919);
#517=LINE('',#9213,#920);
#518=LINE('',#9219,#921);
#519=LINE('',#9222,#922);
#520=LINE('',#9224,#923);
#521=LINE('',#9225,#924);
#522=LINE('',#9231,#925);
#523=LINE('',#9234,#926);
#524=LINE('',#9236,#927);
#525=LINE('',#9237,#928);
#526=LINE('',#9242,#929);
#527=LINE('',#9246,#930);
#528=LINE('',#9248,#931);
#529=LINE('',#9249,#932);
#530=LINE('',#9252,#933);
#531=LINE('',#9256,#934);
#532=LINE('',#9260,#935);
#533=LINE('',#9264,#936);
#534=LINE('',#9268,#937);
#535=LINE('',#9272,#938);
#536=LINE('',#9276,#939);
#537=LINE('',#9280,#940);
#538=LINE('',#9284,#941);
#539=LINE('',#9286,#942);
#540=LINE('',#9288,#943);
#541=LINE('',#9289,#944);
#542=LINE('',#9290,#945);
#543=LINE('',#9293,#946);
#544=LINE('',#9297,#947);
#545=LINE('',#9298,#948);
#546=LINE('',#9301,#949);
#547=LINE('',#9304,#950);
#548=LINE('',#9307,#951);
#549=LINE('',#9310,#952);
#550=LINE('',#9313,#953);
#551=LINE('',#9314,#954);
#552=LINE('',#9317,#955);
#553=LINE('',#9320,#956);
#554=LINE('',#9322,#957);
#555=LINE('',#9324,#958);
#556=LINE('',#9325,#959);
#557=LINE('',#9332,#960);
#558=LINE('',#9336,#961);
#559=LINE('',#9340,#962);
#560=LINE('',#9344,#963);
#561=LINE('',#9347,#964);
#562=LINE('',#9350,#965);
#563=LINE('',#9352,#966);
#564=LINE('',#9354,#967);
#565=LINE('',#9358,#968);
#566=LINE('',#9362,#969);
#567=LINE('',#9366,#970);
#568=LINE('',#9370,#971);
#569=LINE('',#9372,#972);
#570=LINE('',#9374,#973);
#571=LINE('',#9378,#974);
#572=LINE('',#9382,#975);
#573=LINE('',#9386,#976);
#574=LINE('',#9397,#977);
#575=LINE('',#9405,#978);
#576=LINE('',#9406,#979);
#577=LINE('',#9414,#980);
#578=LINE('',#9420,#981);
#579=LINE('',#9423,#982);
#580=LINE('',#9426,#983);
#581=LINE('',#9431,#984);
#582=LINE('',#9435,#985);
#583=LINE('',#9436,#986);
#584=LINE('',#9439,#987);
#585=LINE('',#9446,#988);
#586=LINE('',#9449,#989);
#587=LINE('',#9450,#990);
#588=LINE('',#9458,#991);
#589=LINE('',#9463,#992);
#590=LINE('',#9467,#993);
#591=LINE('',#9611,#994);
#592=LINE('',#9616,#995);
#593=LINE('',#9624,#996);
#594=LINE('',#9632,#997);
#595=LINE('',#9640,#998);
#596=LINE('',#9645,#999);
#597=LINE('',#9647,#1000);
#598=LINE('',#9648,#1001);
#599=LINE('',#9652,#1002);
#600=LINE('',#9660,#1003);
#601=LINE('',#9668,#1004);
#602=LINE('',#9676,#1005);
#603=LINE('',#9682,#1006);
#604=LINE('',#9685,#1007);
#605=LINE('',#9687,#1008);
#606=LINE('',#9688,#1009);
#607=LINE('',#9692,#1010);
#608=LINE('',#9695,#1011);
#609=LINE('',#9699,#1012);
#610=LINE('',#9722,#1013);
#611=LINE('',#9725,#1014);
#612=LINE('',#9738,#1015);
#613=LINE('',#9742,#1016);
#614=LINE('',#9746,#1017);
#615=LINE('',#9763,#1018);
#616=LINE('',#9778,#1019);
#617=LINE('',#9782,#1020);
#618=LINE('',#9785,#1021);
#619=LINE('',#9786,#1022);
#620=LINE('',#9791,#1023);
#621=LINE('',#9804,#1024);
#622=LINE('',#9811,#1025);
#623=LINE('',#9813,#1026);
#624=LINE('',#9826,#1027);
#625=LINE('',#9842,#1028);
#626=LINE('',#9845,#1029);
#627=LINE('',#9858,#1030);
#628=LINE('',#9874,#1031);
#629=LINE('',#9877,#1032);
#630=LINE('',#9879,#1033);
#631=LINE('',#9881,#1034);
#632=LINE('',#9884,#1035);
#633=LINE('',#9897,#1036);
#634=LINE('',#9909,#1037);
#635=LINE('',#9911,#1038);
#636=LINE('',#9913,#1039);
#637=LINE('',#9914,#1040);
#638=LINE('',#9921,#1041);
#639=LINE('',#9928,#1042);
#640=LINE('',#9931,#1043);
#641=LINE('',#9933,#1044);
#642=LINE('',#9934,#1045);
#643=LINE('',#9936,#1046);
#644=LINE('',#9937,#1047);
#645=VECTOR('',#6041,10.);
#646=VECTOR('',#6044,10.);
#647=VECTOR('',#6049,10.);
#648=VECTOR('',#6052,10.);
#649=VECTOR('',#6069,10.);
#650=VECTOR('',#6072,10.);
#651=VECTOR('',#6077,10.);
#652=VECTOR('',#6080,10.);
#653=VECTOR('',#6089,10.);
#654=VECTOR('',#6090,10.);
#655=VECTOR('',#6091,10.);
#656=VECTOR('',#6094,10.);
#657=VECTOR('',#6095,10.);
#658=VECTOR('',#6096,10.);
#659=VECTOR('',#6099,10.);
#660=VECTOR('',#6100,10.);
#661=VECTOR('',#6101,10.);
#662=VECTOR('',#6104,10.);
#663=VECTOR('',#6117,10.);
#664=VECTOR('',#6124,10.);
#665=VECTOR('',#6131,10.);
#666=VECTOR('',#6132,10.);
#667=VECTOR('',#6137,2.);
#668=VECTOR('',#6146,2.);
#669=VECTOR('',#6153,10.);
#670=VECTOR('',#6154,10.);
#671=VECTOR('',#6155,10.);
#672=VECTOR('',#6162,10.);
#673=VECTOR('',#6163,10.);
#674=VECTOR('',#6166,10.);
#675=VECTOR('',#6167,10.);
#676=VECTOR('',#6170,10.);
#677=VECTOR('',#6171,10.);
#678=VECTOR('',#6172,10.);
#679=VECTOR('',#6179,10.);
#680=VECTOR('',#6180,10.);
#681=VECTOR('',#6185,2.05);
#682=VECTOR('',#6190,10.);
#683=VECTOR('',#6191,10.);
#684=VECTOR('',#6192,10.);
#685=VECTOR('',#6195,10.);
#686=VECTOR('',#6196,10.);
#687=VECTOR('',#6199,10.);
#688=VECTOR('',#6200,10.);
#689=VECTOR('',#6203,10.);
#690=VECTOR('',#6204,10.);
#691=VECTOR('',#6207,10.);
#692=VECTOR('',#6216,10.);
#693=VECTOR('',#6219,10.);
#694=VECTOR('',#6224,10.);
#695=VECTOR('',#6227,10.);
#696=VECTOR('',#6232,10.);
#697=VECTOR('',#6233,10.);
#698=VECTOR('',#6236,10.);
#699=VECTOR('',#6237,10.);
#700=VECTOR('',#6238,10.);
#701=VECTOR('',#6241,10.);
#702=VECTOR('',#6242,10.);
#703=VECTOR('',#6243,10.);
#704=VECTOR('',#6244,10.);
#705=VECTOR('',#6245,10.);
#706=VECTOR('',#6246,10.);
#707=VECTOR('',#6249,10.);
#708=VECTOR('',#6250,10.);
#709=VECTOR('',#6253,10.);
#710=VECTOR('',#6256,10.);
#711=VECTOR('',#6261,10.);
#712=VECTOR('',#6264,10.);
#713=VECTOR('',#6269,10.);
#714=VECTOR('',#6270,10.);
#715=VECTOR('',#6275,10.);
#716=VECTOR('',#6278,10.);
#717=VECTOR('',#6281,10.);
#718=VECTOR('',#6284,10.);
#719=VECTOR('',#6285,10.);
#720=VECTOR('',#6288,10.);
#721=VECTOR('',#6291,10.);
#722=VECTOR('',#6294,10.);
#723=VECTOR('',#6297,10.);
#724=VECTOR('',#6302,10.);
#725=VECTOR('',#6305,10.);
#726=VECTOR('',#6308,10.);
#727=VECTOR('',#6311,10.);
#728=VECTOR('',#6314,10.);
#729=VECTOR('',#6331,10.);
#730=VECTOR('',#6342,10.);
#731=VECTOR('',#6353,10.);
#732=VECTOR('',#6362,10.);
#733=VECTOR('',#6365,10.);
#734=VECTOR('',#6366,10.);
#735=VECTOR('',#6367,10.);
#736=VECTOR('',#6370,10.);
#737=VECTOR('',#6375,10.);
#738=VECTOR('',#6376,10.);
#739=VECTOR('',#6379,10.);
#740=VECTOR('',#6386,10.);
#741=VECTOR('',#6389,10.);
#742=VECTOR('',#6392,10.);
#743=VECTOR('',#6393,10.);
#744=VECTOR('',#6394,10.);
#745=VECTOR('',#6399,10.);
#746=VECTOR('',#6402,10.);
#747=VECTOR('',#6405,10.);
#748=VECTOR('',#6406,10.);
#749=VECTOR('',#6411,10.);
#750=VECTOR('',#6414,10.);
#751=VECTOR('',#6417,10.);
#752=VECTOR('',#6418,10.);
#753=VECTOR('',#6425,10.);
#754=VECTOR('',#6428,10.);
#755=VECTOR('',#6429,10.);
#756=VECTOR('',#6432,10.);
#757=VECTOR('',#6435,10.);
#758=VECTOR('',#6440,10.);
#759=VECTOR('',#6443,10.);
#760=VECTOR('',#6446,10.);
#761=VECTOR('',#6455,1.75000000000001);
#762=VECTOR('',#6460,1.5);
#763=VECTOR('',#6467,1.75000000000001);
#764=VECTOR('',#6472,1.5);
#765=VECTOR('',#6479,1.74999999999999);
#766=VECTOR('',#6484,1.49999999999999);
#767=VECTOR('',#6491,1.74999999999999);
#768=VECTOR('',#6496,1.49999999999999);
#769=VECTOR('',#6507,1.99999999999999);
#770=VECTOR('',#6516,2.);
#771=VECTOR('',#6525,1.99999999999999);
#772=VECTOR('',#6534,2.);
#773=VECTOR('',#6547,10.);
#774=VECTOR('',#6548,10.);
#775=VECTOR('',#6551,10.);
#776=VECTOR('',#6552,10.);
#777=VECTOR('',#6557,10.);
#778=VECTOR('',#6562,10.);
#779=VECTOR('',#6563,10.);
#780=VECTOR('',#6566,10.);
#781=VECTOR('',#6567,10.);
#782=VECTOR('',#6572,10.);
#783=VECTOR('',#6577,2.);
#784=VECTOR('',#6586,2.);
#785=VECTOR('',#6595,2.);
#786=VECTOR('',#6604,2.);
#787=VECTOR('',#6611,10.);
#788=VECTOR('',#6612,10.);
#789=VECTOR('',#6615,10.);
#790=VECTOR('',#6616,10.);
#791=VECTOR('',#6619,10.);
#792=VECTOR('',#6620,10.);
#793=VECTOR('',#6623,10.);
#794=VECTOR('',#6624,10.);
#795=VECTOR('',#6627,10.);
#796=VECTOR('',#6632,10.);
#797=VECTOR('',#6633,10.);
#798=VECTOR('',#6634,10.);
#799=VECTOR('',#6637,10.);
#800=VECTOR('',#6638,10.);
#801=VECTOR('',#6639,10.);
#802=VECTOR('',#6642,10.);
#803=VECTOR('',#6643,10.);
#804=VECTOR('',#6644,10.);
#805=VECTOR('',#6647,10.);
#806=VECTOR('',#6648,10.);
#807=VECTOR('',#6649,10.);
#808=VECTOR('',#6652,10.);
#809=VECTOR('',#6653,10.);
#810=VECTOR('',#6654,10.);
#811=VECTOR('',#6657,10.);
#812=VECTOR('',#6658,10.);
#813=VECTOR('',#6659,10.);
#814=VECTOR('',#6662,10.);
#815=VECTOR('',#6663,10.);
#816=VECTOR('',#6674,10.);
#817=VECTOR('',#6683,10.);
#818=VECTOR('',#6692,10.);
#819=VECTOR('',#6701,10.);
#820=VECTOR('',#6706,10.);
#821=VECTOR('',#6707,10.);
#822=VECTOR('',#6710,10.);
#823=VECTOR('',#6711,10.);
#824=VECTOR('',#6714,10.);
#825=VECTOR('',#6717,10.);
#826=VECTOR('',#6720,10.);
#827=VECTOR('',#6725,10.);
#828=VECTOR('',#6728,10.);
#829=VECTOR('',#6735,10.);
#830=VECTOR('',#6738,10.);
#831=VECTOR('',#6751,10.);
#832=VECTOR('',#6752,10.);
#833=VECTOR('',#6765,10.);
#834=VECTOR('',#6766,10.);
#835=VECTOR('',#6779,10.);
#836=VECTOR('',#6780,10.);
#837=VECTOR('',#6793,10.);
#838=VECTOR('',#6794,10.);
#839=VECTOR('',#6807,10.);
#840=VECTOR('',#6808,10.);
#841=VECTOR('',#6821,10.);
#842=VECTOR('',#6822,10.);
#843=VECTOR('',#6835,10.);
#844=VECTOR('',#6836,10.);
#845=VECTOR('',#6845,10.);
#846=VECTOR('',#6846,10.);
#847=VECTOR('',#6849,10.);
#848=VECTOR('',#6852,10.);
#849=VECTOR('',#6853,10.);
#850=VECTOR('',#6854,10.);
#851=VECTOR('',#6857,10.);
#852=VECTOR('',#6860,10.);
#853=VECTOR('',#6861,10.);
#854=VECTOR('',#6864,10.);
#855=VECTOR('',#6869,10.);
#856=VECTOR('',#6874,10.);
#857=VECTOR('',#6879,10.);
#858=VECTOR('',#6880,10.);
#859=VECTOR('',#6893,10.);
#860=VECTOR('',#6894,10.);
#861=VECTOR('',#6905,10.);
#862=VECTOR('',#6906,10.);
#863=VECTOR('',#6917,10.);
#864=VECTOR('',#6926,10.);
#865=VECTOR('',#6935,10.);
#866=VECTOR('',#6938,10.);
#867=VECTOR('',#6941,10.);
#868=VECTOR('',#6942,10.);
#869=VECTOR('',#6945,10.);
#870=VECTOR('',#6948,10.);
#871=VECTOR('',#6951,10.);
#872=VECTOR('',#6956,10.);
#873=VECTOR('',#6969,10.);
#874=VECTOR('',#6978,10.);
#875=VECTOR('',#6991,10.);
#876=VECTOR('',#7000,10.);
#877=VECTOR('',#7009,10.);
#878=VECTOR('',#7014,10.);
#879=VECTOR('',#7017,10.);
#880=VECTOR('',#7022,10.);
#881=VECTOR('',#7025,10.);
#882=VECTOR('',#7028,10.);
#883=VECTOR('',#7031,10.);
#884=VECTOR('',#7036,10.);
#885=VECTOR('',#7039,10.);
#886=VECTOR('',#7040,10.);
#887=VECTOR('',#7047,10.);
#888=VECTOR('',#7048,10.);
#889=VECTOR('',#7051,10.);
#890=VECTOR('',#7054,10.);
#891=VECTOR('',#7059,10.);
#892=VECTOR('',#7064,2.05);
#893=VECTOR('',#7071,2.05);
#894=VECTOR('',#7090,10.);
#895=VECTOR('',#7091,10.);
#896=VECTOR('',#7104,10.);
#897=VECTOR('',#7105,10.);
#898=VECTOR('',#7118,10.);
#899=VECTOR('',#7119,10.);
#900=VECTOR('',#7130,10.);
#901=VECTOR('',#7131,10.);
#902=VECTOR('',#7134,10.);
#903=VECTOR('',#7137,10.);
#904=VECTOR('',#7142,10.);
#905=VECTOR('',#7147,10.);
#906=VECTOR('',#7148,10.);
#907=VECTOR('',#7151,10.);
#908=VECTOR('',#7158,10.);
#909=VECTOR('',#7165,10.);
#910=VECTOR('',#7168,10.);
#911=VECTOR('',#7177,10.);
#912=VECTOR('',#7184,10.);
#913=VECTOR('',#7187,10.);
#914=VECTOR('',#7190,10.);
#915=VECTOR('',#7191,10.);
#916=VECTOR('',#7192,10.);
#917=VECTOR('',#7197,10.);
#918=VECTOR('',#7200,10.);
#919=VECTOR('',#7203,10.);
#920=VECTOR('',#7204,10.);
#921=VECTOR('',#7209,10.);
#922=VECTOR('',#7212,10.);
#923=VECTOR('',#7215,10.);
#924=VECTOR('',#7216,10.);
#925=VECTOR('',#7221,10.);
#926=VECTOR('',#7224,10.);
#927=VECTOR('',#7227,10.);
#928=VECTOR('',#7228,10.);
#929=VECTOR('',#7233,10.);
#930=VECTOR('',#7238,10.);
#931=VECTOR('',#7239,10.);
#932=VECTOR('',#7240,10.);
#933=VECTOR('',#7243,10.);
#934=VECTOR('',#7246,10.);
#935=VECTOR('',#7249,10.);
#936=VECTOR('',#7252,10.);
#937=VECTOR('',#7255,10.);
#938=VECTOR('',#7258,10.);
#939=VECTOR('',#7261,10.);
#940=VECTOR('',#7266,10.);
#941=VECTOR('',#7271,10.);
#942=VECTOR('',#7272,10.);
#943=VECTOR('',#7273,10.);
#944=VECTOR('',#7274,10.);
#945=VECTOR('',#7275,10.);
#946=VECTOR('',#7278,10.);
#947=VECTOR('',#7283,10.);
#948=VECTOR('',#7284,10.);
#949=VECTOR('',#7287,10.);
#950=VECTOR('',#7292,10.);
#951=VECTOR('',#7295,10.);
#952=VECTOR('',#7298,10.);
#953=VECTOR('',#7301,10.);
#954=VECTOR('',#7302,10.);
#955=VECTOR('',#7305,10.);
#956=VECTOR('',#7308,10.);
#957=VECTOR('',#7311,10.);
#958=VECTOR('',#7312,10.);
#959=VECTOR('',#7313,10.);
#960=VECTOR('',#7324,10.);
#961=VECTOR('',#7327,10.);
#962=VECTOR('',#7330,10.);
#963=VECTOR('',#7333,10.);
#964=VECTOR('',#7336,10.);
#965=VECTOR('',#7337,10.);
#966=VECTOR('',#7338,10.);
#967=VECTOR('',#7339,10.);
#968=VECTOR('',#7342,10.);
#969=VECTOR('',#7345,10.);
#970=VECTOR('',#7348,10.);
#971=VECTOR('',#7351,10.);
#972=VECTOR('',#7352,10.);
#973=VECTOR('',#7353,10.);
#974=VECTOR('',#7356,10.);
#975=VECTOR('',#7359,10.);
#976=VECTOR('',#7362,10.);
#977=VECTOR('',#7377,10.);
#978=VECTOR('',#7388,10.);
#979=VECTOR('',#7389,10.);
#980=VECTOR('',#7400,10.);
#981=VECTOR('',#7409,10.);
#982=VECTOR('',#7412,10.);
#983=VECTOR('',#7415,10.);
#984=VECTOR('',#7420,10.);
#985=VECTOR('',#7425,10.);
#986=VECTOR('',#7426,10.);
#987=VECTOR('',#7429,10.);
#988=VECTOR('',#7440,10.);
#989=VECTOR('',#7443,10.);
#990=VECTOR('',#7444,10.);
#991=VECTOR('',#7457,10.);
#992=VECTOR('',#7464,2.05);
#993=VECTOR('',#7469,2.05000000000001);
#994=VECTOR('',#7498,10.);
#995=VECTOR('',#7505,10.);
#996=VECTOR('',#7516,10.);
#997=VECTOR('',#7527,10.);
#998=VECTOR('',#7538,10.);
#999=VECTOR('',#7545,10.);
#1000=VECTOR('',#7546,10.);
#1001=VECTOR('',#7547,10.);
#1002=VECTOR('',#7552,10.);
#1003=VECTOR('',#7563,10.);
#1004=VECTOR('',#7574,10.);
#1005=VECTOR('',#7585,10.);
#1006=VECTOR('',#7594,10.);
#1007=VECTOR('',#7597,10.);
#1008=VECTOR('',#7598,10.);
#1009=VECTOR('',#7599,10.);
#1010=VECTOR('',#7604,10.);
#1011=VECTOR('',#7607,10.);
#1012=VECTOR('',#7612,10.);
#1013=VECTOR('',#7615,10.);
#1014=VECTOR('',#7618,10.);
#1015=VECTOR('',#7621,10.);
#1016=VECTOR('',#7624,10.);
#1017=VECTOR('',#7627,10.);
#1018=VECTOR('',#7636,10.);
#1019=VECTOR('',#7641,10.);
#1020=VECTOR('',#7644,10.);
#1021=VECTOR('',#7647,10.);
#1022=VECTOR('',#7648,10.);
#1023=VECTOR('',#7653,10.);
#1024=VECTOR('',#7656,10.);
#1025=VECTOR('',#7669,3.);
#1026=VECTOR('',#7672,3.);
#1027=VECTOR('',#7675,10.);
#1028=VECTOR('',#7680,3.);
#1029=VECTOR('',#7685,10.);
#1030=VECTOR('',#7688,10.);
#1031=VECTOR('',#7693,3.);
#1032=VECTOR('',#7698,10.);
#1033=VECTOR('',#7701,10.);
#1034=VECTOR('',#7704,10.);
#1035=VECTOR('',#7707,10.);
#1036=VECTOR('',#7710,10.);
#1037=VECTOR('',#7713,10.);
#1038=VECTOR('',#7716,2.05);
#1039=VECTOR('',#7719,10.);
#1040=VECTOR('',#7720,10.);
#1041=VECTOR('',#7729,2.05);
#1042=VECTOR('',#7736,10.);
#1043=VECTOR('',#7739,10.);
#1044=VECTOR('',#7742,10.);
#1045=VECTOR('',#7743,10.);
#1046=VECTOR('',#7746,10.);
#1047=VECTOR('',#7747,10.);
#1048=CYLINDRICAL_SURFACE('',#5369,2.);
#1049=CYLINDRICAL_SURFACE('',#5371,2.);
#1050=CYLINDRICAL_SURFACE('',#5381,2.);
#1051=CYLINDRICAL_SURFACE('',#5383,2.);
#1052=CYLINDRICAL_SURFACE('',#5392,5.);
#1053=CYLINDRICAL_SURFACE('',#5394,5.);
#1054=CYLINDRICAL_SURFACE('',#5396,5.);
#1055=CYLINDRICAL_SURFACE('',#5398,5.);
#1056=CYLINDRICAL_SURFACE('',#5400,5.);
#1057=CYLINDRICAL_SURFACE('',#5402,5.);
#1058=CYLINDRICAL_SURFACE('',#5405,2.);
#1059=CYLINDRICAL_SURFACE('',#5409,2.);
#1060=CYLINDRICAL_SURFACE('',#5414,5.);
#1061=CYLINDRICAL_SURFACE('',#5419,5.);
#1062=CYLINDRICAL_SURFACE('',#5422,2.05);
#1063=CYLINDRICAL_SURFACE('',#5433,2.);
#1064=CYLINDRICAL_SURFACE('',#5436,2.);
#1065=CYLINDRICAL_SURFACE('',#5439,2.);
#1066=CYLINDRICAL_SURFACE('',#5443,2.);
#1067=CYLINDRICAL_SURFACE('',#5446,2.);
#1068=CYLINDRICAL_SURFACE('',#5449,2.);
#1069=CYLINDRICAL_SURFACE('',#5471,2.);
#1070=CYLINDRICAL_SURFACE('',#5476,2.);
#1071=CYLINDRICAL_SURFACE('',#5481,2.);
#1072=CYLINDRICAL_SURFACE('',#5486,2.);
#1073=CYLINDRICAL_SURFACE('',#5488,3.);
#1074=CYLINDRICAL_SURFACE('',#5491,3.);
#1075=CYLINDRICAL_SURFACE('',#5493,1.);
#1076=CYLINDRICAL_SURFACE('',#5497,1.);
#1077=CYLINDRICAL_SURFACE('',#5501,1.);
#1078=CYLINDRICAL_SURFACE('',#5505,1.);
#1079=CYLINDRICAL_SURFACE('',#5512,3.);
#1080=CYLINDRICAL_SURFACE('',#5514,3.);
#1081=CYLINDRICAL_SURFACE('',#5520,1.5);
#1082=CYLINDRICAL_SURFACE('',#5525,1.5);
#1083=CYLINDRICAL_SURFACE('',#5530,1.49999999999999);
#1084=CYLINDRICAL_SURFACE('',#5535,1.49999999999999);
#1085=CYLINDRICAL_SURFACE('',#5540,1.99999999999999);
#1086=CYLINDRICAL_SURFACE('',#5544,2.);
#1087=CYLINDRICAL_SURFACE('',#5548,1.99999999999999);
#1088=CYLINDRICAL_SURFACE('',#5552,2.);
#1089=CYLINDRICAL_SURFACE('',#5557,30.);
#1090=CYLINDRICAL_SURFACE('',#5560,30.);
#1091=CYLINDRICAL_SURFACE('',#5562,30.);
#1092=CYLINDRICAL_SURFACE('',#5565,30.);
#1093=CYLINDRICAL_SURFACE('',#5567,2.);
#1094=CYLINDRICAL_SURFACE('',#5571,2.);
#1095=CYLINDRICAL_SURFACE('',#5575,2.);
#1096=CYLINDRICAL_SURFACE('',#5579,2.);
#1097=CYLINDRICAL_SURFACE('',#5598,5.);
#1098=CYLINDRICAL_SURFACE('',#5603,5.);
#1099=CYLINDRICAL_SURFACE('',#5607,5.);
#1100=CYLINDRICAL_SURFACE('',#5611,5.);
#1101=CYLINDRICAL_SURFACE('',#5614,1.);
#1102=CYLINDRICAL_SURFACE('',#5616,1.);
#1103=CYLINDRICAL_SURFACE('',#5623,1.);
#1104=CYLINDRICAL_SURFACE('',#5630,1.);
#1105=CYLINDRICAL_SURFACE('',#5636,1.);
#1106=CYLINDRICAL_SURFACE('',#5642,1.);
#1107=CYLINDRICAL_SURFACE('',#5648,1.);
#1108=CYLINDRICAL_SURFACE('',#5654,1.);
#1109=CYLINDRICAL_SURFACE('',#5660,1.);
#1110=CYLINDRICAL_SURFACE('',#5666,1.);
#1111=CYLINDRICAL_SURFACE('',#5676,5.00000007450581);
#1112=CYLINDRICAL_SURFACE('',#5680,2.);
#1113=CYLINDRICAL_SURFACE('',#5681,1.);
#1114=CYLINDRICAL_SURFACE('',#5687,1.);
#1115=CYLINDRICAL_SURFACE('',#5692,1.);
#1116=CYLINDRICAL_SURFACE('',#5697,1.);
#1117=CYLINDRICAL_SURFACE('',#5701,1.);
#1118=CYLINDRICAL_SURFACE('',#5706,1.);
#1119=CYLINDRICAL_SURFACE('',#5707,1.);
#1120=CYLINDRICAL_SURFACE('',#5712,1.);
#1121=CYLINDRICAL_SURFACE('',#5718,1.);
#1122=CYLINDRICAL_SURFACE('',#5722,1.);
#1123=CYLINDRICAL_SURFACE('',#5728,1.);
#1124=CYLINDRICAL_SURFACE('',#5732,1.);
#1125=CYLINDRICAL_SURFACE('',#5737,1.);
#1126=CYLINDRICAL_SURFACE('',#5739,1.);
#1127=CYLINDRICAL_SURFACE('',#5742,2.);
#1128=CYLINDRICAL_SURFACE('',#5744,2.);
#1129=CYLINDRICAL_SURFACE('',#5748,2.);
#1130=CYLINDRICAL_SURFACE('',#5751,2.);
#1131=CYLINDRICAL_SURFACE('',#5753,2.);
#1132=CYLINDRICAL_SURFACE('',#5755,6.);
#1133=CYLINDRICAL_SURFACE('',#5757,2.05);
#1134=CYLINDRICAL_SURFACE('',#5760,2.05);
#1135=CYLINDRICAL_SURFACE('',#5761,5.00000007450581);
#1136=CYLINDRICAL_SURFACE('',#5768,2.);
#1137=CYLINDRICAL_SURFACE('',#5774,2.);
#1138=CYLINDRICAL_SURFACE('',#5780,2.);
#1139=CYLINDRICAL_SURFACE('',#5786,2.);
#1140=CYLINDRICAL_SURFACE('',#5790,1.);
#1141=CYLINDRICAL_SURFACE('',#5793,1.);
#1142=CYLINDRICAL_SURFACE('',#5795,1.);
#1143=CYLINDRICAL_SURFACE('',#5799,1.);
#1144=CYLINDRICAL_SURFACE('',#5804,4.99999999999999);
#1145=CYLINDRICAL_SURFACE('',#5806,0.5);
#1146=CYLINDRICAL_SURFACE('',#5810,0.5);
#1147=CYLINDRICAL_SURFACE('',#5814,0.5);
#1148=CYLINDRICAL_SURFACE('',#5818,0.5);
#1149=CYLINDRICAL_SURFACE('',#5822,1.);
#1150=CYLINDRICAL_SURFACE('',#5834,1.);
#1151=CYLINDRICAL_SURFACE('',#5837,1.);
#1152=CYLINDRICAL_SURFACE('',#5840,1.);
#1153=CYLINDRICAL_SURFACE('',#5843,1.);
#1154=CYLINDRICAL_SURFACE('',#5846,1.);
#1155=CYLINDRICAL_SURFACE('',#5849,1.);
#1156=CYLINDRICAL_SURFACE('',#5851,1.);
#1157=CYLINDRICAL_SURFACE('',#5870,2.);
#1158=CYLINDRICAL_SURFACE('',#5875,2.);
#1159=CYLINDRICAL_SURFACE('',#5880,2.);
#1160=CYLINDRICAL_SURFACE('',#5885,2.);
#1161=CYLINDRICAL_SURFACE('',#5889,1.);
#1162=CYLINDRICAL_SURFACE('',#5892,1.);
#1163=CYLINDRICAL_SURFACE('',#5897,1.);
#1164=CYLINDRICAL_SURFACE('',#5899,5.00000007450581);
#1165=CYLINDRICAL_SURFACE('',#5904,1.);
#1166=CYLINDRICAL_SURFACE('',#5907,2.05);
#1167=CYLINDRICAL_SURFACE('',#5908,2.05000000000001);
#1168=CYLINDRICAL_SURFACE('',#5923,3.);
#1169=CYLINDRICAL_SURFACE('',#5925,3.);
#1170=CYLINDRICAL_SURFACE('',#5930,3.);
#1171=CYLINDRICAL_SURFACE('',#5935,3.);
#1172=CYLINDRICAL_SURFACE('',#5940,3.);
#1173=CYLINDRICAL_SURFACE('',#5944,3.);
#1174=CYLINDRICAL_SURFACE('',#5945,3.);
#1175=CYLINDRICAL_SURFACE('',#5950,3.);
#1176=CYLINDRICAL_SURFACE('',#5955,3.);
#1177=CYLINDRICAL_SURFACE('',#5960,3.);
#1178=CYLINDRICAL_SURFACE('',#5965,3.);
#1179=CYLINDRICAL_SURFACE('',#5966,3.);
#1180=CYLINDRICAL_SURFACE('',#5971,1.);
#1181=CYLINDRICAL_SURFACE('',#5972,1.);
#1182=CYLINDRICAL_SURFACE('',#5973,1.);
#1183=CYLINDRICAL_SURFACE('',#5979,1.);
#1184=CYLINDRICAL_SURFACE('',#5980,1.);
#1185=CYLINDRICAL_SURFACE('',#5986,1.);
#1186=CYLINDRICAL_SURFACE('',#5993,3.);
#1187=CYLINDRICAL_SURFACE('',#5994,3.);
#1188=CYLINDRICAL_SURFACE('',#5995,1.);
#1189=CYLINDRICAL_SURFACE('',#5996,3.);
#1190=CYLINDRICAL_SURFACE('',#5999,1.);
#1191=CYLINDRICAL_SURFACE('',#6000,1.);
#1192=CYLINDRICAL_SURFACE('',#6001,3.);
#1193=CYLINDRICAL_SURFACE('',#6004,1.);
#1194=CYLINDRICAL_SURFACE('',#6005,3.);
#1195=CYLINDRICAL_SURFACE('',#6007,1.);
#1196=CYLINDRICAL_SURFACE('',#6008,3.);
#1197=CYLINDRICAL_SURFACE('',#6009,1.);
#1198=CYLINDRICAL_SURFACE('',#6010,2.05);
#1199=CYLINDRICAL_SURFACE('',#6011,5.);
#1200=CYLINDRICAL_SURFACE('',#6014,2.05);
#1201=CYLINDRICAL_SURFACE('',#6017,5.);
#1202=FACE_OUTER_BOUND('',#1529,.T.);
#1203=FACE_OUTER_BOUND('',#1530,.T.);
#1204=FACE_OUTER_BOUND('',#1531,.T.);
#1205=FACE_OUTER_BOUND('',#1532,.T.);
#1206=FACE_OUTER_BOUND('',#1533,.T.);
#1207=FACE_OUTER_BOUND('',#1534,.T.);
#1208=FACE_OUTER_BOUND('',#1535,.T.);
#1209=FACE_OUTER_BOUND('',#1536,.T.);
#1210=FACE_OUTER_BOUND('',#1537,.T.);
#1211=FACE_OUTER_BOUND('',#1538,.T.);
#1212=FACE_OUTER_BOUND('',#1539,.T.);
#1213=FACE_OUTER_BOUND('',#1540,.T.);
#1214=FACE_OUTER_BOUND('',#1541,.T.);
#1215=FACE_OUTER_BOUND('',#1542,.T.);
#1216=FACE_OUTER_BOUND('',#1543,.T.);
#1217=FACE_OUTER_BOUND('',#1544,.T.);
#1218=FACE_OUTER_BOUND('',#1545,.T.);
#1219=FACE_OUTER_BOUND('',#1546,.T.);
#1220=FACE_OUTER_BOUND('',#1547,.T.);
#1221=FACE_OUTER_BOUND('',#1548,.T.);
#1222=FACE_OUTER_BOUND('',#1549,.T.);
#1223=FACE_OUTER_BOUND('',#1550,.T.);
#1224=FACE_OUTER_BOUND('',#1551,.T.);
#1225=FACE_OUTER_BOUND('',#1552,.T.);
#1226=FACE_OUTER_BOUND('',#1553,.T.);
#1227=FACE_OUTER_BOUND('',#1555,.T.);
#1228=FACE_OUTER_BOUND('',#1557,.T.);
#1229=FACE_OUTER_BOUND('',#1558,.T.);
#1230=FACE_OUTER_BOUND('',#1559,.T.);
#1231=FACE_OUTER_BOUND('',#1560,.T.);
#1232=FACE_OUTER_BOUND('',#1561,.T.);
#1233=FACE_OUTER_BOUND('',#1562,.T.);
#1234=FACE_OUTER_BOUND('',#1563,.T.);
#1235=FACE_OUTER_BOUND('',#1564,.T.);
#1236=FACE_OUTER_BOUND('',#1565,.T.);
#1237=FACE_OUTER_BOUND('',#1566,.T.);
#1238=FACE_OUTER_BOUND('',#1568,.T.);
#1239=FACE_OUTER_BOUND('',#1570,.T.);
#1240=FACE_OUTER_BOUND('',#1571,.T.);
#1241=FACE_OUTER_BOUND('',#1572,.T.);
#1242=FACE_OUTER_BOUND('',#1573,.T.);
#1243=FACE_OUTER_BOUND('',#1574,.T.);
#1244=FACE_OUTER_BOUND('',#1575,.T.);
#1245=FACE_OUTER_BOUND('',#1576,.T.);
#1246=FACE_OUTER_BOUND('',#1577,.T.);
#1247=FACE_OUTER_BOUND('',#1578,.T.);
#1248=FACE_OUTER_BOUND('',#1579,.T.);
#1249=FACE_OUTER_BOUND('',#1588,.T.);
#1250=FACE_OUTER_BOUND('',#1589,.T.);
#1251=FACE_OUTER_BOUND('',#1590,.T.);
#1252=FACE_OUTER_BOUND('',#1591,.T.);
#1253=FACE_OUTER_BOUND('',#1592,.T.);
#1254=FACE_OUTER_BOUND('',#1593,.T.);
#1255=FACE_OUTER_BOUND('',#1594,.T.);
#1256=FACE_OUTER_BOUND('',#1595,.T.);
#1257=FACE_OUTER_BOUND('',#1596,.T.);
#1258=FACE_OUTER_BOUND('',#1597,.T.);
#1259=FACE_OUTER_BOUND('',#1598,.T.);
#1260=FACE_OUTER_BOUND('',#1599,.T.);
#1261=FACE_OUTER_BOUND('',#1600,.T.);
#1262=FACE_OUTER_BOUND('',#1601,.T.);
#1263=FACE_OUTER_BOUND('',#1602,.T.);
#1264=FACE_OUTER_BOUND('',#1603,.T.);
#1265=FACE_OUTER_BOUND('',#1604,.T.);
#1266=FACE_OUTER_BOUND('',#1605,.T.);
#1267=FACE_OUTER_BOUND('',#1606,.T.);
#1268=FACE_OUTER_BOUND('',#1607,.T.);
#1269=FACE_OUTER_BOUND('',#1608,.T.);
#1270=FACE_OUTER_BOUND('',#1610,.T.);
#1271=FACE_OUTER_BOUND('',#1611,.T.);
#1272=FACE_OUTER_BOUND('',#1612,.T.);
#1273=FACE_OUTER_BOUND('',#1613,.T.);
#1274=FACE_OUTER_BOUND('',#1614,.T.);
#1275=FACE_OUTER_BOUND('',#1615,.T.);
#1276=FACE_OUTER_BOUND('',#1616,.T.);
#1277=FACE_OUTER_BOUND('',#1617,.T.);
#1278=FACE_OUTER_BOUND('',#1618,.T.);
#1279=FACE_OUTER_BOUND('',#1619,.T.);
#1280=FACE_OUTER_BOUND('',#1620,.T.);
#1281=FACE_OUTER_BOUND('',#1621,.T.);
#1282=FACE_OUTER_BOUND('',#1622,.T.);
#1283=FACE_OUTER_BOUND('',#1623,.T.);
#1284=FACE_OUTER_BOUND('',#1624,.T.);
#1285=FACE_OUTER_BOUND('',#1625,.T.);
#1286=FACE_OUTER_BOUND('',#1626,.T.);
#1287=FACE_OUTER_BOUND('',#1627,.T.);
#1288=FACE_OUTER_BOUND('',#1628,.T.);
#1289=FACE_OUTER_BOUND('',#1629,.T.);
#1290=FACE_OUTER_BOUND('',#1630,.T.);
#1291=FACE_OUTER_BOUND('',#1631,.T.);
#1292=FACE_OUTER_BOUND('',#1632,.T.);
#1293=FACE_OUTER_BOUND('',#1633,.T.);
#1294=FACE_OUTER_BOUND('',#1634,.T.);
#1295=FACE_OUTER_BOUND('',#1635,.T.);
#1296=FACE_OUTER_BOUND('',#1636,.T.);
#1297=FACE_OUTER_BOUND('',#1637,.T.);
#1298=FACE_OUTER_BOUND('',#1638,.T.);
#1299=FACE_OUTER_BOUND('',#1639,.T.);
#1300=FACE_OUTER_BOUND('',#1640,.T.);
#1301=FACE_OUTER_BOUND('',#1641,.T.);
#1302=FACE_OUTER_BOUND('',#1642,.T.);
#1303=FACE_OUTER_BOUND('',#1643,.T.);
#1304=FACE_OUTER_BOUND('',#1644,.T.);
#1305=FACE_OUTER_BOUND('',#1645,.T.);
#1306=FACE_OUTER_BOUND('',#1646,.T.);
#1307=FACE_OUTER_BOUND('',#1647,.T.);
#1308=FACE_OUTER_BOUND('',#1648,.T.);
#1309=FACE_OUTER_BOUND('',#1649,.T.);
#1310=FACE_OUTER_BOUND('',#1650,.T.);
#1311=FACE_OUTER_BOUND('',#1651,.T.);
#1312=FACE_OUTER_BOUND('',#1652,.T.);
#1313=FACE_OUTER_BOUND('',#1653,.T.);
#1314=FACE_OUTER_BOUND('',#1654,.T.);
#1315=FACE_OUTER_BOUND('',#1657,.T.);
#1316=FACE_OUTER_BOUND('',#1658,.T.);
#1317=FACE_OUTER_BOUND('',#1659,.T.);
#1318=FACE_OUTER_BOUND('',#1660,.T.);
#1319=FACE_OUTER_BOUND('',#1661,.T.);
#1320=FACE_OUTER_BOUND('',#1662,.T.);
#1321=FACE_OUTER_BOUND('',#1663,.T.);
#1322=FACE_OUTER_BOUND('',#1664,.T.);
#1323=FACE_OUTER_BOUND('',#1665,.T.);
#1324=FACE_OUTER_BOUND('',#1668,.T.);
#1325=FACE_OUTER_BOUND('',#1669,.T.);
#1326=FACE_OUTER_BOUND('',#1670,.T.);
#1327=FACE_OUTER_BOUND('',#1671,.T.);
#1328=FACE_OUTER_BOUND('',#1672,.T.);
#1329=FACE_OUTER_BOUND('',#1673,.T.);
#1330=FACE_OUTER_BOUND('',#1674,.T.);
#1331=FACE_OUTER_BOUND('',#1675,.T.);
#1332=FACE_OUTER_BOUND('',#1676,.T.);
#1333=FACE_OUTER_BOUND('',#1677,.T.);
#1334=FACE_OUTER_BOUND('',#1678,.T.);
#1335=FACE_OUTER_BOUND('',#1679,.T.);
#1336=FACE_OUTER_BOUND('',#1680,.T.);
#1337=FACE_OUTER_BOUND('',#1681,.T.);
#1338=FACE_OUTER_BOUND('',#1682,.T.);
#1339=FACE_OUTER_BOUND('',#1683,.T.);
#1340=FACE_OUTER_BOUND('',#1684,.T.);
#1341=FACE_OUTER_BOUND('',#1685,.T.);
#1342=FACE_OUTER_BOUND('',#1686,.T.);
#1343=FACE_OUTER_BOUND('',#1687,.T.);
#1344=FACE_OUTER_BOUND('',#1688,.T.);
#1345=FACE_OUTER_BOUND('',#1689,.T.);
#1346=FACE_OUTER_BOUND('',#1690,.T.);
#1347=FACE_OUTER_BOUND('',#1691,.T.);
#1348=FACE_OUTER_BOUND('',#1692,.T.);
#1349=FACE_OUTER_BOUND('',#1693,.T.);
#1350=FACE_OUTER_BOUND('',#1694,.T.);
#1351=FACE_OUTER_BOUND('',#1695,.T.);
#1352=FACE_OUTER_BOUND('',#1696,.T.);
#1353=FACE_OUTER_BOUND('',#1697,.T.);
#1354=FACE_OUTER_BOUND('',#1698,.T.);
#1355=FACE_OUTER_BOUND('',#1699,.T.);
#1356=FACE_OUTER_BOUND('',#1700,.T.);
#1357=FACE_OUTER_BOUND('',#1701,.T.);
#1358=FACE_OUTER_BOUND('',#1703,.T.);
#1359=FACE_OUTER_BOUND('',#1704,.T.);
#1360=FACE_OUTER_BOUND('',#1705,.T.);
#1361=FACE_OUTER_BOUND('',#1706,.T.);
#1362=FACE_OUTER_BOUND('',#1707,.T.);
#1363=FACE_OUTER_BOUND('',#1708,.T.);
#1364=FACE_OUTER_BOUND('',#1709,.T.);
#1365=FACE_OUTER_BOUND('',#1710,.T.);
#1366=FACE_OUTER_BOUND('',#1711,.T.);
#1367=FACE_OUTER_BOUND('',#1712,.T.);
#1368=FACE_OUTER_BOUND('',#1713,.T.);
#1369=FACE_OUTER_BOUND('',#1714,.T.);
#1370=FACE_OUTER_BOUND('',#1715,.T.);
#1371=FACE_OUTER_BOUND('',#1716,.T.);
#1372=FACE_OUTER_BOUND('',#1717,.T.);
#1373=FACE_OUTER_BOUND('',#1718,.T.);
#1374=FACE_OUTER_BOUND('',#1719,.T.);
#1375=FACE_OUTER_BOUND('',#1720,.T.);
#1376=FACE_OUTER_BOUND('',#1721,.T.);
#1377=FACE_OUTER_BOUND('',#1722,.T.);
#1378=FACE_OUTER_BOUND('',#1723,.T.);
#1379=FACE_OUTER_BOUND('',#1724,.T.);
#1380=FACE_OUTER_BOUND('',#1725,.T.);
#1381=FACE_OUTER_BOUND('',#1726,.T.);
#1382=FACE_OUTER_BOUND('',#1727,.T.);
#1383=FACE_OUTER_BOUND('',#1728,.T.);
#1384=FACE_OUTER_BOUND('',#1729,.T.);
#1385=FACE_OUTER_BOUND('',#1730,.T.);
#1386=FACE_OUTER_BOUND('',#1732,.T.);
#1387=FACE_OUTER_BOUND('',#1733,.T.);
#1388=FACE_OUTER_BOUND('',#1734,.T.);
#1389=FACE_OUTER_BOUND('',#1735,.T.);
#1390=FACE_OUTER_BOUND('',#1736,.T.);
#1391=FACE_OUTER_BOUND('',#1737,.T.);
#1392=FACE_OUTER_BOUND('',#1738,.T.);
#1393=FACE_OUTER_BOUND('',#1739,.T.);
#1394=FACE_OUTER_BOUND('',#1741,.T.);
#1395=FACE_OUTER_BOUND('',#1742,.T.);
#1396=FACE_OUTER_BOUND('',#1743,.T.);
#1397=FACE_OUTER_BOUND('',#1744,.T.);
#1398=FACE_OUTER_BOUND('',#1745,.T.);
#1399=FACE_OUTER_BOUND('',#1746,.T.);
#1400=FACE_OUTER_BOUND('',#1747,.T.);
#1401=FACE_OUTER_BOUND('',#1748,.T.);
#1402=FACE_OUTER_BOUND('',#1750,.T.);
#1403=FACE_OUTER_BOUND('',#1751,.T.);
#1404=FACE_OUTER_BOUND('',#1752,.T.);
#1405=FACE_OUTER_BOUND('',#1753,.T.);
#1406=FACE_OUTER_BOUND('',#1754,.T.);
#1407=FACE_OUTER_BOUND('',#1755,.T.);
#1408=FACE_OUTER_BOUND('',#1756,.T.);
#1409=FACE_OUTER_BOUND('',#1757,.T.);
#1410=FACE_OUTER_BOUND('',#1758,.T.);
#1411=FACE_OUTER_BOUND('',#1759,.T.);
#1412=FACE_OUTER_BOUND('',#1760,.T.);
#1413=FACE_OUTER_BOUND('',#1762,.T.);
#1414=FACE_OUTER_BOUND('',#1763,.T.);
#1415=FACE_OUTER_BOUND('',#1764,.T.);
#1416=FACE_OUTER_BOUND('',#1765,.T.);
#1417=FACE_OUTER_BOUND('',#1766,.T.);
#1418=FACE_OUTER_BOUND('',#1767,.T.);
#1419=FACE_OUTER_BOUND('',#1768,.T.);
#1420=FACE_OUTER_BOUND('',#1769,.T.);
#1421=FACE_OUTER_BOUND('',#1770,.T.);
#1422=FACE_OUTER_BOUND('',#1771,.T.);
#1423=FACE_OUTER_BOUND('',#1772,.T.);
#1424=FACE_OUTER_BOUND('',#1773,.T.);
#1425=FACE_OUTER_BOUND('',#1774,.T.);
#1426=FACE_OUTER_BOUND('',#1775,.T.);
#1427=FACE_OUTER_BOUND('',#1776,.T.);
#1428=FACE_OUTER_BOUND('',#1777,.T.);
#1429=FACE_OUTER_BOUND('',#1778,.T.);
#1430=FACE_OUTER_BOUND('',#1779,.T.);
#1431=FACE_OUTER_BOUND('',#1780,.T.);
#1432=FACE_OUTER_BOUND('',#1781,.T.);
#1433=FACE_OUTER_BOUND('',#1782,.T.);
#1434=FACE_OUTER_BOUND('',#1783,.T.);
#1435=FACE_OUTER_BOUND('',#1784,.T.);
#1436=FACE_OUTER_BOUND('',#1785,.T.);
#1437=FACE_OUTER_BOUND('',#1786,.T.);
#1438=FACE_OUTER_BOUND('',#1787,.T.);
#1439=FACE_OUTER_BOUND('',#1788,.T.);
#1440=FACE_OUTER_BOUND('',#1789,.T.);
#1441=FACE_OUTER_BOUND('',#1790,.T.);
#1442=FACE_OUTER_BOUND('',#1791,.T.);
#1443=FACE_OUTER_BOUND('',#1792,.T.);
#1444=FACE_OUTER_BOUND('',#1793,.T.);
#1445=FACE_OUTER_BOUND('',#1794,.T.);
#1446=FACE_OUTER_BOUND('',#1796,.T.);
#1447=FACE_OUTER_BOUND('',#1797,.T.);
#1448=FACE_OUTER_BOUND('',#1798,.T.);
#1449=FACE_OUTER_BOUND('',#1799,.T.);
#1450=FACE_OUTER_BOUND('',#1800,.T.);
#1451=FACE_OUTER_BOUND('',#1801,.T.);
#1452=FACE_OUTER_BOUND('',#1802,.T.);
#1453=FACE_OUTER_BOUND('',#1803,.T.);
#1454=FACE_OUTER_BOUND('',#1804,.T.);
#1455=FACE_OUTER_BOUND('',#1806,.T.);
#1456=FACE_OUTER_BOUND('',#1807,.T.);
#1457=FACE_OUTER_BOUND('',#1808,.T.);
#1458=FACE_OUTER_BOUND('',#1809,.T.);
#1459=FACE_OUTER_BOUND('',#1810,.T.);
#1460=FACE_OUTER_BOUND('',#1811,.T.);
#1461=FACE_OUTER_BOUND('',#1812,.T.);
#1462=FACE_OUTER_BOUND('',#1813,.T.);
#1463=FACE_OUTER_BOUND('',#1814,.T.);
#1464=FACE_OUTER_BOUND('',#1815,.T.);
#1465=FACE_OUTER_BOUND('',#1817,.T.);
#1466=FACE_OUTER_BOUND('',#1818,.T.);
#1467=FACE_OUTER_BOUND('',#1819,.T.);
#1468=FACE_OUTER_BOUND('',#1821,.T.);
#1469=FACE_OUTER_BOUND('',#1822,.T.);
#1470=FACE_OUTER_BOUND('',#1823,.T.);
#1471=FACE_OUTER_BOUND('',#1824,.T.);
#1472=FACE_OUTER_BOUND('',#1825,.T.);
#1473=FACE_OUTER_BOUND('',#1826,.T.);
#1474=FACE_OUTER_BOUND('',#1827,.T.);
#1475=FACE_OUTER_BOUND('',#1828,.T.);
#1476=FACE_OUTER_BOUND('',#1829,.T.);
#1477=FACE_OUTER_BOUND('',#1830,.T.);
#1478=FACE_OUTER_BOUND('',#1831,.T.);
#1479=FACE_OUTER_BOUND('',#1832,.T.);
#1480=FACE_OUTER_BOUND('',#1833,.T.);
#1481=FACE_OUTER_BOUND('',#1834,.T.);
#1482=FACE_OUTER_BOUND('',#1835,.T.);
#1483=FACE_OUTER_BOUND('',#1836,.T.);
#1484=FACE_OUTER_BOUND('',#1837,.T.);
#1485=FACE_OUTER_BOUND('',#1838,.T.);
#1486=FACE_OUTER_BOUND('',#1839,.T.);
#1487=FACE_OUTER_BOUND('',#1840,.T.);
#1488=FACE_OUTER_BOUND('',#1841,.T.);
#1489=FACE_OUTER_BOUND('',#1842,.T.);
#1490=FACE_OUTER_BOUND('',#1843,.T.);
#1491=FACE_OUTER_BOUND('',#1844,.T.);
#1492=FACE_OUTER_BOUND('',#1845,.T.);
#1493=FACE_OUTER_BOUND('',#1846,.T.);
#1494=FACE_OUTER_BOUND('',#1847,.T.);
#1495=FACE_OUTER_BOUND('',#1848,.T.);
#1496=FACE_OUTER_BOUND('',#1849,.T.);
#1497=FACE_OUTER_BOUND('',#1850,.T.);
#1498=FACE_OUTER_BOUND('',#1852,.T.);
#1499=FACE_OUTER_BOUND('',#1853,.T.);
#1500=FACE_OUTER_BOUND('',#1854,.T.);
#1501=FACE_OUTER_BOUND('',#1856,.T.);
#1502=FACE_OUTER_BOUND('',#1857,.T.);
#1503=FACE_OUTER_BOUND('',#1858,.T.);
#1504=FACE_OUTER_BOUND('',#1859,.T.);
#1505=FACE_OUTER_BOUND('',#1860,.T.);
#1506=FACE_OUTER_BOUND('',#1861,.T.);
#1507=FACE_OUTER_BOUND('',#1862,.T.);
#1508=FACE_OUTER_BOUND('',#1863,.T.);
#1509=FACE_OUTER_BOUND('',#1864,.T.);
#1510=FACE_OUTER_BOUND('',#1865,.T.);
#1511=FACE_OUTER_BOUND('',#1866,.T.);
#1512=FACE_OUTER_BOUND('',#1867,.T.);
#1513=FACE_OUTER_BOUND('',#1868,.T.);
#1514=FACE_OUTER_BOUND('',#1869,.T.);
#1515=FACE_OUTER_BOUND('',#1870,.T.);
#1516=FACE_OUTER_BOUND('',#1871,.T.);
#1517=FACE_OUTER_BOUND('',#1872,.T.);
#1518=FACE_OUTER_BOUND('',#1873,.T.);
#1519=FACE_OUTER_BOUND('',#1874,.T.);
#1520=FACE_OUTER_BOUND('',#1875,.T.);
#1521=FACE_OUTER_BOUND('',#1876,.T.);
#1522=FACE_OUTER_BOUND('',#1877,.T.);
#1523=FACE_OUTER_BOUND('',#1878,.T.);
#1524=FACE_OUTER_BOUND('',#1879,.T.);
#1525=FACE_OUTER_BOUND('',#1880,.T.);
#1526=FACE_OUTER_BOUND('',#1881,.T.);
#1527=FACE_OUTER_BOUND('',#1882,.T.);
#1528=FACE_OUTER_BOUND('',#1884,.T.);
#1529=EDGE_LOOP('',(#3457,#3458,#3459,#3460));
#1530=EDGE_LOOP('',(#3461,#3462,#3463,#3464));
#1531=EDGE_LOOP('',(#3465,#3466,#3467,#3468));
#1532=EDGE_LOOP('',(#3469,#3470,#3471,#3472));
#1533=EDGE_LOOP('',(#3473,#3474,#3475,#3476));
#1534=EDGE_LOOP('',(#3477,#3478,#3479,#3480));
#1535=EDGE_LOOP('',(#3481,#3482,#3483,#3484));
#1536=EDGE_LOOP('',(#3485,#3486,#3487,#3488));
#1537=EDGE_LOOP('',(#3489,#3490,#3491,#3492));
#1538=EDGE_LOOP('',(#3493,#3494,#3495,#3496));
#1539=EDGE_LOOP('',(#3497,#3498,#3499,#3500));
#1540=EDGE_LOOP('',(#3501,#3502,#3503));
#1541=EDGE_LOOP('',(#3504,#3505,#3506));
#1542=EDGE_LOOP('',(#3507,#3508,#3509));
#1543=EDGE_LOOP('',(#3510,#3511,#3512,#3513,#3514));
#1544=EDGE_LOOP('',(#3515,#3516,#3517));
#1545=EDGE_LOOP('',(#3518,#3519,#3520));
#1546=EDGE_LOOP('',(#3521,#3522,#3523,#3524));
#1547=EDGE_LOOP('',(#3525,#3526,#3527,#3528));
#1548=EDGE_LOOP('',(#3529));
#1549=EDGE_LOOP('',(#3530,#3531,#3532,#3533));
#1550=EDGE_LOOP('',(#3534));
#1551=EDGE_LOOP('',(#3535,#3536,#3537,#3538));
#1552=EDGE_LOOP('',(#3539,#3540,#3541,#3542,#3543));
#1553=EDGE_LOOP('',(#3544,#3545,#3546,#3547,#3548));
#1554=EDGE_LOOP('',(#3549));
#1555=EDGE_LOOP('',(#3550,#3551,#3552,#3553,#3554));
#1556=EDGE_LOOP('',(#3555));
#1557=EDGE_LOOP('',(#3556,#3557,#3558,#3559));
#1558=EDGE_LOOP('',(#3560,#3561,#3562));
#1559=EDGE_LOOP('',(#3563,#3564,#3565,#3566));
#1560=EDGE_LOOP('',(#3567,#3568,#3569,#3570));
#1561=EDGE_LOOP('',(#3571,#3572,#3573,#3574,#3575,#3576,#3577));
#1562=EDGE_LOOP('',(#3578,#3579,#3580,#3581,#3582,#3583,#3584));
#1563=EDGE_LOOP('',(#3585,#3586,#3587,#3588,#3589,#3590,#3591));
#1564=EDGE_LOOP('',(#3592,#3593,#3594,#3595,#3596,#3597,#3598));
#1565=EDGE_LOOP('',(#3599,#3600,#3601,#3602));
#1566=EDGE_LOOP('',(#3603,#3604,#3605,#3606,#3607,#3608,#3609));
#1567=EDGE_LOOP('',(#3610));
#1568=EDGE_LOOP('',(#3611,#3612,#3613,#3614,#3615,#3616,#3617));
#1569=EDGE_LOOP('',(#3618));
#1570=EDGE_LOOP('',(#3619,#3620,#3621,#3622));
#1571=EDGE_LOOP('',(#3623,#3624,#3625,#3626));
#1572=EDGE_LOOP('',(#3627,#3628,#3629,#3630));
#1573=EDGE_LOOP('',(#3631,#3632,#3633,#3634));
#1574=EDGE_LOOP('',(#3635,#3636,#3637,#3638,#3639,#3640,#3641,#3642));
#1575=EDGE_LOOP('',(#3643,#3644,#3645,#3646));
#1576=EDGE_LOOP('',(#3647,#3648,#3649,#3650));
#1577=EDGE_LOOP('',(#3651,#3652,#3653,#3654));
#1578=EDGE_LOOP('',(#3655,#3656,#3657,#3658));
#1579=EDGE_LOOP('',(#3659,#3660,#3661,#3662,#3663,#3664,#3665,#3666));
#1580=EDGE_LOOP('',(#3667,#3668,#3669,#3670));
#1581=EDGE_LOOP('',(#3671,#3672,#3673,#3674,#3675,#3676,#3677,#3678));
#1582=EDGE_LOOP('',(#3679));
#1583=EDGE_LOOP('',(#3680));
#1584=EDGE_LOOP('',(#3681,#3682,#3683,#3684,#3685,#3686,#3687,#3688));
#1585=EDGE_LOOP('',(#3689,#3690,#3691,#3692));
#1586=EDGE_LOOP('',(#3693));
#1587=EDGE_LOOP('',(#3694));
#1588=EDGE_LOOP('',(#3695,#3696,#3697,#3698));
#1589=EDGE_LOOP('',(#3699,#3700,#3701,#3702));
#1590=EDGE_LOOP('',(#3703,#3704,#3705,#3706));
#1591=EDGE_LOOP('',(#3707,#3708,#3709,#3710));
#1592=EDGE_LOOP('',(#3711,#3712,#3713,#3714));
#1593=EDGE_LOOP('',(#3715,#3716,#3717,#3718));
#1594=EDGE_LOOP('',(#3719,#3720,#3721,#3722));
#1595=EDGE_LOOP('',(#3723,#3724,#3725,#3726));
#1596=EDGE_LOOP('',(#3727,#3728,#3729,#3730));
#1597=EDGE_LOOP('',(#3731,#3732,#3733,#3734));
#1598=EDGE_LOOP('',(#3735,#3736,#3737,#3738));
#1599=EDGE_LOOP('',(#3739,#3740,#3741,#3742));
#1600=EDGE_LOOP('',(#3743,#3744,#3745,#3746));
#1601=EDGE_LOOP('',(#3747,#3748,#3749,#3750));
#1602=EDGE_LOOP('',(#3751,#3752,#3753,#3754));
#1603=EDGE_LOOP('',(#3755,#3756,#3757,#3758));
#1604=EDGE_LOOP('',(#3759,#3760,#3761,#3762));
#1605=EDGE_LOOP('',(#3763,#3764,#3765,#3766));
#1606=EDGE_LOOP('',(#3767,#3768,#3769,#3770));
#1607=EDGE_LOOP('',(#3771,#3772,#3773,#3774));
#1608=EDGE_LOOP('',(#3775,#3776,#3777,#3778,#3779,#3780,#3781,#3782));
#1609=EDGE_LOOP('',(#3783,#3784,#3785,#3786,#3787,#3788,#3789,#3790));
#1610=EDGE_LOOP('',(#3791,#3792,#3793,#3794));
#1611=EDGE_LOOP('',(#3795,#3796,#3797,#3798));
#1612=EDGE_LOOP('',(#3799,#3800,#3801,#3802));
#1613=EDGE_LOOP('',(#3803,#3804,#3805,#3806));
#1614=EDGE_LOOP('',(#3807,#3808,#3809,#3810,#3811,#3812,#3813,#3814));
#1615=EDGE_LOOP('',(#3815,#3816,#3817,#3818));
#1616=EDGE_LOOP('',(#3819,#3820,#3821,#3822));
#1617=EDGE_LOOP('',(#3823,#3824,#3825,#3826));
#1618=EDGE_LOOP('',(#3827,#3828,#3829,#3830));
#1619=EDGE_LOOP('',(#3831,#3832,#3833,#3834));
#1620=EDGE_LOOP('',(#3835,#3836,#3837,#3838));
#1621=EDGE_LOOP('',(#3839,#3840,#3841,#3842));
#1622=EDGE_LOOP('',(#3843,#3844,#3845,#3846));
#1623=EDGE_LOOP('',(#3847,#3848,#3849,#3850));
#1624=EDGE_LOOP('',(#3851,#3852,#3853,#3854));
#1625=EDGE_LOOP('',(#3855,#3856,#3857,#3858));
#1626=EDGE_LOOP('',(#3859,#3860,#3861,#3862));
#1627=EDGE_LOOP('',(#3863,#3864,#3865,#3866));
#1628=EDGE_LOOP('',(#3867,#3868,#3869,#3870));
#1629=EDGE_LOOP('',(#3871,#3872,#3873,#3874));
#1630=EDGE_LOOP('',(#3875,#3876,#3877,#3878));
#1631=EDGE_LOOP('',(#3879));
#1632=EDGE_LOOP('',(#3880));
#1633=EDGE_LOOP('',(#3881));
#1634=EDGE_LOOP('',(#3882));
#1635=EDGE_LOOP('',(#3883,#3884,#3885,#3886));
#1636=EDGE_LOOP('',(#3887,#3888,#3889,#3890));
#1637=EDGE_LOOP('',(#3891,#3892,#3893,#3894));
#1638=EDGE_LOOP('',(#3895,#3896,#3897,#3898));
#1639=EDGE_LOOP('',(#3899,#3900,#3901,#3902));
#1640=EDGE_LOOP('',(#3903,#3904,#3905,#3906));
#1641=EDGE_LOOP('',(#3907,#3908,#3909,#3910));
#1642=EDGE_LOOP('',(#3911));
#1643=EDGE_LOOP('',(#3912,#3913,#3914,#3915));
#1644=EDGE_LOOP('',(#3916));
#1645=EDGE_LOOP('',(#3917,#3918,#3919,#3920));
#1646=EDGE_LOOP('',(#3921));
#1647=EDGE_LOOP('',(#3922,#3923,#3924,#3925));
#1648=EDGE_LOOP('',(#3926));
#1649=EDGE_LOOP('',(#3927,#3928,#3929,#3930));
#1650=EDGE_LOOP('',(#3931,#3932,#3933,#3934));
#1651=EDGE_LOOP('',(#3935,#3936,#3937,#3938));
#1652=EDGE_LOOP('',(#3939,#3940,#3941,#3942));
#1653=EDGE_LOOP('',(#3943,#3944,#3945,#3946));
#1654=EDGE_LOOP('',(#3947,#3948,#3949,#3950,#3951,#3952,#3953,#3954,#3955,
#3956));
#1655=EDGE_LOOP('',(#3957));
#1656=EDGE_LOOP('',(#3958));
#1657=EDGE_LOOP('',(#3959,#3960,#3961,#3962));
#1658=EDGE_LOOP('',(#3963,#3964,#3965,#3966));
#1659=EDGE_LOOP('',(#3967,#3968,#3969,#3970));
#1660=EDGE_LOOP('',(#3971,#3972,#3973,#3974));
#1661=EDGE_LOOP('',(#3975,#3976,#3977,#3978));
#1662=EDGE_LOOP('',(#3979,#3980,#3981,#3982));
#1663=EDGE_LOOP('',(#3983,#3984,#3985,#3986));
#1664=EDGE_LOOP('',(#3987,#3988,#3989,#3990,#3991,#3992,#3993,#3994));
#1665=EDGE_LOOP('',(#3995,#3996,#3997,#3998,#3999,#4000,#4001,#4002,#4003,
#4004));
#1666=EDGE_LOOP('',(#4005));
#1667=EDGE_LOOP('',(#4006));
#1668=EDGE_LOOP('',(#4007,#4008,#4009,#4010));
#1669=EDGE_LOOP('',(#4011,#4012,#4013,#4014));
#1670=EDGE_LOOP('',(#4015,#4016,#4017,#4018));
#1671=EDGE_LOOP('',(#4019,#4020,#4021,#4022));
#1672=EDGE_LOOP('',(#4023,#4024,#4025,#4026));
#1673=EDGE_LOOP('',(#4027,#4028,#4029,#4030));
#1674=EDGE_LOOP('',(#4031,#4032,#4033,#4034));
#1675=EDGE_LOOP('',(#4035,#4036,#4037,#4038));
#1676=EDGE_LOOP('',(#4039,#4040,#4041,#4042));
#1677=EDGE_LOOP('',(#4043,#4044,#4045,#4046));
#1678=EDGE_LOOP('',(#4047,#4048,#4049,#4050));
#1679=EDGE_LOOP('',(#4051,#4052,#4053,#4054,#4055,#4056));
#1680=EDGE_LOOP('',(#4057,#4058,#4059,#4060));
#1681=EDGE_LOOP('',(#4061,#4062,#4063,#4064));
#1682=EDGE_LOOP('',(#4065,#4066,#4067,#4068,#4069,#4070,#4071,#4072));
#1683=EDGE_LOOP('',(#4073,#4074,#4075,#4076));
#1684=EDGE_LOOP('',(#4077,#4078,#4079,#4080));
#1685=EDGE_LOOP('',(#4081,#4082,#4083,#4084));
#1686=EDGE_LOOP('',(#4085,#4086,#4087,#4088));
#1687=EDGE_LOOP('',(#4089,#4090,#4091,#4092));
#1688=EDGE_LOOP('',(#4093,#4094,#4095,#4096));
#1689=EDGE_LOOP('',(#4097,#4098,#4099,#4100));
#1690=EDGE_LOOP('',(#4101,#4102,#4103,#4104));
#1691=EDGE_LOOP('',(#4105,#4106,#4107,#4108));
#1692=EDGE_LOOP('',(#4109,#4110,#4111,#4112));
#1693=EDGE_LOOP('',(#4113,#4114,#4115,#4116));
#1694=EDGE_LOOP('',(#4117,#4118,#4119,#4120));
#1695=EDGE_LOOP('',(#4121,#4122,#4123,#4124));
#1696=EDGE_LOOP('',(#4125,#4126,#4127,#4128));
#1697=EDGE_LOOP('',(#4129,#4130,#4131,#4132));
#1698=EDGE_LOOP('',(#4133,#4134,#4135,#4136));
#1699=EDGE_LOOP('',(#4137,#4138,#4139,#4140,#4141,#4142,#4143,#4144,#4145,
#4146,#4147,#4148,#4149,#4150,#4151,#4152,#4153,#4154,#4155,#4156));
#1700=EDGE_LOOP('',(#4157,#4158,#4159,#4160));
#1701=EDGE_LOOP('',(#4161,#4162,#4163,#4164));
#1702=EDGE_LOOP('',(#4165));
#1703=EDGE_LOOP('',(#4166,#4167,#4168,#4169));
#1704=EDGE_LOOP('',(#4170,#4171,#4172,#4173,#4174));
#1705=EDGE_LOOP('',(#4175,#4176,#4177,#4178));
#1706=EDGE_LOOP('',(#4179,#4180,#4181,#4182));
#1707=EDGE_LOOP('',(#4183,#4184,#4185,#4186));
#1708=EDGE_LOOP('',(#4187,#4188,#4189,#4190));
#1709=EDGE_LOOP('',(#4191,#4192,#4193,#4194));
#1710=EDGE_LOOP('',(#4195,#4196,#4197,#4198));
#1711=EDGE_LOOP('',(#4199,#4200,#4201,#4202));
#1712=EDGE_LOOP('',(#4203,#4204,#4205,#4206));
#1713=EDGE_LOOP('',(#4207,#4208,#4209,#4210));
#1714=EDGE_LOOP('',(#4211,#4212,#4213,#4214,#4215));
#1715=EDGE_LOOP('',(#4216,#4217,#4218,#4219));
#1716=EDGE_LOOP('',(#4220,#4221,#4222,#4223,#4224,#4225,#4226,#4227,#4228,
#4229,#4230,#4231,#4232,#4233,#4234,#4235,#4236,#4237,#4238,#4239));
#1717=EDGE_LOOP('',(#4240,#4241,#4242,#4243));
#1718=EDGE_LOOP('',(#4244,#4245,#4246,#4247,#4248));
#1719=EDGE_LOOP('',(#4249,#4250,#4251,#4252));
#1720=EDGE_LOOP('',(#4253,#4254,#4255,#4256));
#1721=EDGE_LOOP('',(#4257,#4258,#4259,#4260));
#1722=EDGE_LOOP('',(#4261,#4262,#4263,#4264));
#1723=EDGE_LOOP('',(#4265,#4266,#4267,#4268));
#1724=EDGE_LOOP('',(#4269,#4270,#4271,#4272));
#1725=EDGE_LOOP('',(#4273,#4274,#4275,#4276));
#1726=EDGE_LOOP('',(#4277,#4278,#4279,#4280));
#1727=EDGE_LOOP('',(#4281,#4282,#4283,#4284));
#1728=EDGE_LOOP('',(#4285,#4286,#4287,#4288,#4289));
#1729=EDGE_LOOP('',(#4290,#4291,#4292,#4293));
#1730=EDGE_LOOP('',(#4294,#4295,#4296,#4297));
#1731=EDGE_LOOP('',(#4298));
#1732=EDGE_LOOP('',(#4299,#4300,#4301,#4302));
#1733=EDGE_LOOP('',(#4303,#4304,#4305,#4306));
#1734=EDGE_LOOP('',(#4307,#4308,#4309,#4310));
#1735=EDGE_LOOP('',(#4311,#4312,#4313,#4314));
#1736=EDGE_LOOP('',(#4315,#4316,#4317,#4318,#4319,#4320));
#1737=EDGE_LOOP('',(#4321,#4322,#4323,#4324));
#1738=EDGE_LOOP('',(#4325,#4326,#4327,#4328));
#1739=EDGE_LOOP('',(#4329,#4330,#4331,#4332));
#1740=EDGE_LOOP('',(#4333));
#1741=EDGE_LOOP('',(#4334,#4335,#4336,#4337));
#1742=EDGE_LOOP('',(#4338,#4339,#4340,#4341));
#1743=EDGE_LOOP('',(#4342,#4343,#4344,#4345));
#1744=EDGE_LOOP('',(#4346,#4347,#4348,#4349));
#1745=EDGE_LOOP('',(#4350,#4351,#4352,#4353));
#1746=EDGE_LOOP('',(#4354,#4355,#4356,#4357));
#1747=EDGE_LOOP('',(#4358,#4359,#4360,#4361));
#1748=EDGE_LOOP('',(#4362,#4363,#4364,#4365));
#1749=EDGE_LOOP('',(#4366));
#1750=EDGE_LOOP('',(#4367,#4368,#4369,#4370));
#1751=EDGE_LOOP('',(#4371,#4372,#4373,#4374));
#1752=EDGE_LOOP('',(#4375,#4376,#4377,#4378));
#1753=EDGE_LOOP('',(#4379,#4380,#4381,#4382));
#1754=EDGE_LOOP('',(#4383,#4384,#4385,#4386));
#1755=EDGE_LOOP('',(#4387,#4388,#4389,#4390));
#1756=EDGE_LOOP('',(#4391,#4392,#4393,#4394));
#1757=EDGE_LOOP('',(#4395,#4396,#4397,#4398));
#1758=EDGE_LOOP('',(#4399,#4400,#4401,#4402));
#1759=EDGE_LOOP('',(#4403,#4404,#4405,#4406));
#1760=EDGE_LOOP('',(#4407,#4408,#4409,#4410));
#1761=EDGE_LOOP('',(#4411));
#1762=EDGE_LOOP('',(#4412,#4413,#4414,#4415));
#1763=EDGE_LOOP('',(#4416,#4417,#4418,#4419));
#1764=EDGE_LOOP('',(#4420,#4421,#4422,#4423));
#1765=EDGE_LOOP('',(#4424,#4425,#4426,#4427));
#1766=EDGE_LOOP('',(#4428,#4429,#4430,#4431));
#1767=EDGE_LOOP('',(#4432,#4433,#4434,#4435));
#1768=EDGE_LOOP('',(#4436,#4437,#4438,#4439));
#1769=EDGE_LOOP('',(#4440,#4441,#4442,#4443));
#1770=EDGE_LOOP('',(#4444,#4445,#4446,#4447));
#1771=EDGE_LOOP('',(#4448,#4449,#4450,#4451));
#1772=EDGE_LOOP('',(#4452,#4453,#4454,#4455));
#1773=EDGE_LOOP('',(#4456,#4457,#4458,#4459));
#1774=EDGE_LOOP('',(#4460,#4461,#4462,#4463));
#1775=EDGE_LOOP('',(#4464,#4465,#4466,#4467));
#1776=EDGE_LOOP('',(#4468,#4469,#4470,#4471));
#1777=EDGE_LOOP('',(#4472,#4473,#4474,#4475));
#1778=EDGE_LOOP('',(#4476,#4477,#4478,#4479));
#1779=EDGE_LOOP('',(#4480,#4481,#4482,#4483));
#1780=EDGE_LOOP('',(#4484,#4485,#4486,#4487));
#1781=EDGE_LOOP('',(#4488,#4489,#4490,#4491,#4492,#4493,#4494,#4495,#4496,
#4497,#4498,#4499,#4500,#4501,#4502,#4503,#4504,#4505,#4506,#4507,#4508,
#4509,#4510,#4511));
#1782=EDGE_LOOP('',(#4512,#4513,#4514,#4515));
#1783=EDGE_LOOP('',(#4516,#4517,#4518,#4519,#4520,#4521,#4522,#4523));
#1784=EDGE_LOOP('',(#4524,#4525,#4526,#4527));
#1785=EDGE_LOOP('',(#4528,#4529,#4530,#4531));
#1786=EDGE_LOOP('',(#4532,#4533,#4534,#4535));
#1787=EDGE_LOOP('',(#4536,#4537,#4538,#4539));
#1788=EDGE_LOOP('',(#4540,#4541,#4542,#4543));
#1789=EDGE_LOOP('',(#4544,#4545,#4546,#4547));
#1790=EDGE_LOOP('',(#4548,#4549,#4550,#4551));
#1791=EDGE_LOOP('',(#4552,#4553,#4554,#4555,#4556,#4557));
#1792=EDGE_LOOP('',(#4558,#4559,#4560,#4561));
#1793=EDGE_LOOP('',(#4562,#4563,#4564,#4565));
#1794=EDGE_LOOP('',(#4566,#4567,#4568,#4569,#4570,#4571,#4572,#4573,#4574,
#4575,#4576,#4577,#4578,#4579,#4580,#4581,#4582,#4583,#4584,#4585,#4586,
#4587,#4588,#4589));
#1795=EDGE_LOOP('',(#4590,#4591,#4592,#4593,#4594,#4595,#4596,#4597,#4598,
#4599,#4600,#4601,#4602,#4603,#4604,#4605,#4606,#4607,#4608,#4609));
#1796=EDGE_LOOP('',(#4610,#4611,#4612,#4613));
#1797=EDGE_LOOP('',(#4614,#4615,#4616,#4617));
#1798=EDGE_LOOP('',(#4618,#4619,#4620,#4621));
#1799=EDGE_LOOP('',(#4622,#4623,#4624,#4625));
#1800=EDGE_LOOP('',(#4626,#4627,#4628,#4629));
#1801=EDGE_LOOP('',(#4630,#4631,#4632,#4633));
#1802=EDGE_LOOP('',(#4634,#4635,#4636,#4637));
#1803=EDGE_LOOP('',(#4638,#4639,#4640,#4641));
#1804=EDGE_LOOP('',(#4642,#4643,#4644,#4645));
#1805=EDGE_LOOP('',(#4646));
#1806=EDGE_LOOP('',(#4647,#4648,#4649,#4650));
#1807=EDGE_LOOP('',(#4651,#4652,#4653,#4654));
#1808=EDGE_LOOP('',(#4655,#4656,#4657,#4658));
#1809=EDGE_LOOP('',(#4659,#4660,#4661,#4662));
#1810=EDGE_LOOP('',(#4663,#4664,#4665,#4666));
#1811=EDGE_LOOP('',(#4667,#4668,#4669,#4670));
#1812=EDGE_LOOP('',(#4671,#4672,#4673,#4674));
#1813=EDGE_LOOP('',(#4675,#4676,#4677,#4678));
#1814=EDGE_LOOP('',(#4679,#4680,#4681,#4682));
#1815=EDGE_LOOP('',(#4683,#4684,#4685,#4686));
#1816=EDGE_LOOP('',(#4687));
#1817=EDGE_LOOP('',(#4688,#4689,#4690,#4691));
#1818=EDGE_LOOP('',(#4692,#4693,#4694,#4695));
#1819=EDGE_LOOP('',(#4696,#4697,#4698,#4699));
#1820=EDGE_LOOP('',(#4700));
#1821=EDGE_LOOP('',(#4701,#4702,#4703));
#1822=EDGE_LOOP('',(#4704,#4705,#4706));
#1823=EDGE_LOOP('',(#4707,#4708,#4709));
#1824=EDGE_LOOP('',(#4710,#4711,#4712));
#1825=EDGE_LOOP('',(#4713,#4714,#4715,#4716));
#1826=EDGE_LOOP('',(#4717,#4718,#4719,#4720));
#1827=EDGE_LOOP('',(#4721,#4722,#4723,#4724));
#1828=EDGE_LOOP('',(#4725,#4726,#4727,#4728));
#1829=EDGE_LOOP('',(#4729,#4730,#4731,#4732));
#1830=EDGE_LOOP('',(#4733,#4734,#4735,#4736));
#1831=EDGE_LOOP('',(#4737,#4738,#4739,#4740));
#1832=EDGE_LOOP('',(#4741,#4742,#4743,#4744));
#1833=EDGE_LOOP('',(#4745,#4746,#4747,#4748));
#1834=EDGE_LOOP('',(#4749,#4750,#4751,#4752,#4753,#4754));
#1835=EDGE_LOOP('',(#4755,#4756,#4757,#4758));
#1836=EDGE_LOOP('',(#4759,#4760,#4761,#4762));
#1837=EDGE_LOOP('',(#4763,#4764,#4765,#4766));
#1838=EDGE_LOOP('',(#4767,#4768,#4769,#4770));
#1839=EDGE_LOOP('',(#4771,#4772,#4773,#4774));
#1840=EDGE_LOOP('',(#4775,#4776,#4777,#4778));
#1841=EDGE_LOOP('',(#4779,#4780,#4781,#4782));
#1842=EDGE_LOOP('',(#4783,#4784,#4785,#4786));
#1843=EDGE_LOOP('',(#4787,#4788,#4789,#4790));
#1844=EDGE_LOOP('',(#4791,#4792,#4793,#4794,#4795,#4796));
#1845=EDGE_LOOP('',(#4797,#4798,#4799));
#1846=EDGE_LOOP('',(#4800,#4801,#4802));
#1847=EDGE_LOOP('',(#4803,#4804,#4805,#4806));
#1848=EDGE_LOOP('',(#4807,#4808,#4809));
#1849=EDGE_LOOP('',(#4810,#4811,#4812));
#1850=EDGE_LOOP('',(#4813,#4814,#4815,#4816,#4817,#4818,#4819,#4820));
#1851=EDGE_LOOP('',(#4821));
#1852=EDGE_LOOP('',(#4822,#4823,#4824));
#1853=EDGE_LOOP('',(#4825,#4826,#4827));
#1854=EDGE_LOOP('',(#4828,#4829,#4830,#4831,#4832,#4833,#4834,#4835,#4836,
#4837,#4838,#4839));
#1855=EDGE_LOOP('',(#4840));
#1856=EDGE_LOOP('',(#4841,#4842,#4843,#4844));
#1857=EDGE_LOOP('',(#4845,#4846,#4847));
#1858=EDGE_LOOP('',(#4848,#4849,#4850));
#1859=EDGE_LOOP('',(#4851,#4852,#4853,#4854,#4855,#4856));
#1860=EDGE_LOOP('',(#4857,#4858,#4859,#4860,#4861,#4862,#4863,#4864,#4865,
#4866,#4867,#4868,#4869,#4870,#4871,#4872));
#1861=EDGE_LOOP('',(#4873,#4874,#4875,#4876,#4877,#4878));
#1862=EDGE_LOOP('',(#4879,#4880,#4881,#4882,#4883,#4884));
#1863=EDGE_LOOP('',(#4885,#4886,#4887));
#1864=EDGE_LOOP('',(#4888,#4889,#4890,#4891,#4892,#4893));
#1865=EDGE_LOOP('',(#4894,#4895,#4896));
#1866=EDGE_LOOP('',(#4897,#4898,#4899));
#1867=EDGE_LOOP('',(#4900,#4901,#4902,#4903,#4904,#4905));
#1868=EDGE_LOOP('',(#4906,#4907,#4908));
#1869=EDGE_LOOP('',(#4909,#4910,#4911,#4912,#4913,#4914));
#1870=EDGE_LOOP('',(#4915,#4916,#4917,#4918));
#1871=EDGE_LOOP('',(#4919,#4920,#4921,#4922));
#1872=EDGE_LOOP('',(#4923,#4924,#4925,#4926,#4927,#4928));
#1873=EDGE_LOOP('',(#4929,#4930,#4931,#4932));
#1874=EDGE_LOOP('',(#4933,#4934,#4935,#4936));
#1875=EDGE_LOOP('',(#4937,#4938,#4939,#4940));
#1876=EDGE_LOOP('',(#4941,#4942,#4943,#4944));
#1877=EDGE_LOOP('',(#4945,#4946,#4947,#4948));
#1878=EDGE_LOOP('',(#4949,#4950,#4951,#4952));
#1879=EDGE_LOOP('',(#4953,#4954,#4955,#4956));
#1880=EDGE_LOOP('',(#4957,#4958,#4959,#4960));
#1881=EDGE_LOOP('',(#4961,#4962,#4963,#4964));
#1882=EDGE_LOOP('',(#4965,#4966,#4967,#4968,#4969,#4970,#4971,#4972));
#1883=EDGE_LOOP('',(#4973));
#1884=EDGE_LOOP('',(#4974,#4975,#4976,#4977,#4978,#4979,#4980,#4981,#4982,
#4983,#4984,#4985));
#1885=EDGE_LOOP('',(#4986));
#1886=ELLIPSE('',#5366,8.60232526704263,5.);
#1887=ELLIPSE('',#5367,8.60232526704263,5.);
#1888=ELLIPSE('',#5368,8.60232526704263,5.);
#1889=ELLIPSE('',#5370,3.46410161513775,2.);
#1890=ELLIPSE('',#5372,3.46410161513776,2.);
#1891=ELLIPSE('',#5374,8.60232526704263,5.);
#1892=ELLIPSE('',#5375,8.60232526704262,5.);
#1893=ELLIPSE('',#5376,8.60232526704262,5.);
#1894=ELLIPSE('',#5378,8.60232526704262,5.);
#1895=ELLIPSE('',#5379,8.60232526704262,5.);
#1896=ELLIPSE('',#5380,8.60232526704263,5.);
#1897=ELLIPSE('',#5382,3.46410161513776,2.);
#1898=ELLIPSE('',#5384,3.46410161513775,2.);
#1899=ELLIPSE('',#5386,8.60232526704263,5.);
#1900=ELLIPSE('',#5387,8.60232526704262,5.);
#1901=ELLIPSE('',#5388,8.60232526704262,5.);
#1902=ELLIPSE('',#5435,2.82842712474619,2.);
#1903=ELLIPSE('',#5438,2.82842712474619,2.);
#1904=ELLIPSE('',#5445,2.82842712474619,2.);
#1905=ELLIPSE('',#5448,2.82842712474619,2.);
#1906=ELLIPSE('',#5461,6.02598539628787,6.);
#1907=ELLIPSE('',#5462,6.02598539628787,6.);
#1908=ELLIPSE('',#5463,6.02598539628787,6.);
#1909=ELLIPSE('',#5464,6.02598539628787,6.);
#1910=ELLIPSE('',#5602,1.14564392211311,0.999999999999998);
#1911=ELLIPSE('',#5606,1.14564392211311,1.);
#1912=ELLIPSE('',#5610,1.14564392211311,1.);
#1913=ELLIPSE('',#5613,1.14564392211311,0.999999999999999);
#1914=ELLIPSE('',#5618,12.0415945787923,1.);
#1915=ELLIPSE('',#5619,12.0415945787923,1.);
#1916=ELLIPSE('',#5714,12.0415945787923,1.);
#1917=ELLIPSE('',#5738,12.0415945787923,1.);
#1918=ELLIPSE('',#5912,3.60555127546399,3.);
#1919=ELLIPSE('',#5913,3.60555127546399,3.);
#1920=ELLIPSE('',#5915,3.60555127546399,3.);
#1921=ELLIPSE('',#5916,3.60555127546399,3.);
#1922=ELLIPSE('',#5918,3.60555127546399,3.);
#1923=ELLIPSE('',#5919,3.60555127546399,3.);
#1924=ELLIPSE('',#5921,3.60555127546399,3.);
#1925=ELLIPSE('',#5922,3.60555127546399,3.);
#1926=CIRCLE('',#5365,2.);
#1927=CIRCLE('',#5373,2.);
#1928=CIRCLE('',#5377,2.);
#1929=CIRCLE('',#5385,2.);
#1930=CIRCLE('',#5393,5.);
#1931=CIRCLE('',#5395,5.);
#1932=CIRCLE('',#5397,5.);
#1933=CIRCLE('',#5399,5.);
#1934=CIRCLE('',#5401,5.);
#1935=CIRCLE('',#5403,5.);
#1936=CIRCLE('',#5406,2.);
#1937=CIRCLE('',#5407,2.);
#1938=CIRCLE('',#5410,2.);
#1939=CIRCLE('',#5411,2.);
#1940=CIRCLE('',#5415,5.);
#1941=CIRCLE('',#5420,5.);
#1942=CIRCLE('',#5423,2.05);
#1943=CIRCLE('',#5424,2.05);
#1944=CIRCLE('',#5434,2.);
#1945=CIRCLE('',#5437,2.);
#1946=CIRCLE('',#5444,2.);
#1947=CIRCLE('',#5447,2.);
#1948=CIRCLE('',#5451,30.);
#1949=CIRCLE('',#5452,30.);
#1950=CIRCLE('',#5453,30.);
#1951=CIRCLE('',#5454,30.);
#1952=CIRCLE('',#5455,5.);
#1953=CIRCLE('',#5456,5.);
#1954=CIRCLE('',#5457,5.);
#1955=CIRCLE('',#5458,5.);
#1956=CIRCLE('',#5459,2.99999999999999);
#1957=CIRCLE('',#5460,2.99999999999999);
#1958=CIRCLE('',#5465,3.);
#1959=CIRCLE('',#5466,3.);
#1960=CIRCLE('',#5468,2.);
#1961=CIRCLE('',#5469,2.);
#1962=CIRCLE('',#5470,3.);
#1963=CIRCLE('',#5472,1.99999999999999);
#1964=CIRCLE('',#5474,2.);
#1965=CIRCLE('',#5475,3.);
#1966=CIRCLE('',#5477,1.99999999999999);
#1967=CIRCLE('',#5479,2.);
#1968=CIRCLE('',#5480,3.);
#1969=CIRCLE('',#5482,1.99999999999999);
#1970=CIRCLE('',#5484,2.);
#1971=CIRCLE('',#5485,3.);
#1972=CIRCLE('',#5489,3.);
#1973=CIRCLE('',#5492,3.);
#1974=CIRCLE('',#5494,1.);
#1975=CIRCLE('',#5495,1.);
#1976=CIRCLE('',#5498,1.);
#1977=CIRCLE('',#5499,1.);
#1978=CIRCLE('',#5502,1.);
#1979=CIRCLE('',#5503,1.);
#1980=CIRCLE('',#5506,1.);
#1981=CIRCLE('',#5507,1.);
#1982=CIRCLE('',#5510,3.);
#1983=CIRCLE('',#5511,3.);
#1984=CIRCLE('',#5518,1.99999999999999);
#1985=CIRCLE('',#5519,1.5);
#1986=CIRCLE('',#5521,1.5);
#1987=CIRCLE('',#5523,1.99999999999999);
#1988=CIRCLE('',#5524,1.5);
#1989=CIRCLE('',#5526,1.5);
#1990=CIRCLE('',#5528,2.);
#1991=CIRCLE('',#5529,1.49999999999999);
#1992=CIRCLE('',#5531,1.49999999999999);
#1993=CIRCLE('',#5533,2.);
#1994=CIRCLE('',#5534,1.49999999999999);
#1995=CIRCLE('',#5536,1.49999999999999);
#1996=CIRCLE('',#5538,1.99999999999999);
#1997=CIRCLE('',#5539,1.);
#1998=CIRCLE('',#5542,2.);
#1999=CIRCLE('',#5543,1.);
#2000=CIRCLE('',#5546,1.99999999999999);
#2001=CIRCLE('',#5547,1.);
#2002=CIRCLE('',#5550,2.);
#2003=CIRCLE('',#5551,1.);
#2004=CIRCLE('',#5558,30.);
#2005=CIRCLE('',#5561,30.);
#2006=CIRCLE('',#5563,30.);
#2007=CIRCLE('',#5566,30.);
#2008=CIRCLE('',#5568,2.);
#2009=CIRCLE('',#5569,2.);
#2010=CIRCLE('',#5572,2.);
#2011=CIRCLE('',#5573,2.);
#2012=CIRCLE('',#5576,2.);
#2013=CIRCLE('',#5577,2.);
#2014=CIRCLE('',#5580,2.);
#2015=CIRCLE('',#5581,2.);
#2016=CIRCLE('',#5599,4.99999999999999);
#2017=CIRCLE('',#5600,5.);
#2018=CIRCLE('',#5601,5.);
#2019=CIRCLE('',#5604,5.);
#2020=CIRCLE('',#5605,5.);
#2021=CIRCLE('',#5608,5.);
#2022=CIRCLE('',#5609,5.);
#2023=CIRCLE('',#5612,5.);
#2024=CIRCLE('',#5624,1.);
#2025=CIRCLE('',#5625,1.);
#2026=CIRCLE('',#5627,0.999999999999999);
#2027=CIRCLE('',#5628,7.);
#2028=CIRCLE('',#5629,6.);
#2029=CIRCLE('',#5631,0.999999999999999);
#2030=CIRCLE('',#5633,1.);
#2031=CIRCLE('',#5634,3.);
#2032=CIRCLE('',#5635,2.);
#2033=CIRCLE('',#5637,0.999999999999999);
#2034=CIRCLE('',#5639,1.);
#2035=CIRCLE('',#5640,5.00000007450581);
#2036=CIRCLE('',#5641,4.00000007450581);
#2037=CIRCLE('',#5643,0.999999999999999);
#2038=CIRCLE('',#5645,0.999999999999999);
#2039=CIRCLE('',#5646,3.);
#2040=CIRCLE('',#5647,2.);
#2041=CIRCLE('',#5649,1.);
#2042=CIRCLE('',#5651,1.);
#2043=CIRCLE('',#5652,7.);
#2044=CIRCLE('',#5653,6.);
#2045=CIRCLE('',#5655,1.);
#2046=CIRCLE('',#5657,1.);
#2047=CIRCLE('',#5658,3.);
#2048=CIRCLE('',#5659,2.);
#2049=CIRCLE('',#5661,1.);
#2050=CIRCLE('',#5663,1.);
#2051=CIRCLE('',#5664,5.00000007450581);
#2052=CIRCLE('',#5665,4.00000007450581);
#2053=CIRCLE('',#5667,1.);
#2054=CIRCLE('',#5669,2.);
#2055=CIRCLE('',#5670,3.);
#2056=CIRCLE('',#5672,1.);
#2057=CIRCLE('',#5673,3.);
#2058=CIRCLE('',#5674,3.);
#2059=CIRCLE('',#5675,1.);
#2060=CIRCLE('',#5677,5.00000007450581);
#2061=CIRCLE('',#5679,2.05);
#2062=CIRCLE('',#5682,1.);
#2063=CIRCLE('',#5684,0.999999999999997);
#2064=CIRCLE('',#5685,3.);
#2065=CIRCLE('',#5686,2.);
#2066=CIRCLE('',#5688,0.999999999999999);
#2067=CIRCLE('',#5689,1.);
#2068=CIRCLE('',#5690,1.);
#2069=CIRCLE('',#5691,2.);
#2070=CIRCLE('',#5693,0.999999999999996);
#2071=CIRCLE('',#5695,1.);
#2072=CIRCLE('',#5696,4.00000007450581);
#2073=CIRCLE('',#5698,0.999999999999996);
#2074=CIRCLE('',#5699,1.00000000000001);
#2075=CIRCLE('',#5700,2.);
#2076=CIRCLE('',#5702,1.);
#2077=CIRCLE('',#5704,0.999999999999996);
#2078=CIRCLE('',#5705,2.);
#2079=CIRCLE('',#5709,1.);
#2080=CIRCLE('',#5710,3.);
#2081=CIRCLE('',#5713,1.);
#2082=CIRCLE('',#5716,0.999999999999995);
#2083=CIRCLE('',#5717,2.);
#2084=CIRCLE('',#5719,1.);
#2085=CIRCLE('',#5720,0.999999999999998);
#2086=CIRCLE('',#5721,2.);
#2087=CIRCLE('',#5723,1.);
#2088=CIRCLE('',#5725,1.);
#2089=CIRCLE('',#5726,4.00000007450581);
#2090=CIRCLE('',#5727,5.00000007450581);
#2091=CIRCLE('',#5729,1.);
#2092=CIRCLE('',#5730,1.);
#2093=CIRCLE('',#5731,2.);
#2094=CIRCLE('',#5733,1.);
#2095=CIRCLE('',#5735,1.);
#2096=CIRCLE('',#5736,2.);
#2097=CIRCLE('',#5741,2.05);
#2098=CIRCLE('',#5750,2.05);
#2099=CIRCLE('',#5758,2.05);
#2100=CIRCLE('',#5764,2.00000000000001);
#2101=CIRCLE('',#5765,3.);
#2102=CIRCLE('',#5766,2.);
#2103=CIRCLE('',#5767,1.);
#2104=CIRCLE('',#5769,2.);
#2105=CIRCLE('',#5771,2.);
#2106=CIRCLE('',#5772,1.);
#2107=CIRCLE('',#5773,3.);
#2108=CIRCLE('',#5775,2.);
#2109=CIRCLE('',#5777,2.);
#2110=CIRCLE('',#5778,1.);
#2111=CIRCLE('',#5779,3.);
#2112=CIRCLE('',#5781,2.);
#2113=CIRCLE('',#5783,2.);
#2114=CIRCLE('',#5784,1.);
#2115=CIRCLE('',#5785,3.);
#2116=CIRCLE('',#5788,3.99999999999999);
#2117=CIRCLE('',#5789,2.05000000000001);
#2118=CIRCLE('',#5791,1.);
#2119=CIRCLE('',#5794,0.999999999999996);
#2120=CIRCLE('',#5796,1.);
#2121=CIRCLE('',#5798,4.99999999999999);
#2122=CIRCLE('',#5800,0.999999999999996);
#2123=CIRCLE('',#5802,3.99999999999999);
#2124=CIRCLE('',#5803,4.99999999999999);
#2125=CIRCLE('',#5807,0.5);
#2126=CIRCLE('',#5808,0.5);
#2127=CIRCLE('',#5811,0.5);
#2128=CIRCLE('',#5812,0.5);
#2129=CIRCLE('',#5815,0.5);
#2130=CIRCLE('',#5816,0.5);
#2131=CIRCLE('',#5819,0.5);
#2132=CIRCLE('',#5820,0.5);
#2133=CIRCLE('',#5823,1.);
#2134=CIRCLE('',#5824,1.);
#2135=CIRCLE('',#5827,1.);
#2136=CIRCLE('',#5828,1.);
#2137=CIRCLE('',#5829,1.);
#2138=CIRCLE('',#5830,1.);
#2139=CIRCLE('',#5831,1.);
#2140=CIRCLE('',#5832,1.);
#2141=CIRCLE('',#5833,1.);
#2142=CIRCLE('',#5835,1.);
#2143=CIRCLE('',#5838,1.);
#2144=CIRCLE('',#5841,1.);
#2145=CIRCLE('',#5844,1.);
#2146=CIRCLE('',#5847,1.);
#2147=CIRCLE('',#5850,1.);
#2148=CIRCLE('',#5852,1.);
#2149=CIRCLE('',#5854,3.);
#2150=CIRCLE('',#5855,3.);
#2151=CIRCLE('',#5856,3.);
#2152=CIRCLE('',#5857,3.);
#2153=CIRCLE('',#5858,4.);
#2154=CIRCLE('',#5859,4.);
#2155=CIRCLE('',#5860,4.);
#2156=CIRCLE('',#5861,4.);
#2157=CIRCLE('',#5862,4.);
#2158=CIRCLE('',#5863,4.);
#2159=CIRCLE('',#5864,4.);
#2160=CIRCLE('',#5865,4.);
#2161=CIRCLE('',#5867,2.00000000000001);
#2162=CIRCLE('',#5868,2.);
#2163=CIRCLE('',#5869,1.);
#2164=CIRCLE('',#5871,2.);
#2165=CIRCLE('',#5873,2.);
#2166=CIRCLE('',#5874,1.);
#2167=CIRCLE('',#5876,2.);
#2168=CIRCLE('',#5878,2.);
#2169=CIRCLE('',#5879,1.);
#2170=CIRCLE('',#5881,2.);
#2171=CIRCLE('',#5883,2.);
#2172=CIRCLE('',#5884,1.);
#2173=CIRCLE('',#5887,4.00000007450581);
#2174=CIRCLE('',#5888,2.05);
#2175=CIRCLE('',#5890,0.999999999999996);
#2176=CIRCLE('',#5893,1.);
#2177=CIRCLE('',#5895,0.999999999999996);
#2178=CIRCLE('',#5896,5.00000007450581);
#2179=CIRCLE('',#5900,5.00000007450581);
#2180=CIRCLE('',#5902,1.);
#2181=CIRCLE('',#5903,4.00000007450581);
#2182=CIRCLE('',#5906,2.05);
#2183=CIRCLE('',#5909,2.05000000000001);
#2184=CIRCLE('',#5911,1.);
#2185=CIRCLE('',#5914,1.);
#2186=CIRCLE('',#5917,1.);
#2187=CIRCLE('',#5920,1.);
#2188=CIRCLE('',#5924,3.);
#2189=CIRCLE('',#5926,3.);
#2190=CIRCLE('',#5928,3.);
#2191=CIRCLE('',#5929,1.);
#2192=CIRCLE('',#5931,3.);
#2193=CIRCLE('',#5933,3.);
#2194=CIRCLE('',#5934,1.);
#2195=CIRCLE('',#5936,3.);
#2196=CIRCLE('',#5938,3.);
#2197=CIRCLE('',#5939,1.);
#2198=CIRCLE('',#5941,3.);
#2199=CIRCLE('',#5943,1.);
#2200=CIRCLE('',#5946,3.);
#2201=CIRCLE('',#5948,3.);
#2202=CIRCLE('',#5949,1.);
#2203=CIRCLE('',#5951,3.);
#2204=CIRCLE('',#5953,3.);
#2205=CIRCLE('',#5954,1.);
#2206=CIRCLE('',#5956,3.);
#2207=CIRCLE('',#5958,3.);
#2208=CIRCLE('',#5959,1.);
#2209=CIRCLE('',#5961,3.);
#2210=CIRCLE('',#5963,3.);
#2211=CIRCLE('',#5964,1.);
#2212=CIRCLE('',#5968,3.);
#2213=CIRCLE('',#5970,3.);
#2214=CIRCLE('',#5975,3.);
#2215=CIRCLE('',#5976,5.);
#2216=CIRCLE('',#5977,3.);
#2217=CIRCLE('',#5978,2.05);
#2218=CIRCLE('',#5982,3.);
#2219=CIRCLE('',#5983,5.);
#2220=CIRCLE('',#5984,3.);
#2221=CIRCLE('',#5985,2.05);
#2222=CIRCLE('',#5988,3.);
#2223=CIRCLE('',#5990,3.);
#2224=CIRCLE('',#5997,3.);
#2225=CIRCLE('',#5998,3.);
#2226=CIRCLE('',#6002,3.);
#2227=CIRCLE('',#6003,3.);
#2228=CIRCLE('',#6015,2.05);
#2229=CIRCLE('',#6016,2.05);
#2230=CIRCLE('',#6018,5.);
#2231=CIRCLE('',#6019,5.);
#2232=VERTEX_POINT('',#7810);
#2233=VERTEX_POINT('',#7811);
#2234=VERTEX_POINT('',#7813);
#2235=VERTEX_POINT('',#7815);
#2236=VERTEX_POINT('',#7819);
#2237=VERTEX_POINT('',#7821);
#2238=VERTEX_POINT('',#7825);
#2239=VERTEX_POINT('',#7826);
#2240=VERTEX_POINT('',#7828);
#2241=VERTEX_POINT('',#7830);
#2242=VERTEX_POINT('',#7879);
#2243=VERTEX_POINT('',#7932);
#2244=VERTEX_POINT('',#7933);
#2245=VERTEX_POINT('',#7935);
#2246=VERTEX_POINT('',#7940);
#2247=VERTEX_POINT('',#7942);
#2248=VERTEX_POINT('',#7946);
#2249=VERTEX_POINT('',#7947);
#2250=VERTEX_POINT('',#7949);
#2251=VERTEX_POINT('',#7951);
#2252=VERTEX_POINT('',#8000);
#2253=VERTEX_POINT('',#8004);
#2254=VERTEX_POINT('',#8006);
#2255=VERTEX_POINT('',#8010);
#2256=VERTEX_POINT('',#8012);
#2257=VERTEX_POINT('',#8016);
#2258=VERTEX_POINT('',#8018);
#2259=VERTEX_POINT('',#8022);
#2260=VERTEX_POINT('',#8030);
#2261=VERTEX_POINT('',#8034);
#2262=VERTEX_POINT('',#8040);
#2263=VERTEX_POINT('',#8044);
#2264=VERTEX_POINT('',#8046);
#2265=VERTEX_POINT('',#8051);
#2266=VERTEX_POINT('',#8053);
#2267=VERTEX_POINT('',#8058);
#2268=VERTEX_POINT('',#8060);
#2269=VERTEX_POINT('',#8066);
#2270=VERTEX_POINT('',#8070);
#2271=VERTEX_POINT('',#8074);
#2272=VERTEX_POINT('',#8076);
#2273=VERTEX_POINT('',#8082);
#2274=VERTEX_POINT('',#8086);
#2275=VERTEX_POINT('',#8088);
#2276=VERTEX_POINT('',#8092);
#2277=VERTEX_POINT('',#8094);
#2278=VERTEX_POINT('',#8098);
#2279=VERTEX_POINT('',#8105);
#2280=VERTEX_POINT('',#8114);
#2281=VERTEX_POINT('',#8115);
#2282=VERTEX_POINT('',#8117);
#2283=VERTEX_POINT('',#8119);
#2284=VERTEX_POINT('',#8123);
#2285=VERTEX_POINT('',#8124);
#2286=VERTEX_POINT('',#8126);
#2287=VERTEX_POINT('',#8128);
#2288=VERTEX_POINT('',#8135);
#2289=VERTEX_POINT('',#8137);
#2290=VERTEX_POINT('',#8141);
#2291=VERTEX_POINT('',#8143);
#2292=VERTEX_POINT('',#8145);
#2293=VERTEX_POINT('',#8147);
#2294=VERTEX_POINT('',#8149);
#2295=VERTEX_POINT('',#8153);
#2296=VERTEX_POINT('',#8157);
#2297=VERTEX_POINT('',#8158);
#2298=VERTEX_POINT('',#8160);
#2299=VERTEX_POINT('',#8162);
#2300=VERTEX_POINT('',#8166);
#2301=VERTEX_POINT('',#8167);
#2302=VERTEX_POINT('',#8169);
#2303=VERTEX_POINT('',#8171);
#2304=VERTEX_POINT('',#8178);
#2305=VERTEX_POINT('',#8179);
#2306=VERTEX_POINT('',#8181);
#2307=VERTEX_POINT('',#8183);
#2308=VERTEX_POINT('',#8185);
#2309=VERTEX_POINT('',#8187);
#2310=VERTEX_POINT('',#8189);
#2311=VERTEX_POINT('',#8191);
#2312=VERTEX_POINT('',#8195);
#2313=VERTEX_POINT('',#8196);
#2314=VERTEX_POINT('',#8198);
#2315=VERTEX_POINT('',#8200);
#2316=VERTEX_POINT('',#8202);
#2317=VERTEX_POINT('',#8204);
#2318=VERTEX_POINT('',#8206);
#2319=VERTEX_POINT('',#8208);
#2320=VERTEX_POINT('',#8211);
#2321=VERTEX_POINT('',#8213);
#2322=VERTEX_POINT('',#8215);
#2323=VERTEX_POINT('',#8216);
#2324=VERTEX_POINT('',#8218);
#2325=VERTEX_POINT('',#8220);
#2326=VERTEX_POINT('',#8222);
#2327=VERTEX_POINT('',#8224);
#2328=VERTEX_POINT('',#8226);
#2329=VERTEX_POINT('',#8228);
#2330=VERTEX_POINT('',#8232);
#2331=VERTEX_POINT('',#8234);
#2332=VERTEX_POINT('',#8237);
#2333=VERTEX_POINT('',#8239);
#2334=VERTEX_POINT('',#8243);
#2335=VERTEX_POINT('',#8247);
#2336=VERTEX_POINT('',#8251);
#2337=VERTEX_POINT('',#8255);
#2338=VERTEX_POINT('',#8259);
#2339=VERTEX_POINT('',#8263);
#2340=VERTEX_POINT('',#8269);
#2341=VERTEX_POINT('',#8271);
#2342=VERTEX_POINT('',#8275);
#2343=VERTEX_POINT('',#8279);
#2344=VERTEX_POINT('',#8283);
#2345=VERTEX_POINT('',#8287);
#2346=VERTEX_POINT('',#8288);
#2347=VERTEX_POINT('',#8290);
#2348=VERTEX_POINT('',#8292);
#2349=VERTEX_POINT('',#8296);
#2350=VERTEX_POINT('',#8298);
#2351=VERTEX_POINT('',#8302);
#2352=VERTEX_POINT('',#8303);
#2353=VERTEX_POINT('',#8305);
#2354=VERTEX_POINT('',#8307);
#2355=VERTEX_POINT('',#8314);
#2356=VERTEX_POINT('',#8315);
#2357=VERTEX_POINT('',#8317);
#2358=VERTEX_POINT('',#8319);
#2359=VERTEX_POINT('',#8326);
#2360=VERTEX_POINT('',#8328);
#2361=VERTEX_POINT('',#8335);
#2362=VERTEX_POINT('',#8337);
#2363=VERTEX_POINT('',#8339);
#2364=VERTEX_POINT('',#8351);
#2365=VERTEX_POINT('',#8353);
#2366=VERTEX_POINT('',#8357);
#2367=VERTEX_POINT('',#8361);
#2368=VERTEX_POINT('',#8363);
#2369=VERTEX_POINT('',#8367);
#2370=VERTEX_POINT('',#8371);
#2371=VERTEX_POINT('',#8373);
#2372=VERTEX_POINT('',#8377);
#2373=VERTEX_POINT('',#8381);
#2374=VERTEX_POINT('',#8383);
#2375=VERTEX_POINT('',#8387);
#2376=VERTEX_POINT('',#8391);
#2377=VERTEX_POINT('',#8397);
#2378=VERTEX_POINT('',#8403);
#2379=VERTEX_POINT('',#8409);
#2380=VERTEX_POINT('',#8419);
#2381=VERTEX_POINT('',#8420);
#2382=VERTEX_POINT('',#8425);
#2383=VERTEX_POINT('',#8429);
#2384=VERTEX_POINT('',#8433);
#2385=VERTEX_POINT('',#8434);
#2386=VERTEX_POINT('',#8439);
#2387=VERTEX_POINT('',#8443);
#2388=VERTEX_POINT('',#8447);
#2389=VERTEX_POINT('',#8449);
#2390=VERTEX_POINT('',#8454);
#2391=VERTEX_POINT('',#8456);
#2392=VERTEX_POINT('',#8461);
#2393=VERTEX_POINT('',#8463);
#2394=VERTEX_POINT('',#8468);
#2395=VERTEX_POINT('',#8470);
#2396=VERTEX_POINT('',#8475);
#2397=VERTEX_POINT('',#8479);
#2398=VERTEX_POINT('',#8483);
#2399=VERTEX_POINT('',#8487);
#2400=VERTEX_POINT('',#8494);
#2401=VERTEX_POINT('',#8496);
#2402=VERTEX_POINT('',#8500);
#2403=VERTEX_POINT('',#8502);
#2404=VERTEX_POINT('',#8506);
#2405=VERTEX_POINT('',#8508);
#2406=VERTEX_POINT('',#8512);
#2407=VERTEX_POINT('',#8514);
#2408=VERTEX_POINT('',#8518);
#2409=VERTEX_POINT('',#8520);
#2410=VERTEX_POINT('',#8524);
#2411=VERTEX_POINT('',#8526);
#2412=VERTEX_POINT('',#8535);
#2413=VERTEX_POINT('',#8537);
#2414=VERTEX_POINT('',#8576);
#2415=VERTEX_POINT('',#8580);
#2416=VERTEX_POINT('',#8619);
#2417=VERTEX_POINT('',#8623);
#2418=VERTEX_POINT('',#8662);
#2419=VERTEX_POINT('',#8666);
#2420=VERTEX_POINT('',#8707);
#2421=VERTEX_POINT('',#8709);
#2422=VERTEX_POINT('',#8724);
#2423=VERTEX_POINT('',#8728);
#2424=VERTEX_POINT('',#8743);
#2425=VERTEX_POINT('',#8745);
#2426=VERTEX_POINT('',#8747);
#2427=VERTEX_POINT('',#8756);
#2428=VERTEX_POINT('',#8757);
#2429=VERTEX_POINT('',#8759);
#2430=VERTEX_POINT('',#8761);
#2431=VERTEX_POINT('',#8765);
#2432=VERTEX_POINT('',#8766);
#2433=VERTEX_POINT('',#8771);
#2434=VERTEX_POINT('',#8772);
#2435=VERTEX_POINT('',#8777);
#2436=VERTEX_POINT('',#8778);
#2437=VERTEX_POINT('',#8783);
#2438=VERTEX_POINT('',#8784);
#2439=VERTEX_POINT('',#8789);
#2440=VERTEX_POINT('',#8790);
#2441=VERTEX_POINT('',#8795);
#2442=VERTEX_POINT('',#8796);
#2443=VERTEX_POINT('',#8801);
#2444=VERTEX_POINT('',#8802);
#2445=VERTEX_POINT('',#8807);
#2446=VERTEX_POINT('',#8808);
#2447=VERTEX_POINT('',#8813);
#2448=VERTEX_POINT('',#8814);
#2449=VERTEX_POINT('',#8819);
#2450=VERTEX_POINT('',#8820);
#2451=VERTEX_POINT('',#8825);
#2452=VERTEX_POINT('',#8826);
#2453=VERTEX_POINT('',#8831);
#2454=VERTEX_POINT('',#8832);
#2455=VERTEX_POINT('',#8837);
#2456=VERTEX_POINT('',#8838);
#2457=VERTEX_POINT('',#8843);
#2458=VERTEX_POINT('',#8844);
#2459=VERTEX_POINT('',#8852);
#2460=VERTEX_POINT('',#8854);
#2461=VERTEX_POINT('',#8856);
#2462=VERTEX_POINT('',#8858);
#2463=VERTEX_POINT('',#8860);
#2464=VERTEX_POINT('',#8862);
#2465=VERTEX_POINT('',#8864);
#2466=VERTEX_POINT('',#8866);
#2467=VERTEX_POINT('',#8868);
#2468=VERTEX_POINT('',#8870);
#2469=VERTEX_POINT('',#8872);
#2470=VERTEX_POINT('',#8874);
#2471=VERTEX_POINT('',#8878);
#2472=VERTEX_POINT('',#8883);
#2473=VERTEX_POINT('',#8888);
#2474=VERTEX_POINT('',#8889);
#2475=VERTEX_POINT('',#8894);
#2476=VERTEX_POINT('',#8895);
#2477=VERTEX_POINT('',#8900);
#2478=VERTEX_POINT('',#8901);
#2479=VERTEX_POINT('',#8914);
#2480=VERTEX_POINT('',#8915);
#2481=VERTEX_POINT('',#8920);
#2482=VERTEX_POINT('',#8925);
#2483=VERTEX_POINT('',#8929);
#2484=VERTEX_POINT('',#8941);
#2485=VERTEX_POINT('',#8945);
#2486=VERTEX_POINT('',#8949);
#2487=VERTEX_POINT('',#8969);
#2488=VERTEX_POINT('',#8971);
#2489=VERTEX_POINT('',#8973);
#2490=VERTEX_POINT('',#8975);
#2491=VERTEX_POINT('',#8977);
#2492=VERTEX_POINT('',#8983);
#2493=VERTEX_POINT('',#8985);
#2494=VERTEX_POINT('',#8989);
#2495=VERTEX_POINT('',#8993);
#2496=VERTEX_POINT('',#9005);
#2497=VERTEX_POINT('',#9009);
#2498=VERTEX_POINT('',#9013);
#2499=VERTEX_POINT('',#9018);
#2500=VERTEX_POINT('',#9030);
#2501=VERTEX_POINT('',#9034);
#2502=VERTEX_POINT('',#9038);
#2503=VERTEX_POINT('',#9042);
#2504=VERTEX_POINT('',#9044);
#2505=VERTEX_POINT('',#9062);
#2506=VERTEX_POINT('',#9079);
#2507=VERTEX_POINT('',#9093);
#2508=VERTEX_POINT('',#9102);
#2509=VERTEX_POINT('',#9103);
#2510=VERTEX_POINT('',#9105);
#2511=VERTEX_POINT('',#9107);
#2512=VERTEX_POINT('',#9111);
#2513=VERTEX_POINT('',#9112);
#2514=VERTEX_POINT('',#9117);
#2515=VERTEX_POINT('',#9118);
#2516=VERTEX_POINT('',#9123);
#2517=VERTEX_POINT('',#9124);
#2518=VERTEX_POINT('',#9129);
#2519=VERTEX_POINT('',#9130);
#2520=VERTEX_POINT('',#9135);
#2521=VERTEX_POINT('',#9136);
#2522=VERTEX_POINT('',#9141);
#2523=VERTEX_POINT('',#9142);
#2524=VERTEX_POINT('',#9150);
#2525=VERTEX_POINT('',#9152);
#2526=VERTEX_POINT('',#9155);
#2527=VERTEX_POINT('',#9158);
#2528=VERTEX_POINT('',#9162);
#2529=VERTEX_POINT('',#9166);
#2530=VERTEX_POINT('',#9170);
#2531=VERTEX_POINT('',#9176);
#2532=VERTEX_POINT('',#9178);
#2533=VERTEX_POINT('',#9188);
#2534=VERTEX_POINT('',#9189);
#2535=VERTEX_POINT('',#9191);
#2536=VERTEX_POINT('',#9193);
#2537=VERTEX_POINT('',#9197);
#2538=VERTEX_POINT('',#9199);
#2539=VERTEX_POINT('',#9203);
#2540=VERTEX_POINT('',#9204);
#2541=VERTEX_POINT('',#9206);
#2542=VERTEX_POINT('',#9208);
#2543=VERTEX_POINT('',#9215);
#2544=VERTEX_POINT('',#9216);
#2545=VERTEX_POINT('',#9218);
#2546=VERTEX_POINT('',#9220);
#2547=VERTEX_POINT('',#9227);
#2548=VERTEX_POINT('',#9228);
#2549=VERTEX_POINT('',#9230);
#2550=VERTEX_POINT('',#9232);
#2551=VERTEX_POINT('',#9239);
#2552=VERTEX_POINT('',#9241);
#2553=VERTEX_POINT('',#9245);
#2554=VERTEX_POINT('',#9247);
#2555=VERTEX_POINT('',#9251);
#2556=VERTEX_POINT('',#9253);
#2557=VERTEX_POINT('',#9255);
#2558=VERTEX_POINT('',#9257);
#2559=VERTEX_POINT('',#9259);
#2560=VERTEX_POINT('',#9261);
#2561=VERTEX_POINT('',#9263);
#2562=VERTEX_POINT('',#9265);
#2563=VERTEX_POINT('',#9267);
#2564=VERTEX_POINT('',#9269);
#2565=VERTEX_POINT('',#9271);
#2566=VERTEX_POINT('',#9273);
#2567=VERTEX_POINT('',#9275);
#2568=VERTEX_POINT('',#9279);
#2569=VERTEX_POINT('',#9283);
#2570=VERTEX_POINT('',#9285);
#2571=VERTEX_POINT('',#9287);
#2572=VERTEX_POINT('',#9292);
#2573=VERTEX_POINT('',#9296);
#2574=VERTEX_POINT('',#9300);
#2575=VERTEX_POINT('',#9306);
#2576=VERTEX_POINT('',#9308);
#2577=VERTEX_POINT('',#9312);
#2578=VERTEX_POINT('',#9316);
#2579=VERTEX_POINT('',#9318);
#2580=VERTEX_POINT('',#9323);
#2581=VERTEX_POINT('',#9331);
#2582=VERTEX_POINT('',#9333);
#2583=VERTEX_POINT('',#9335);
#2584=VERTEX_POINT('',#9337);
#2585=VERTEX_POINT('',#9339);
#2586=VERTEX_POINT('',#9341);
#2587=VERTEX_POINT('',#9343);
#2588=VERTEX_POINT('',#9345);
#2589=VERTEX_POINT('',#9348);
#2590=VERTEX_POINT('',#9349);
#2591=VERTEX_POINT('',#9351);
#2592=VERTEX_POINT('',#9353);
#2593=VERTEX_POINT('',#9355);
#2594=VERTEX_POINT('',#9357);
#2595=VERTEX_POINT('',#9359);
#2596=VERTEX_POINT('',#9361);
#2597=VERTEX_POINT('',#9363);
#2598=VERTEX_POINT('',#9365);
#2599=VERTEX_POINT('',#9367);
#2600=VERTEX_POINT('',#9369);
#2601=VERTEX_POINT('',#9371);
#2602=VERTEX_POINT('',#9373);
#2603=VERTEX_POINT('',#9375);
#2604=VERTEX_POINT('',#9377);
#2605=VERTEX_POINT('',#9379);
#2606=VERTEX_POINT('',#9381);
#2607=VERTEX_POINT('',#9383);
#2608=VERTEX_POINT('',#9385);
#2609=VERTEX_POINT('',#9389);
#2610=VERTEX_POINT('',#9391);
#2611=VERTEX_POINT('',#9395);
#2612=VERTEX_POINT('',#9399);
#2613=VERTEX_POINT('',#9403);
#2614=VERTEX_POINT('',#9408);
#2615=VERTEX_POINT('',#9412);
#2616=VERTEX_POINT('',#9416);
#2617=VERTEX_POINT('',#9422);
#2618=VERTEX_POINT('',#9424);
#2619=VERTEX_POINT('',#9427);
#2620=VERTEX_POINT('',#9430);
#2621=VERTEX_POINT('',#9434);
#2622=VERTEX_POINT('',#9438);
#2623=VERTEX_POINT('',#9442);
#2624=VERTEX_POINT('',#9448);
#2625=VERTEX_POINT('',#9454);
#2626=VERTEX_POINT('',#9460);
#2627=VERTEX_POINT('',#9465);
#2628=VERTEX_POINT('',#9499);
#2629=VERTEX_POINT('',#9500);
#2630=VERTEX_POINT('',#9534);
#2631=VERTEX_POINT('',#9535);
#2632=VERTEX_POINT('',#9569);
#2633=VERTEX_POINT('',#9570);
#2634=VERTEX_POINT('',#9604);
#2635=VERTEX_POINT('',#9605);
#2636=VERTEX_POINT('',#9610);
#2637=VERTEX_POINT('',#9614);
#2638=VERTEX_POINT('',#9618);
#2639=VERTEX_POINT('',#9622);
#2640=VERTEX_POINT('',#9626);
#2641=VERTEX_POINT('',#9630);
#2642=VERTEX_POINT('',#9634);
#2643=VERTEX_POINT('',#9638);
#2644=VERTEX_POINT('',#9644);
#2645=VERTEX_POINT('',#9646);
#2646=VERTEX_POINT('',#9650);
#2647=VERTEX_POINT('',#9654);
#2648=VERTEX_POINT('',#9658);
#2649=VERTEX_POINT('',#9662);
#2650=VERTEX_POINT('',#9666);
#2651=VERTEX_POINT('',#9670);
#2652=VERTEX_POINT('',#9674);
#2653=VERTEX_POINT('',#9678);
#2654=VERTEX_POINT('',#9684);
#2655=VERTEX_POINT('',#9686);
#2656=VERTEX_POINT('',#9690);
#2657=VERTEX_POINT('',#9694);
#2658=VERTEX_POINT('',#9698);
#2659=VERTEX_POINT('',#9711);
#2660=VERTEX_POINT('',#9724);
#2661=VERTEX_POINT('',#9737);
#2662=VERTEX_POINT('',#9739);
#2663=VERTEX_POINT('',#9741);
#2664=VERTEX_POINT('',#9743);
#2665=VERTEX_POINT('',#9745);
#2666=VERTEX_POINT('',#9748);
#2667=VERTEX_POINT('',#9762);
#2668=VERTEX_POINT('',#9775);
#2669=VERTEX_POINT('',#9777);
#2670=VERTEX_POINT('',#9779);
#2671=VERTEX_POINT('',#9781);
#2672=VERTEX_POINT('',#9784);
#2673=VERTEX_POINT('',#9787);
#2674=VERTEX_POINT('',#9790);
#2675=VERTEX_POINT('',#9803);
#2676=VERTEX_POINT('',#9815);
#2677=VERTEX_POINT('',#9828);
#2678=VERTEX_POINT('',#9839);
#2679=VERTEX_POINT('',#9841);
#2680=VERTEX_POINT('',#9847);
#2681=VERTEX_POINT('',#9860);
#2682=VERTEX_POINT('',#9871);
#2683=VERTEX_POINT('',#9873);
#2684=VERTEX_POINT('',#9883);
#2685=VERTEX_POINT('',#9896);
#2686=VERTEX_POINT('',#9918);
#2687=VERTEX_POINT('',#9920);
#2688=VERTEX_POINT('',#9924);
#2689=VERTEX_POINT('',#9925);
#2690=VERTEX_POINT('',#9927);
#2691=VERTEX_POINT('',#9929);
#2692=EDGE_CURVE('',#2232,#2233,#1926,.T.);
#2693=EDGE_CURVE('',#2233,#2234,#1886,.T.);
#2694=EDGE_CURVE('',#2234,#2235,#1887,.T.);
#2695=EDGE_CURVE('',#2235,#2232,#1888,.T.);
#2696=EDGE_CURVE('',#2232,#2236,#242,.T.);
#2697=EDGE_CURVE('',#2236,#2237,#1889,.T.);
#2698=EDGE_CURVE('',#2237,#2233,#243,.T.);
#2699=EDGE_CURVE('',#2238,#2239,#1890,.T.);
#2700=EDGE_CURVE('',#2239,#2240,#244,.T.);
#2701=EDGE_CURVE('',#2240,#2241,#1927,.T.);
#2702=EDGE_CURVE('',#2241,#2238,#245,.T.);
#2703=EDGE_CURVE('',#2240,#2235,#1891,.T.);
#2704=EDGE_CURVE('',#2235,#2242,#1892,.T.);
#2705=EDGE_CURVE('',#2242,#2241,#1893,.T.);
#2706=EDGE_CURVE('',#2243,#2244,#1928,.T.);
#2707=EDGE_CURVE('',#2244,#2245,#1894,.T.);
#2708=EDGE_CURVE('',#2245,#2235,#1895,.T.);
#2709=EDGE_CURVE('',#2235,#2243,#1896,.T.);
#2710=EDGE_CURVE('',#2243,#2246,#246,.T.);
#2711=EDGE_CURVE('',#2246,#2247,#1897,.T.);
#2712=EDGE_CURVE('',#2247,#2244,#247,.T.);
#2713=EDGE_CURVE('',#2248,#2249,#1898,.T.);
#2714=EDGE_CURVE('',#2249,#2250,#248,.T.);
#2715=EDGE_CURVE('',#2250,#2251,#1929,.T.);
#2716=EDGE_CURVE('',#2251,#2248,#249,.T.);
#2717=EDGE_CURVE('',#2250,#2235,#1899,.T.);
#2718=EDGE_CURVE('',#2235,#2252,#1900,.T.);
#2719=EDGE_CURVE('',#2252,#2251,#1901,.T.);
#2720=EDGE_CURVE('',#2253,#2241,#250,.T.);
#2721=EDGE_CURVE('',#2254,#2253,#251,.T.);
#2722=EDGE_CURVE('',#2254,#2238,#252,.T.);
#2723=EDGE_CURVE('',#2255,#2232,#253,.T.);
#2724=EDGE_CURVE('',#2256,#2255,#254,.T.);
#2725=EDGE_CURVE('',#2256,#2236,#255,.T.);
#2726=EDGE_CURVE('',#2243,#2257,#256,.T.);
#2727=EDGE_CURVE('',#2258,#2257,#257,.T.);
#2728=EDGE_CURVE('',#2246,#2258,#258,.T.);
#2729=EDGE_CURVE('',#2259,#2244,#259,.T.);
#2730=EDGE_CURVE('',#2259,#2245,#1930,.T.);
#2731=EDGE_CURVE('',#2245,#2242,#1931,.T.);
#2732=EDGE_CURVE('',#2242,#2253,#1932,.T.);
#2733=EDGE_CURVE('',#2250,#2260,#260,.T.);
#2734=EDGE_CURVE('',#2257,#2260,#1933,.T.);
#2735=EDGE_CURVE('',#2261,#2252,#1934,.T.);
#2736=EDGE_CURVE('',#2251,#2261,#261,.T.);
#2737=EDGE_CURVE('',#2252,#2234,#1935,.T.);
#2738=EDGE_CURVE('',#2249,#2262,#262,.T.);
#2739=EDGE_CURVE('',#2260,#2262,#263,.T.);
#2740=EDGE_CURVE('',#2263,#2263,#1936,.T.);
#2741=EDGE_CURVE('',#2263,#2264,#264,.T.);
#2742=EDGE_CURVE('',#2264,#2264,#1937,.T.);
#2743=EDGE_CURVE('',#2265,#2265,#1938,.T.);
#2744=EDGE_CURVE('',#2265,#2266,#265,.T.);
#2745=EDGE_CURVE('',#2266,#2266,#1939,.T.);
#2746=EDGE_CURVE('',#2267,#2239,#266,.T.);
#2747=EDGE_CURVE('',#2268,#2267,#267,.T.);
#2748=EDGE_CURVE('',#2268,#2240,#268,.T.);
#2749=EDGE_CURVE('',#2255,#2268,#1940,.T.);
#2750=EDGE_CURVE('',#2269,#2256,#269,.T.);
#2751=EDGE_CURVE('',#2267,#2269,#270,.T.);
#2752=EDGE_CURVE('',#2270,#2258,#271,.T.);
#2753=EDGE_CURVE('',#2262,#2270,#272,.T.);
#2754=EDGE_CURVE('',#2237,#2271,#273,.T.);
#2755=EDGE_CURVE('',#2272,#2271,#274,.T.);
#2756=EDGE_CURVE('',#2233,#2272,#275,.T.);
#2757=EDGE_CURVE('',#2234,#2272,#1941,.T.);
#2758=EDGE_CURVE('',#2273,#2247,#276,.T.);
#2759=EDGE_CURVE('',#2273,#2259,#277,.T.);
#2760=EDGE_CURVE('',#2274,#2274,#1942,.T.);
#2761=EDGE_CURVE('',#2274,#2275,#278,.T.);
#2762=EDGE_CURVE('',#2275,#2275,#1943,.T.);
#2763=EDGE_CURVE('',#2269,#2276,#279,.T.);
#2764=EDGE_CURVE('',#2277,#2254,#280,.T.);
#2765=EDGE_CURVE('',#2277,#2276,#281,.T.);
#2766=EDGE_CURVE('',#2276,#2278,#282,.T.);
#2767=EDGE_CURVE('',#2271,#2278,#283,.T.);
#2768=EDGE_CURVE('',#2276,#2270,#284,.T.);
#2769=EDGE_CURVE('',#2277,#2273,#285,.T.);
#2770=EDGE_CURVE('',#2248,#2279,#286,.T.);
#2771=EDGE_CURVE('',#2278,#2279,#287,.T.);
#2772=EDGE_CURVE('',#2279,#2261,#288,.T.);
#2773=EDGE_CURVE('',#2280,#2281,#289,.T.);
#2774=EDGE_CURVE('',#2281,#2282,#1944,.T.);
#2775=EDGE_CURVE('',#2282,#2283,#290,.T.);
#2776=EDGE_CURVE('',#2283,#2280,#1902,.T.);
#2777=EDGE_CURVE('',#2284,#2285,#291,.T.);
#2778=EDGE_CURVE('',#2285,#2286,#1945,.T.);
#2779=EDGE_CURVE('',#2286,#2287,#292,.T.);
#2780=EDGE_CURVE('',#2287,#2284,#1903,.T.);
#2781=EDGE_CURVE('',#2283,#2284,#293,.T.);
#2782=EDGE_CURVE('',#2287,#2280,#294,.T.);
#2783=EDGE_CURVE('',#2288,#2280,#295,.T.);
#2784=EDGE_CURVE('',#2289,#2288,#296,.T.);
#2785=EDGE_CURVE('',#2281,#2289,#297,.T.);
#2786=EDGE_CURVE('',#2287,#2290,#298,.T.);
#2787=EDGE_CURVE('',#2290,#2291,#299,.T.);
#2788=EDGE_CURVE('',#2291,#2292,#300,.T.);
#2789=EDGE_CURVE('',#2292,#2293,#301,.T.);
#2790=EDGE_CURVE('',#2293,#2294,#302,.T.);
#2791=EDGE_CURVE('',#2294,#2288,#303,.T.);
#2792=EDGE_CURVE('',#2286,#2295,#304,.T.);
#2793=EDGE_CURVE('',#2295,#2290,#305,.T.);
#2794=EDGE_CURVE('',#2296,#2297,#306,.T.);
#2795=EDGE_CURVE('',#2297,#2298,#1946,.T.);
#2796=EDGE_CURVE('',#2298,#2299,#307,.T.);
#2797=EDGE_CURVE('',#2299,#2296,#1904,.T.);
#2798=EDGE_CURVE('',#2300,#2301,#308,.T.);
#2799=EDGE_CURVE('',#2301,#2302,#1947,.T.);
#2800=EDGE_CURVE('',#2302,#2303,#309,.T.);
#2801=EDGE_CURVE('',#2303,#2300,#1905,.T.);
#2802=EDGE_CURVE('',#2299,#2300,#310,.T.);
#2803=EDGE_CURVE('',#2303,#2296,#311,.T.);
#2804=EDGE_CURVE('',#2304,#2305,#1948,.T.);
#2805=EDGE_CURVE('',#2306,#2304,#312,.T.);
#2806=EDGE_CURVE('',#2307,#2306,#1949,.T.);
#2807=EDGE_CURVE('',#2308,#2307,#313,.T.);
#2808=EDGE_CURVE('',#2309,#2308,#1950,.T.);
#2809=EDGE_CURVE('',#2310,#2309,#314,.T.);
#2810=EDGE_CURVE('',#2311,#2310,#1951,.T.);
#2811=EDGE_CURVE('',#2305,#2311,#315,.T.);
#2812=EDGE_CURVE('',#2282,#2285,#316,.T.);
#2813=EDGE_CURVE('',#2312,#2313,#1952,.T.);
#2814=EDGE_CURVE('',#2314,#2312,#317,.T.);
#2815=EDGE_CURVE('',#2315,#2314,#1953,.T.);
#2816=EDGE_CURVE('',#2316,#2315,#318,.T.);
#2817=EDGE_CURVE('',#2317,#2316,#1954,.T.);
#2818=EDGE_CURVE('',#2318,#2317,#319,.T.);
#2819=EDGE_CURVE('',#2319,#2318,#1955,.T.);
#2820=EDGE_CURVE('',#2313,#2319,#320,.T.);
#2821=EDGE_CURVE('',#2320,#2320,#1956,.T.);
#2822=EDGE_CURVE('',#2321,#2321,#1957,.T.);
#2823=EDGE_CURVE('',#2322,#2323,#321,.T.);
#2824=EDGE_CURVE('',#2324,#2322,#1906,.T.);
#2825=EDGE_CURVE('',#2325,#2324,#322,.T.);
#2826=EDGE_CURVE('',#2326,#2325,#1907,.T.);
#2827=EDGE_CURVE('',#2327,#2326,#323,.T.);
#2828=EDGE_CURVE('',#2328,#2327,#1908,.T.);
#2829=EDGE_CURVE('',#2329,#2328,#324,.T.);
#2830=EDGE_CURVE('',#2323,#2329,#1909,.T.);
#2831=EDGE_CURVE('',#2302,#2297,#325,.T.);
#2832=EDGE_CURVE('',#2330,#2330,#1958,.T.);
#2833=EDGE_CURVE('',#2331,#2331,#1959,.T.);
#2834=EDGE_CURVE('',#2332,#2312,#1960,.T.);
#2835=EDGE_CURVE('',#2313,#2333,#1961,.T.);
#2836=EDGE_CURVE('',#2333,#2332,#1962,.T.);
#2837=EDGE_CURVE('',#2319,#2334,#1963,.T.);
#2838=EDGE_CURVE('',#2334,#2333,#326,.T.);
#2839=EDGE_CURVE('',#2318,#2335,#1964,.T.);
#2840=EDGE_CURVE('',#2335,#2334,#1965,.T.);
#2841=EDGE_CURVE('',#2317,#2336,#1966,.T.);
#2842=EDGE_CURVE('',#2336,#2335,#327,.T.);
#2843=EDGE_CURVE('',#2316,#2337,#1967,.T.);
#2844=EDGE_CURVE('',#2337,#2336,#1968,.T.);
#2845=EDGE_CURVE('',#2315,#2338,#1969,.T.);
#2846=EDGE_CURVE('',#2338,#2337,#328,.T.);
#2847=EDGE_CURVE('',#2314,#2339,#1970,.T.);
#2848=EDGE_CURVE('',#2339,#2338,#1971,.T.);
#2849=EDGE_CURVE('',#2332,#2339,#329,.T.);
#2850=EDGE_CURVE('',#2340,#2338,#330,.T.);
#2851=EDGE_CURVE('',#2341,#2340,#331,.T.);
#2852=EDGE_CURVE('',#2337,#2341,#332,.T.);
#2853=EDGE_CURVE('',#2339,#2342,#333,.T.);
#2854=EDGE_CURVE('',#2342,#2340,#1972,.T.);
#2855=EDGE_CURVE('',#2343,#2332,#334,.T.);
#2856=EDGE_CURVE('',#2342,#2343,#335,.T.);
#2857=EDGE_CURVE('',#2333,#2344,#336,.T.);
#2858=EDGE_CURVE('',#2344,#2343,#1973,.T.);
#2859=EDGE_CURVE('',#2345,#2346,#1974,.T.);
#2860=EDGE_CURVE('',#2345,#2347,#337,.T.);
#2861=EDGE_CURVE('',#2347,#2348,#1975,.T.);
#2862=EDGE_CURVE('',#2348,#2346,#338,.T.);
#2863=EDGE_CURVE('',#2349,#2348,#339,.T.);
#2864=EDGE_CURVE('',#2350,#2349,#340,.T.);
#2865=EDGE_CURVE('',#2346,#2350,#341,.T.);
#2866=EDGE_CURVE('',#2351,#2352,#1976,.T.);
#2867=EDGE_CURVE('',#2351,#2353,#342,.T.);
#2868=EDGE_CURVE('',#2353,#2354,#1977,.T.);
#2869=EDGE_CURVE('',#2354,#2352,#343,.T.);
#2870=EDGE_CURVE('',#2352,#2345,#344,.T.);
#2871=EDGE_CURVE('',#2347,#2354,#345,.T.);
#2872=EDGE_CURVE('',#2355,#2356,#1978,.T.);
#2873=EDGE_CURVE('',#2355,#2357,#346,.T.);
#2874=EDGE_CURVE('',#2357,#2358,#1979,.T.);
#2875=EDGE_CURVE('',#2358,#2356,#347,.T.);
#2876=EDGE_CURVE('',#2356,#2351,#348,.T.);
#2877=EDGE_CURVE('',#2353,#2358,#349,.T.);
#2878=EDGE_CURVE('',#2350,#2359,#1980,.T.);
#2879=EDGE_CURVE('',#2349,#2360,#1981,.T.);
#2880=EDGE_CURVE('',#2360,#2359,#350,.T.);
#2881=EDGE_CURVE('',#2359,#2355,#351,.T.);
#2882=EDGE_CURVE('',#2357,#2360,#352,.T.);
#2883=EDGE_CURVE('',#2344,#2361,#353,.T.);
#2884=EDGE_CURVE('',#2362,#2361,#1982,.T.);
#2885=EDGE_CURVE('',#2362,#2363,#354,.T.);
#2886=EDGE_CURVE('',#2341,#2363,#1983,.T.);
#2887=EDGE_CURVE('',#2363,#2336,#355,.T.);
#2888=EDGE_CURVE('',#2335,#2362,#356,.T.);
#2889=EDGE_CURVE('',#2361,#2334,#357,.T.);
#2890=EDGE_CURVE('',#2364,#2364,#1984,.T.);
#2891=EDGE_CURVE('',#2364,#2365,#358,.T.);
#2892=EDGE_CURVE('',#2365,#2365,#1985,.T.);
#2893=EDGE_CURVE('',#2365,#2366,#359,.T.);
#2894=EDGE_CURVE('',#2366,#2366,#1986,.T.);
#2895=EDGE_CURVE('',#2367,#2367,#1987,.T.);
#2896=EDGE_CURVE('',#2367,#2368,#360,.T.);
#2897=EDGE_CURVE('',#2368,#2368,#1988,.T.);
#2898=EDGE_CURVE('',#2368,#2369,#361,.T.);
#2899=EDGE_CURVE('',#2369,#2369,#1989,.T.);
#2900=EDGE_CURVE('',#2370,#2370,#1990,.T.);
#2901=EDGE_CURVE('',#2370,#2371,#362,.T.);
#2902=EDGE_CURVE('',#2371,#2371,#1991,.T.);
#2903=EDGE_CURVE('',#2371,#2372,#363,.T.);
#2904=EDGE_CURVE('',#2372,#2372,#1992,.T.);
#2905=EDGE_CURVE('',#2373,#2373,#1993,.T.);
#2906=EDGE_CURVE('',#2373,#2374,#364,.T.);
#2907=EDGE_CURVE('',#2374,#2374,#1994,.T.);
#2908=EDGE_CURVE('',#2374,#2375,#365,.T.);
#2909=EDGE_CURVE('',#2375,#2375,#1995,.T.);
#2910=EDGE_CURVE('',#2376,#2376,#1996,.T.);
#2911=EDGE_CURVE('',#2376,#2320,#1997,.T.);
#2912=EDGE_CURVE('',#2367,#2376,#366,.T.);
#2913=EDGE_CURVE('',#2377,#2377,#1998,.T.);
#2914=EDGE_CURVE('',#2377,#2331,#1999,.T.);
#2915=EDGE_CURVE('',#2370,#2377,#367,.T.);
#2916=EDGE_CURVE('',#2378,#2378,#2000,.T.);
#2917=EDGE_CURVE('',#2378,#2321,#2001,.T.);
#2918=EDGE_CURVE('',#2364,#2378,#368,.T.);
#2919=EDGE_CURVE('',#2379,#2379,#2002,.T.);
#2920=EDGE_CURVE('',#2379,#2330,#2003,.T.);
#2921=EDGE_CURVE('',#2373,#2379,#369,.T.);
#2922=EDGE_CURVE('',#2380,#2381,#2004,.T.);
#2923=EDGE_CURVE('',#2381,#2304,#370,.T.);
#2924=EDGE_CURVE('',#2305,#2380,#371,.T.);
#2925=EDGE_CURVE('',#2382,#2381,#372,.T.);
#2926=EDGE_CURVE('',#2306,#2382,#373,.T.);
#2927=EDGE_CURVE('',#2382,#2383,#2005,.T.);
#2928=EDGE_CURVE('',#2383,#2307,#374,.T.);
#2929=EDGE_CURVE('',#2384,#2385,#2006,.T.);
#2930=EDGE_CURVE('',#2385,#2309,#375,.T.);
#2931=EDGE_CURVE('',#2308,#2384,#376,.T.);
#2932=EDGE_CURVE('',#2386,#2385,#377,.T.);
#2933=EDGE_CURVE('',#2310,#2386,#378,.T.);
#2934=EDGE_CURVE('',#2386,#2387,#2007,.T.);
#2935=EDGE_CURVE('',#2387,#2311,#379,.T.);
#2936=EDGE_CURVE('',#2388,#2388,#2008,.T.);
#2937=EDGE_CURVE('',#2388,#2389,#380,.T.);
#2938=EDGE_CURVE('',#2389,#2389,#2009,.T.);
#2939=EDGE_CURVE('',#2390,#2390,#2010,.T.);
#2940=EDGE_CURVE('',#2390,#2391,#381,.T.);
#2941=EDGE_CURVE('',#2391,#2391,#2011,.T.);
#2942=EDGE_CURVE('',#2392,#2392,#2012,.T.);
#2943=EDGE_CURVE('',#2392,#2393,#382,.T.);
#2944=EDGE_CURVE('',#2393,#2393,#2013,.T.);
#2945=EDGE_CURVE('',#2394,#2394,#2014,.T.);
#2946=EDGE_CURVE('',#2394,#2395,#383,.T.);
#2947=EDGE_CURVE('',#2395,#2395,#2015,.T.);
#2948=EDGE_CURVE('',#2289,#2396,#384,.T.);
#2949=EDGE_CURVE('',#2396,#2294,#385,.T.);
#2950=EDGE_CURVE('',#2396,#2397,#386,.T.);
#2951=EDGE_CURVE('',#2397,#2293,#387,.T.);
#2952=EDGE_CURVE('',#2398,#2397,#388,.T.);
#2953=EDGE_CURVE('',#2398,#2292,#389,.T.);
#2954=EDGE_CURVE('',#2399,#2398,#390,.T.);
#2955=EDGE_CURVE('',#2399,#2291,#391,.T.);
#2956=EDGE_CURVE('',#2295,#2399,#392,.T.);
#2957=EDGE_CURVE('',#2400,#2300,#393,.T.);
#2958=EDGE_CURVE('',#2401,#2400,#394,.T.);
#2959=EDGE_CURVE('',#2301,#2401,#395,.T.);
#2960=EDGE_CURVE('',#2401,#2402,#396,.T.);
#2961=EDGE_CURVE('',#2403,#2400,#397,.T.);
#2962=EDGE_CURVE('',#2402,#2403,#398,.T.);
#2963=EDGE_CURVE('',#2402,#2404,#399,.T.);
#2964=EDGE_CURVE('',#2405,#2403,#400,.T.);
#2965=EDGE_CURVE('',#2404,#2405,#401,.T.);
#2966=EDGE_CURVE('',#2406,#2404,#402,.T.);
#2967=EDGE_CURVE('',#2407,#2405,#403,.T.);
#2968=EDGE_CURVE('',#2406,#2407,#404,.T.);
#2969=EDGE_CURVE('',#2408,#2406,#405,.T.);
#2970=EDGE_CURVE('',#2409,#2407,#406,.T.);
#2971=EDGE_CURVE('',#2408,#2409,#407,.T.);
#2972=EDGE_CURVE('',#2410,#2408,#408,.T.);
#2973=EDGE_CURVE('',#2411,#2409,#409,.T.);
#2974=EDGE_CURVE('',#2410,#2411,#410,.T.);
#2975=EDGE_CURVE('',#2298,#2410,#411,.T.);
#2976=EDGE_CURVE('',#2299,#2411,#412,.T.);
#2977=EDGE_CURVE('',#2412,#2322,#2016,.T.);
#2978=EDGE_CURVE('',#2323,#2413,#2017,.T.);
#2979=EDGE_CURVE('',#2413,#2412,#413,.T.);
#2980=EDGE_CURVE('',#2329,#2414,#2018,.T.);
#2981=EDGE_CURVE('',#2414,#2413,#1910,.T.);
#2982=EDGE_CURVE('',#2328,#2415,#2019,.T.);
#2983=EDGE_CURVE('',#2415,#2414,#414,.T.);
#2984=EDGE_CURVE('',#2327,#2416,#2020,.T.);
#2985=EDGE_CURVE('',#2416,#2415,#1911,.T.);
#2986=EDGE_CURVE('',#2326,#2417,#2021,.T.);
#2987=EDGE_CURVE('',#2417,#2416,#415,.T.);
#2988=EDGE_CURVE('',#2325,#2418,#2022,.T.);
#2989=EDGE_CURVE('',#2418,#2417,#1912,.T.);
#2990=EDGE_CURVE('',#2324,#2419,#2023,.T.);
#2991=EDGE_CURVE('',#2419,#2418,#416,.T.);
#2992=EDGE_CURVE('',#2412,#2419,#1913,.T.);
#2993=EDGE_CURVE('',#2418,#2420,#417,.T.);
#2994=EDGE_CURVE('',#2421,#2420,#27,.T.);
#2995=EDGE_CURVE('',#2417,#2421,#418,.T.);
#2996=EDGE_CURVE('',#2422,#2419,#419,.T.);
#2997=EDGE_CURVE('',#2422,#2420,#420,.T.);
#2998=EDGE_CURVE('',#2412,#2423,#421,.T.);
#2999=EDGE_CURVE('',#2422,#2423,#28,.T.);
#3000=EDGE_CURVE('',#2413,#2424,#422,.T.);
#3001=EDGE_CURVE('',#2425,#2424,#1914,.T.);
#3002=EDGE_CURVE('',#2425,#2426,#423,.T.);
#3003=EDGE_CURVE('',#2423,#2426,#1915,.T.);
#3004=EDGE_CURVE('',#2384,#2383,#424,.T.);
#3005=EDGE_CURVE('',#2380,#2387,#425,.T.);
#3006=EDGE_CURVE('',#2427,#2428,#2024,.T.);
#3007=EDGE_CURVE('',#2428,#2429,#426,.T.);
#3008=EDGE_CURVE('',#2429,#2430,#2025,.T.);
#3009=EDGE_CURVE('',#2430,#2427,#427,.T.);
#3010=EDGE_CURVE('',#2431,#2432,#2026,.T.);
#3011=EDGE_CURVE('',#2432,#2430,#2027,.T.);
#3012=EDGE_CURVE('',#2429,#2431,#2028,.T.);
#3013=EDGE_CURVE('',#2433,#2434,#2029,.T.);
#3014=EDGE_CURVE('',#2434,#2432,#428,.T.);
#3015=EDGE_CURVE('',#2431,#2433,#429,.T.);
#3016=EDGE_CURVE('',#2435,#2436,#2030,.T.);
#3017=EDGE_CURVE('',#2436,#2434,#2031,.T.);
#3018=EDGE_CURVE('',#2433,#2435,#2032,.T.);
#3019=EDGE_CURVE('',#2437,#2438,#2033,.T.);
#3020=EDGE_CURVE('',#2438,#2436,#430,.T.);
#3021=EDGE_CURVE('',#2435,#2437,#431,.T.);
#3022=EDGE_CURVE('',#2439,#2440,#2034,.T.);
#3023=EDGE_CURVE('',#2440,#2438,#2035,.T.);
#3024=EDGE_CURVE('',#2437,#2439,#2036,.T.);
#3025=EDGE_CURVE('',#2441,#2442,#2037,.T.);
#3026=EDGE_CURVE('',#2442,#2440,#432,.T.);
#3027=EDGE_CURVE('',#2439,#2441,#433,.T.);
#3028=EDGE_CURVE('',#2443,#2444,#2038,.T.);
#3029=EDGE_CURVE('',#2444,#2442,#2039,.T.);
#3030=EDGE_CURVE('',#2441,#2443,#2040,.T.);
#3031=EDGE_CURVE('',#2445,#2446,#2041,.T.);
#3032=EDGE_CURVE('',#2446,#2444,#434,.T.);
#3033=EDGE_CURVE('',#2443,#2445,#435,.T.);
#3034=EDGE_CURVE('',#2447,#2448,#2042,.T.);
#3035=EDGE_CURVE('',#2448,#2446,#2043,.T.);
#3036=EDGE_CURVE('',#2445,#2447,#2044,.T.);
#3037=EDGE_CURVE('',#2449,#2450,#2045,.T.);
#3038=EDGE_CURVE('',#2450,#2448,#436,.T.);
#3039=EDGE_CURVE('',#2447,#2449,#437,.T.);
#3040=EDGE_CURVE('',#2451,#2452,#2046,.T.);
#3041=EDGE_CURVE('',#2452,#2450,#2047,.T.);
#3042=EDGE_CURVE('',#2449,#2451,#2048,.T.);
#3043=EDGE_CURVE('',#2453,#2454,#2049,.T.);
#3044=EDGE_CURVE('',#2454,#2452,#438,.T.);
#3045=EDGE_CURVE('',#2451,#2453,#439,.T.);
#3046=EDGE_CURVE('',#2455,#2456,#2050,.T.);
#3047=EDGE_CURVE('',#2456,#2454,#2051,.T.);
#3048=EDGE_CURVE('',#2453,#2455,#2052,.T.);
#3049=EDGE_CURVE('',#2457,#2458,#2053,.T.);
#3050=EDGE_CURVE('',#2458,#2456,#440,.T.);
#3051=EDGE_CURVE('',#2455,#2457,#441,.T.);
#3052=EDGE_CURVE('',#2457,#2428,#2054,.T.);
#3053=EDGE_CURVE('',#2427,#2458,#2055,.T.);
#3054=EDGE_CURVE('',#2459,#2454,#442,.T.);
#3055=EDGE_CURVE('',#2460,#2459,#443,.T.);
#3056=EDGE_CURVE('',#2461,#2460,#2056,.T.);
#3057=EDGE_CURVE('',#2462,#2461,#444,.T.);
#3058=EDGE_CURVE('',#2463,#2462,#2057,.T.);
#3059=EDGE_CURVE('',#2464,#2463,#445,.T.);
#3060=EDGE_CURVE('',#2465,#2464,#446,.T.);
#3061=EDGE_CURVE('',#2466,#2465,#447,.T.);
#3062=EDGE_CURVE('',#2467,#2466,#2058,.T.);
#3063=EDGE_CURVE('',#2468,#2467,#448,.T.);
#3064=EDGE_CURVE('',#2469,#2468,#2059,.T.);
#3065=EDGE_CURVE('',#2470,#2469,#449,.T.);
#3066=EDGE_CURVE('',#2470,#2440,#450,.T.);
#3067=EDGE_CURVE('',#2471,#2456,#451,.T.);
#3068=EDGE_CURVE('',#2459,#2471,#2060,.T.);
#3069=EDGE_CURVE('',#2441,#2435,#452,.T.);
#3070=EDGE_CURVE('',#2472,#2472,#2061,.T.);
#3071=EDGE_CURVE('',#2433,#2443,#453,.T.);
#3072=EDGE_CURVE('',#2473,#2474,#2062,.T.);
#3073=EDGE_CURVE('',#2474,#2422,#454,.T.);
#3074=EDGE_CURVE('',#2426,#2473,#455,.T.);
#3075=EDGE_CURVE('',#2475,#2476,#2063,.T.);
#3076=EDGE_CURVE('',#2476,#2474,#2064,.T.);
#3077=EDGE_CURVE('',#2473,#2475,#2065,.T.);
#3078=EDGE_CURVE('',#2477,#2478,#2066,.T.);
#3079=EDGE_CURVE('',#2478,#2476,#456,.T.);
#3080=EDGE_CURVE('',#2475,#2477,#457,.T.);
#3081=EDGE_CURVE('',#2479,#2480,#2067,.T.);
#3082=EDGE_CURVE('',#2480,#2478,#2068,.T.);
#3083=EDGE_CURVE('',#2477,#2479,#2069,.T.);
#3084=EDGE_CURVE('',#2481,#2471,#2070,.T.);
#3085=EDGE_CURVE('',#2471,#2480,#458,.T.);
#3086=EDGE_CURVE('',#2479,#2481,#459,.T.);
#3087=EDGE_CURVE('',#2482,#2459,#2071,.T.);
#3088=EDGE_CURVE('',#2481,#2482,#2072,.T.);
#3089=EDGE_CURVE('',#2483,#2460,#2073,.T.);
#3090=EDGE_CURVE('',#2482,#2483,#460,.T.);
#3091=EDGE_CURVE('',#2484,#2461,#2074,.T.);
#3092=EDGE_CURVE('',#2483,#2484,#2075,.T.);
#3093=EDGE_CURVE('',#2485,#2462,#2076,.T.);
#3094=EDGE_CURVE('',#2484,#2485,#461,.T.);
#3095=EDGE_CURVE('',#2486,#2463,#2077,.T.);
#3096=EDGE_CURVE('',#2485,#2486,#2078,.T.);
#3097=EDGE_CURVE('',#2486,#2425,#462,.T.);
#3098=EDGE_CURVE('',#2424,#2464,#29,.T.);
#3099=EDGE_CURVE('',#2414,#2464,#463,.T.);
#3100=EDGE_CURVE('',#2487,#2438,#464,.T.);
#3101=EDGE_CURVE('',#2488,#2487,#465,.T.);
#3102=EDGE_CURVE('',#2489,#2488,#2079,.T.);
#3103=EDGE_CURVE('',#2490,#2489,#466,.T.);
#3104=EDGE_CURVE('',#2491,#2490,#2080,.T.);
#3105=EDGE_CURVE('',#2420,#2491,#467,.T.);
#3106=EDGE_CURVE('',#2465,#2415,#468,.T.);
#3107=EDGE_CURVE('',#2491,#2492,#2081,.T.);
#3108=EDGE_CURVE('',#2492,#2493,#469,.T.);
#3109=EDGE_CURVE('',#2493,#2421,#1916,.T.);
#3110=EDGE_CURVE('',#2490,#2494,#2082,.T.);
#3111=EDGE_CURVE('',#2494,#2492,#2083,.T.);
#3112=EDGE_CURVE('',#2489,#2495,#2084,.T.);
#3113=EDGE_CURVE('',#2495,#2494,#470,.T.);
#3114=EDGE_CURVE('',#2488,#2496,#2085,.T.);
#3115=EDGE_CURVE('',#2496,#2495,#2086,.T.);
#3116=EDGE_CURVE('',#2487,#2497,#2087,.T.);
#3117=EDGE_CURVE('',#2497,#2496,#471,.T.);
#3118=EDGE_CURVE('',#2470,#2498,#2088,.T.);
#3119=EDGE_CURVE('',#2498,#2497,#2089,.T.);
#3120=EDGE_CURVE('',#2487,#2470,#2090,.T.);
#3121=EDGE_CURVE('',#2469,#2499,#2091,.T.);
#3122=EDGE_CURVE('',#2499,#2498,#472,.T.);
#3123=EDGE_CURVE('',#2468,#2500,#2092,.T.);
#3124=EDGE_CURVE('',#2500,#2499,#2093,.T.);
#3125=EDGE_CURVE('',#2467,#2501,#2094,.T.);
#3126=EDGE_CURVE('',#2501,#2500,#473,.T.);
#3127=EDGE_CURVE('',#2466,#2502,#2095,.T.);
#3128=EDGE_CURVE('',#2502,#2501,#2096,.T.);
#3129=EDGE_CURVE('',#2503,#2502,#474,.T.);
#3130=EDGE_CURVE('',#2465,#2504,#30,.T.);
#3131=EDGE_CURVE('',#2504,#2503,#1917,.T.);
#3132=EDGE_CURVE('',#2416,#2504,#475,.T.);
#3133=EDGE_CURVE('',#2496,#2499,#476,.T.);
#3134=EDGE_CURVE('',#2505,#2505,#2097,.T.);
#3135=EDGE_CURVE('',#2500,#2495,#477,.T.);
#3136=EDGE_CURVE('',#2494,#2501,#478,.T.);
#3137=EDGE_CURVE('',#2502,#2492,#479,.T.);
#3138=EDGE_CURVE('',#2493,#2503,#480,.T.);
#3139=EDGE_CURVE('',#2445,#2431,#481,.T.);
#3140=EDGE_CURVE('',#2449,#2428,#482,.T.);
#3141=EDGE_CURVE('',#2457,#2451,#483,.T.);
#3142=EDGE_CURVE('',#2506,#2506,#2098,.T.);
#3143=EDGE_CURVE('',#2477,#2484,#484,.T.);
#3144=EDGE_CURVE('',#2483,#2479,#485,.T.);
#3145=EDGE_CURVE('',#2485,#2475,#486,.T.);
#3146=EDGE_CURVE('',#2473,#2486,#487,.T.);
#3147=EDGE_CURVE('',#2447,#2429,#488,.T.);
#3148=EDGE_CURVE('',#2506,#2507,#489,.T.);
#3149=EDGE_CURVE('',#2507,#2507,#2099,.T.);
#3150=EDGE_CURVE('',#2472,#2505,#490,.T.);
#3151=EDGE_CURVE('',#2508,#2509,#2100,.T.);
#3152=EDGE_CURVE('',#2509,#2510,#2101,.T.);
#3153=EDGE_CURVE('',#2510,#2511,#2102,.T.);
#3154=EDGE_CURVE('',#2511,#2508,#2103,.T.);
#3155=EDGE_CURVE('',#2512,#2513,#2104,.T.);
#3156=EDGE_CURVE('',#2513,#2511,#491,.T.);
#3157=EDGE_CURVE('',#2510,#2512,#492,.T.);
#3158=EDGE_CURVE('',#2514,#2515,#2105,.T.);
#3159=EDGE_CURVE('',#2515,#2513,#2106,.T.);
#3160=EDGE_CURVE('',#2512,#2514,#2107,.T.);
#3161=EDGE_CURVE('',#2516,#2517,#2108,.T.);
#3162=EDGE_CURVE('',#2517,#2515,#493,.T.);
#3163=EDGE_CURVE('',#2514,#2516,#494,.T.);
#3164=EDGE_CURVE('',#2518,#2519,#2109,.T.);
#3165=EDGE_CURVE('',#2519,#2517,#2110,.T.);
#3166=EDGE_CURVE('',#2516,#2518,#2111,.T.);
#3167=EDGE_CURVE('',#2520,#2521,#2112,.T.);
#3168=EDGE_CURVE('',#2521,#2519,#495,.T.);
#3169=EDGE_CURVE('',#2518,#2520,#496,.T.);
#3170=EDGE_CURVE('',#2522,#2523,#2113,.T.);
#3171=EDGE_CURVE('',#2523,#2521,#2114,.T.);
#3172=EDGE_CURVE('',#2520,#2522,#2115,.T.);
#3173=EDGE_CURVE('',#2522,#2509,#497,.T.);
#3174=EDGE_CURVE('',#2508,#2523,#498,.T.);
#3175=EDGE_CURVE('',#2524,#2521,#499,.T.);
#3176=EDGE_CURVE('',#2525,#2524,#2116,.T.);
#3177=EDGE_CURVE('',#2519,#2525,#500,.T.);
#3178=EDGE_CURVE('',#2526,#2526,#2117,.T.);
#3179=EDGE_CURVE('',#2523,#2527,#501,.T.);
#3180=EDGE_CURVE('',#2524,#2527,#2118,.T.);
#3181=EDGE_CURVE('',#2528,#2508,#502,.T.);
#3182=EDGE_CURVE('',#2527,#2528,#503,.T.);
#3183=EDGE_CURVE('',#2511,#2529,#504,.T.);
#3184=EDGE_CURVE('',#2528,#2529,#2119,.T.);
#3185=EDGE_CURVE('',#2525,#2530,#2120,.T.);
#3186=EDGE_CURVE('',#2530,#2517,#505,.T.);
#3187=EDGE_CURVE('',#2527,#2530,#2121,.T.);
#3188=EDGE_CURVE('',#2515,#2531,#506,.T.);
#3189=EDGE_CURVE('',#2531,#2532,#2122,.T.);
#3190=EDGE_CURVE('',#2532,#2513,#507,.T.);
#3191=EDGE_CURVE('',#2529,#2532,#2123,.T.);
#3192=EDGE_CURVE('',#2531,#2528,#2124,.T.);
#3193=EDGE_CURVE('',#2530,#2531,#508,.T.);
#3194=EDGE_CURVE('',#2533,#2534,#2125,.T.);
#3195=EDGE_CURVE('',#2533,#2535,#509,.T.);
#3196=EDGE_CURVE('',#2535,#2536,#2126,.T.);
#3197=EDGE_CURVE('',#2536,#2534,#510,.T.);
#3198=EDGE_CURVE('',#2537,#2536,#511,.T.);
#3199=EDGE_CURVE('',#2538,#2537,#512,.T.);
#3200=EDGE_CURVE('',#2534,#2538,#513,.T.);
#3201=EDGE_CURVE('',#2539,#2540,#2127,.T.);
#3202=EDGE_CURVE('',#2539,#2541,#514,.T.);
#3203=EDGE_CURVE('',#2541,#2542,#2128,.T.);
#3204=EDGE_CURVE('',#2542,#2540,#515,.T.);
#3205=EDGE_CURVE('',#2540,#2533,#516,.T.);
#3206=EDGE_CURVE('',#2535,#2542,#517,.T.);
#3207=EDGE_CURVE('',#2543,#2544,#2129,.T.);
#3208=EDGE_CURVE('',#2543,#2545,#518,.T.);
#3209=EDGE_CURVE('',#2545,#2546,#2130,.T.);
#3210=EDGE_CURVE('',#2546,#2544,#519,.T.);
#3211=EDGE_CURVE('',#2544,#2539,#520,.T.);
#3212=EDGE_CURVE('',#2541,#2546,#521,.T.);
#3213=EDGE_CURVE('',#2547,#2548,#2131,.T.);
#3214=EDGE_CURVE('',#2547,#2549,#522,.T.);
#3215=EDGE_CURVE('',#2549,#2550,#2132,.T.);
#3216=EDGE_CURVE('',#2550,#2548,#523,.T.);
#3217=EDGE_CURVE('',#2548,#2543,#524,.T.);
#3218=EDGE_CURVE('',#2545,#2550,#525,.T.);
#3219=EDGE_CURVE('',#2537,#2551,#2133,.T.);
#3220=EDGE_CURVE('',#2551,#2552,#526,.T.);
#3221=EDGE_CURVE('',#2552,#2538,#2134,.F.);
#3222=EDGE_CURVE('',#2553,#2551,#527,.T.);
#3223=EDGE_CURVE('',#2554,#2553,#528,.T.);
#3224=EDGE_CURVE('',#2552,#2554,#529,.T.);
#3225=EDGE_CURVE('',#2549,#2555,#530,.T.);
#3226=EDGE_CURVE('',#2556,#2555,#2135,.T.);
#3227=EDGE_CURVE('',#2556,#2557,#531,.T.);
#3228=EDGE_CURVE('',#2558,#2557,#2136,.T.);
#3229=EDGE_CURVE('',#2558,#2559,#532,.T.);
#3230=EDGE_CURVE('',#2560,#2559,#2137,.T.);
#3231=EDGE_CURVE('',#2560,#2561,#533,.T.);
#3232=EDGE_CURVE('',#2562,#2561,#2138,.T.);
#3233=EDGE_CURVE('',#2562,#2563,#534,.T.);
#3234=EDGE_CURVE('',#2564,#2563,#2139,.T.);
#3235=EDGE_CURVE('',#2564,#2565,#535,.T.);
#3236=EDGE_CURVE('',#2566,#2565,#2140,.T.);
#3237=EDGE_CURVE('',#2566,#2567,#536,.T.);
#3238=EDGE_CURVE('',#2553,#2567,#2141,.T.);
#3239=EDGE_CURVE('',#2567,#2568,#537,.T.);
#3240=EDGE_CURVE('',#2568,#2554,#2142,.F.);
#3241=EDGE_CURVE('',#2568,#2569,#538,.T.);
#3242=EDGE_CURVE('',#2570,#2566,#539,.T.);
#3243=EDGE_CURVE('',#2571,#2570,#540,.T.);
#3244=EDGE_CURVE('',#2559,#2571,#541,.T.);
#3245=EDGE_CURVE('',#2569,#2558,#542,.T.);
#3246=EDGE_CURVE('',#2557,#2572,#543,.T.);
#3247=EDGE_CURVE('',#2572,#2569,#2143,.F.);
#3248=EDGE_CURVE('',#2573,#2556,#544,.T.);
#3249=EDGE_CURVE('',#2572,#2573,#545,.T.);
#3250=EDGE_CURVE('',#2555,#2574,#546,.T.);
#3251=EDGE_CURVE('',#2574,#2573,#2144,.F.);
#3252=EDGE_CURVE('',#2574,#2547,#547,.T.);
#3253=EDGE_CURVE('',#2561,#2575,#548,.T.);
#3254=EDGE_CURVE('',#2575,#2576,#2145,.T.);
#3255=EDGE_CURVE('',#2576,#2562,#549,.T.);
#3256=EDGE_CURVE('',#2577,#2560,#550,.T.);
#3257=EDGE_CURVE('',#2575,#2577,#551,.T.);
#3258=EDGE_CURVE('',#2563,#2578,#552,.T.);
#3259=EDGE_CURVE('',#2578,#2579,#2146,.T.);
#3260=EDGE_CURVE('',#2579,#2564,#553,.T.);
#3261=EDGE_CURVE('',#2516,#2579,#554,.T.);
#3262=EDGE_CURVE('',#2580,#2514,#555,.T.);
#3263=EDGE_CURVE('',#2565,#2580,#556,.T.);
#3264=EDGE_CURVE('',#2580,#2570,#2147,.T.);
#3265=EDGE_CURVE('',#2571,#2577,#2148,.T.);
#3266=EDGE_CURVE('',#2578,#2581,#557,.T.);
#3267=EDGE_CURVE('',#2582,#2581,#2149,.T.);
#3268=EDGE_CURVE('',#2583,#2582,#558,.T.);
#3269=EDGE_CURVE('',#2584,#2583,#2150,.T.);
#3270=EDGE_CURVE('',#2585,#2584,#559,.T.);
#3271=EDGE_CURVE('',#2586,#2585,#2151,.T.);
#3272=EDGE_CURVE('',#2587,#2586,#560,.T.);
#3273=EDGE_CURVE('',#2588,#2587,#2152,.T.);
#3274=EDGE_CURVE('',#2588,#2576,#561,.T.);
#3275=EDGE_CURVE('',#2589,#2590,#562,.T.);
#3276=EDGE_CURVE('',#2591,#2589,#563,.T.);
#3277=EDGE_CURVE('',#2592,#2591,#564,.T.);
#3278=EDGE_CURVE('',#2593,#2592,#2153,.T.);
#3279=EDGE_CURVE('',#2594,#2593,#565,.T.);
#3280=EDGE_CURVE('',#2595,#2594,#2154,.T.);
#3281=EDGE_CURVE('',#2596,#2595,#566,.T.);
#3282=EDGE_CURVE('',#2597,#2596,#2155,.T.);
#3283=EDGE_CURVE('',#2598,#2597,#567,.T.);
#3284=EDGE_CURVE('',#2599,#2598,#2156,.T.);
#3285=EDGE_CURVE('',#2600,#2599,#568,.T.);
#3286=EDGE_CURVE('',#2601,#2600,#569,.T.);
#3287=EDGE_CURVE('',#2602,#2601,#570,.T.);
#3288=EDGE_CURVE('',#2603,#2602,#2157,.T.);
#3289=EDGE_CURVE('',#2604,#2603,#571,.T.);
#3290=EDGE_CURVE('',#2605,#2604,#2158,.T.);
#3291=EDGE_CURVE('',#2606,#2605,#572,.T.);
#3292=EDGE_CURVE('',#2607,#2606,#2159,.T.);
#3293=EDGE_CURVE('',#2608,#2607,#573,.T.);
#3294=EDGE_CURVE('',#2590,#2608,#2160,.T.);
#3295=EDGE_CURVE('',#2609,#2584,#2161,.T.);
#3296=EDGE_CURVE('',#2583,#2610,#2162,.T.);
#3297=EDGE_CURVE('',#2610,#2609,#2163,.T.);
#3298=EDGE_CURVE('',#2582,#2611,#2164,.T.);
#3299=EDGE_CURVE('',#2611,#2610,#574,.T.);
#3300=EDGE_CURVE('',#2581,#2612,#2165,.T.);
#3301=EDGE_CURVE('',#2612,#2611,#2166,.T.);
#3302=EDGE_CURVE('',#2588,#2613,#2167,.T.);
#3303=EDGE_CURVE('',#2613,#2612,#575,.T.);
#3304=EDGE_CURVE('',#2581,#2588,#576,.T.);
#3305=EDGE_CURVE('',#2587,#2614,#2168,.T.);
#3306=EDGE_CURVE('',#2614,#2613,#2169,.T.);
#3307=EDGE_CURVE('',#2586,#2615,#2170,.T.);
#3308=EDGE_CURVE('',#2615,#2614,#577,.T.);
#3309=EDGE_CURVE('',#2585,#2616,#2171,.T.);
#3310=EDGE_CURVE('',#2616,#2615,#2172,.T.);
#3311=EDGE_CURVE('',#2609,#2616,#578,.T.);
#3312=EDGE_CURVE('',#2617,#2615,#579,.T.);
#3313=EDGE_CURVE('',#2618,#2617,#2173,.T.);
#3314=EDGE_CURVE('',#2614,#2618,#580,.T.);
#3315=EDGE_CURVE('',#2619,#2619,#2174,.T.);
#3316=EDGE_CURVE('',#2616,#2620,#581,.T.);
#3317=EDGE_CURVE('',#2620,#2617,#2175,.T.);
#3318=EDGE_CURVE('',#2621,#2609,#582,.T.);
#3319=EDGE_CURVE('',#2621,#2620,#583,.T.);
#3320=EDGE_CURVE('',#2610,#2622,#584,.T.);
#3321=EDGE_CURVE('',#2622,#2621,#2176,.T.);
#3322=EDGE_CURVE('',#2623,#2618,#2177,.T.);
#3323=EDGE_CURVE('',#2620,#2623,#2178,.T.);
#3324=EDGE_CURVE('',#2623,#2613,#585,.T.);
#3325=EDGE_CURVE('',#2624,#2623,#586,.T.);
#3326=EDGE_CURVE('',#2612,#2624,#587,.T.);
#3327=EDGE_CURVE('',#2624,#2621,#2179,.T.);
#3328=EDGE_CURVE('',#2625,#2624,#2180,.T.);
#3329=EDGE_CURVE('',#2622,#2625,#2181,.T.);
#3330=EDGE_CURVE('',#2625,#2611,#588,.T.);
#3331=EDGE_CURVE('',#2626,#2626,#2182,.T.);
#3332=EDGE_CURVE('',#2619,#2626,#589,.T.);
#3333=EDGE_CURVE('',#2627,#2627,#2183,.T.);
#3334=EDGE_CURVE('',#2627,#2526,#590,.T.);
#3335=EDGE_CURVE('',#2628,#2629,#2184,.T.);
#3336=EDGE_CURVE('',#2629,#2589,#1918,.T.);
#3337=EDGE_CURVE('',#2589,#2628,#1919,.T.);
#3338=EDGE_CURVE('',#2630,#2631,#2185,.T.);
#3339=EDGE_CURVE('',#2631,#2591,#1920,.T.);
#3340=EDGE_CURVE('',#2591,#2630,#1921,.T.);
#3341=EDGE_CURVE('',#2632,#2633,#2186,.T.);
#3342=EDGE_CURVE('',#2633,#2600,#1922,.T.);
#3343=EDGE_CURVE('',#2600,#2632,#1923,.T.);
#3344=EDGE_CURVE('',#2634,#2635,#2187,.T.);
#3345=EDGE_CURVE('',#2635,#2601,#1924,.T.);
#3346=EDGE_CURVE('',#2601,#2634,#1925,.T.);
#3347=EDGE_CURVE('',#2635,#2636,#591,.T.);
#3348=EDGE_CURVE('',#2636,#2602,#2188,.T.);
#3349=EDGE_CURVE('',#2590,#2637,#2189,.T.);
#3350=EDGE_CURVE('',#2637,#2628,#592,.T.);
#3351=EDGE_CURVE('',#2608,#2638,#2190,.T.);
#3352=EDGE_CURVE('',#2638,#2637,#2191,.T.);
#3353=EDGE_CURVE('',#2607,#2639,#2192,.T.);
#3354=EDGE_CURVE('',#2638,#2639,#593,.T.);
#3355=EDGE_CURVE('',#2606,#2640,#2193,.T.);
#3356=EDGE_CURVE('',#2640,#2639,#2194,.T.);
#3357=EDGE_CURVE('',#2605,#2641,#2195,.T.);
#3358=EDGE_CURVE('',#2641,#2640,#594,.T.);
#3359=EDGE_CURVE('',#2604,#2642,#2196,.T.);
#3360=EDGE_CURVE('',#2642,#2641,#2197,.T.);
#3361=EDGE_CURVE('',#2603,#2643,#2198,.T.);
#3362=EDGE_CURVE('',#2642,#2643,#595,.T.);
#3363=EDGE_CURVE('',#2636,#2643,#2199,.T.);
#3364=EDGE_CURVE('',#2633,#2644,#596,.T.);
#3365=EDGE_CURVE('',#2645,#2644,#597,.T.);
#3366=EDGE_CURVE('',#2645,#2634,#598,.T.);
#3367=EDGE_CURVE('',#2599,#2646,#2200,.T.);
#3368=EDGE_CURVE('',#2646,#2632,#599,.T.);
#3369=EDGE_CURVE('',#2598,#2647,#2201,.T.);
#3370=EDGE_CURVE('',#2647,#2646,#2202,.T.);
#3371=EDGE_CURVE('',#2597,#2648,#2203,.T.);
#3372=EDGE_CURVE('',#2647,#2648,#600,.T.);
#3373=EDGE_CURVE('',#2596,#2649,#2204,.T.);
#3374=EDGE_CURVE('',#2649,#2648,#2205,.T.);
#3375=EDGE_CURVE('',#2595,#2650,#2206,.T.);
#3376=EDGE_CURVE('',#2650,#2649,#601,.T.);
#3377=EDGE_CURVE('',#2594,#2651,#2207,.T.);
#3378=EDGE_CURVE('',#2651,#2650,#2208,.T.);
#3379=EDGE_CURVE('',#2593,#2652,#2209,.T.);
#3380=EDGE_CURVE('',#2651,#2652,#602,.T.);
#3381=EDGE_CURVE('',#2592,#2653,#2210,.T.);
#3382=EDGE_CURVE('',#2653,#2652,#2211,.T.);
#3383=EDGE_CURVE('',#2631,#2653,#603,.T.);
#3384=EDGE_CURVE('',#2629,#2654,#604,.T.);
#3385=EDGE_CURVE('',#2655,#2654,#605,.T.);
#3386=EDGE_CURVE('',#2655,#2630,#606,.T.);
#3387=EDGE_CURVE('',#2656,#2655,#2212,.T.);
#3388=EDGE_CURVE('',#2630,#2656,#607,.T.);
#3389=EDGE_CURVE('',#2657,#2629,#608,.T.);
#3390=EDGE_CURVE('',#2654,#2657,#2213,.T.);
#3391=EDGE_CURVE('',#2628,#2658,#609,.T.);
#3392=EDGE_CURVE('',#2657,#2658,#31,.T.);
#3393=EDGE_CURVE('',#2638,#2659,#32,.T.);
#3394=EDGE_CURVE('',#2659,#2637,#610,.T.);
#3395=EDGE_CURVE('',#2640,#2660,#611,.T.);
#3396=EDGE_CURVE('',#2660,#2639,#33,.T.);
#3397=EDGE_CURVE('',#2661,#2641,#612,.T.);
#3398=EDGE_CURVE('',#2661,#2662,#2214,.F.);
#3399=EDGE_CURVE('',#2663,#2662,#613,.T.);
#3400=EDGE_CURVE('',#2664,#2663,#2215,.T.);
#3401=EDGE_CURVE('',#2664,#2665,#614,.T.);
#3402=EDGE_CURVE('',#2665,#2660,#2216,.F.);
#3403=EDGE_CURVE('',#2666,#2666,#2217,.T.);
#3404=EDGE_CURVE('',#2642,#2661,#34,.T.);
#3405=EDGE_CURVE('',#2636,#2667,#615,.T.);
#3406=EDGE_CURVE('',#2667,#2643,#35,.T.);
#3407=EDGE_CURVE('',#2668,#2659,#2218,.T.);
#3408=EDGE_CURVE('',#2669,#2668,#616,.T.);
#3409=EDGE_CURVE('',#2670,#2669,#2219,.T.);
#3410=EDGE_CURVE('',#2671,#2670,#617,.T.);
#3411=EDGE_CURVE('',#2667,#2671,#2220,.T.);
#3412=EDGE_CURVE('',#2672,#2635,#618,.T.);
#3413=EDGE_CURVE('',#2658,#2672,#619,.T.);
#3414=EDGE_CURVE('',#2673,#2673,#2221,.T.);
#3415=EDGE_CURVE('',#2634,#2674,#620,.T.);
#3416=EDGE_CURVE('',#2672,#2674,#36,.T.);
#3417=EDGE_CURVE('',#2675,#2633,#621,.T.);
#3418=EDGE_CURVE('',#2644,#2675,#2222,.T.);
#3419=EDGE_CURVE('',#2674,#2645,#2223,.T.);
#3420=EDGE_CURVE('',#2665,#2668,#622,.T.);
#3421=EDGE_CURVE('',#2671,#2662,#623,.T.);
#3422=EDGE_CURVE('',#2647,#2676,#37,.T.);
#3423=EDGE_CURVE('',#2676,#2646,#624,.T.);
#3424=EDGE_CURVE('',#2677,#2648,#38,.T.);
#3425=EDGE_CURVE('',#2678,#2677,#2224,.F.);
#3426=EDGE_CURVE('',#2678,#2679,#625,.T.);
#3427=EDGE_CURVE('',#2679,#2676,#2225,.T.);
#3428=EDGE_CURVE('',#2649,#2677,#626,.T.);
#3429=EDGE_CURVE('',#2651,#2680,#39,.T.);
#3430=EDGE_CURVE('',#2680,#2650,#627,.T.);
#3431=EDGE_CURVE('',#2681,#2652,#40,.T.);
#3432=EDGE_CURVE('',#2681,#2682,#2226,.T.);
#3433=EDGE_CURVE('',#2682,#2683,#628,.T.);
#3434=EDGE_CURVE('',#2680,#2683,#2227,.F.);
#3435=EDGE_CURVE('',#2653,#2681,#629,.T.);
#3436=EDGE_CURVE('',#2645,#2654,#630,.T.);
#3437=EDGE_CURVE('',#2655,#2644,#631,.T.);
#3438=EDGE_CURVE('',#2632,#2684,#632,.T.);
#3439=EDGE_CURVE('',#2684,#2675,#41,.T.);
#3440=EDGE_CURVE('',#2684,#2685,#633,.T.);
#3441=EDGE_CURVE('',#2685,#2656,#42,.T.);
#3442=EDGE_CURVE('',#2685,#2631,#634,.T.);
#3443=EDGE_CURVE('',#2673,#2666,#635,.T.);
#3444=EDGE_CURVE('',#2663,#2670,#636,.T.);
#3445=EDGE_CURVE('',#2664,#2669,#637,.T.);
#3446=EDGE_CURVE('',#2686,#2686,#2228,.T.);
#3447=EDGE_CURVE('',#2686,#2687,#638,.T.);
#3448=EDGE_CURVE('',#2687,#2687,#2229,.T.);
#3449=EDGE_CURVE('',#2688,#2689,#2230,.T.);
#3450=EDGE_CURVE('',#2688,#2690,#639,.T.);
#3451=EDGE_CURVE('',#2691,#2690,#2231,.T.);
#3452=EDGE_CURVE('',#2689,#2691,#640,.T.);
#3453=EDGE_CURVE('',#2689,#2678,#641,.T.);
#3454=EDGE_CURVE('',#2679,#2691,#642,.T.);
#3455=EDGE_CURVE('',#2690,#2682,#643,.T.);
#3456=EDGE_CURVE('',#2688,#2683,#644,.T.);
#3457=ORIENTED_EDGE('',*,*,#2692,.T.);
#3458=ORIENTED_EDGE('',*,*,#2693,.T.);
#3459=ORIENTED_EDGE('',*,*,#2694,.T.);
#3460=ORIENTED_EDGE('',*,*,#2695,.T.);
#3461=ORIENTED_EDGE('',*,*,#2692,.F.);
#3462=ORIENTED_EDGE('',*,*,#2696,.T.);
#3463=ORIENTED_EDGE('',*,*,#2697,.T.);
#3464=ORIENTED_EDGE('',*,*,#2698,.T.);
#3465=ORIENTED_EDGE('',*,*,#2699,.T.);
#3466=ORIENTED_EDGE('',*,*,#2700,.T.);
#3467=ORIENTED_EDGE('',*,*,#2701,.T.);
#3468=ORIENTED_EDGE('',*,*,#2702,.T.);
#3469=ORIENTED_EDGE('',*,*,#2701,.F.);
#3470=ORIENTED_EDGE('',*,*,#2703,.T.);
#3471=ORIENTED_EDGE('',*,*,#2704,.T.);
#3472=ORIENTED_EDGE('',*,*,#2705,.T.);
#3473=ORIENTED_EDGE('',*,*,#2706,.T.);
#3474=ORIENTED_EDGE('',*,*,#2707,.T.);
#3475=ORIENTED_EDGE('',*,*,#2708,.T.);
#3476=ORIENTED_EDGE('',*,*,#2709,.T.);
#3477=ORIENTED_EDGE('',*,*,#2706,.F.);
#3478=ORIENTED_EDGE('',*,*,#2710,.T.);
#3479=ORIENTED_EDGE('',*,*,#2711,.T.);
#3480=ORIENTED_EDGE('',*,*,#2712,.T.);
#3481=ORIENTED_EDGE('',*,*,#2713,.T.);
#3482=ORIENTED_EDGE('',*,*,#2714,.T.);
#3483=ORIENTED_EDGE('',*,*,#2715,.T.);
#3484=ORIENTED_EDGE('',*,*,#2716,.T.);
#3485=ORIENTED_EDGE('',*,*,#2715,.F.);
#3486=ORIENTED_EDGE('',*,*,#2717,.T.);
#3487=ORIENTED_EDGE('',*,*,#2718,.T.);
#3488=ORIENTED_EDGE('',*,*,#2719,.T.);
#3489=ORIENTED_EDGE('',*,*,#2702,.F.);
#3490=ORIENTED_EDGE('',*,*,#2720,.F.);
#3491=ORIENTED_EDGE('',*,*,#2721,.F.);
#3492=ORIENTED_EDGE('',*,*,#2722,.T.);
#3493=ORIENTED_EDGE('',*,*,#2696,.F.);
#3494=ORIENTED_EDGE('',*,*,#2723,.F.);
#3495=ORIENTED_EDGE('',*,*,#2724,.F.);
#3496=ORIENTED_EDGE('',*,*,#2725,.T.);
#3497=ORIENTED_EDGE('',*,*,#2710,.F.);
#3498=ORIENTED_EDGE('',*,*,#2726,.T.);
#3499=ORIENTED_EDGE('',*,*,#2727,.F.);
#3500=ORIENTED_EDGE('',*,*,#2728,.F.);
#3501=ORIENTED_EDGE('',*,*,#2707,.F.);
#3502=ORIENTED_EDGE('',*,*,#2729,.F.);
#3503=ORIENTED_EDGE('',*,*,#2730,.T.);
#3504=ORIENTED_EDGE('',*,*,#2704,.F.);
#3505=ORIENTED_EDGE('',*,*,#2708,.F.);
#3506=ORIENTED_EDGE('',*,*,#2731,.T.);
#3507=ORIENTED_EDGE('',*,*,#2705,.F.);
#3508=ORIENTED_EDGE('',*,*,#2732,.T.);
#3509=ORIENTED_EDGE('',*,*,#2720,.T.);
#3510=ORIENTED_EDGE('',*,*,#2709,.F.);
#3511=ORIENTED_EDGE('',*,*,#2717,.F.);
#3512=ORIENTED_EDGE('',*,*,#2733,.T.);
#3513=ORIENTED_EDGE('',*,*,#2734,.F.);
#3514=ORIENTED_EDGE('',*,*,#2726,.F.);
#3515=ORIENTED_EDGE('',*,*,#2719,.F.);
#3516=ORIENTED_EDGE('',*,*,#2735,.F.);
#3517=ORIENTED_EDGE('',*,*,#2736,.F.);
#3518=ORIENTED_EDGE('',*,*,#2694,.F.);
#3519=ORIENTED_EDGE('',*,*,#2737,.F.);
#3520=ORIENTED_EDGE('',*,*,#2718,.F.);
#3521=ORIENTED_EDGE('',*,*,#2714,.F.);
#3522=ORIENTED_EDGE('',*,*,#2738,.T.);
#3523=ORIENTED_EDGE('',*,*,#2739,.F.);
#3524=ORIENTED_EDGE('',*,*,#2733,.F.);
#3525=ORIENTED_EDGE('',*,*,#2740,.F.);
#3526=ORIENTED_EDGE('',*,*,#2741,.T.);
#3527=ORIENTED_EDGE('',*,*,#2742,.F.);
#3528=ORIENTED_EDGE('',*,*,#2741,.F.);
#3529=ORIENTED_EDGE('',*,*,#2742,.T.);
#3530=ORIENTED_EDGE('',*,*,#2743,.F.);
#3531=ORIENTED_EDGE('',*,*,#2744,.T.);
#3532=ORIENTED_EDGE('',*,*,#2745,.T.);
#3533=ORIENTED_EDGE('',*,*,#2744,.F.);
#3534=ORIENTED_EDGE('',*,*,#2745,.F.);
#3535=ORIENTED_EDGE('',*,*,#2700,.F.);
#3536=ORIENTED_EDGE('',*,*,#2746,.F.);
#3537=ORIENTED_EDGE('',*,*,#2747,.F.);
#3538=ORIENTED_EDGE('',*,*,#2748,.T.);
#3539=ORIENTED_EDGE('',*,*,#2703,.F.);
#3540=ORIENTED_EDGE('',*,*,#2748,.F.);
#3541=ORIENTED_EDGE('',*,*,#2749,.F.);
#3542=ORIENTED_EDGE('',*,*,#2723,.T.);
#3543=ORIENTED_EDGE('',*,*,#2695,.F.);
#3544=ORIENTED_EDGE('',*,*,#2750,.T.);
#3545=ORIENTED_EDGE('',*,*,#2724,.T.);
#3546=ORIENTED_EDGE('',*,*,#2749,.T.);
#3547=ORIENTED_EDGE('',*,*,#2747,.T.);
#3548=ORIENTED_EDGE('',*,*,#2751,.T.);
#3549=ORIENTED_EDGE('',*,*,#2740,.T.);
#3550=ORIENTED_EDGE('',*,*,#2752,.T.);
#3551=ORIENTED_EDGE('',*,*,#2727,.T.);
#3552=ORIENTED_EDGE('',*,*,#2734,.T.);
#3553=ORIENTED_EDGE('',*,*,#2739,.T.);
#3554=ORIENTED_EDGE('',*,*,#2753,.T.);
#3555=ORIENTED_EDGE('',*,*,#2743,.T.);
#3556=ORIENTED_EDGE('',*,*,#2698,.F.);
#3557=ORIENTED_EDGE('',*,*,#2754,.T.);
#3558=ORIENTED_EDGE('',*,*,#2755,.F.);
#3559=ORIENTED_EDGE('',*,*,#2756,.F.);
#3560=ORIENTED_EDGE('',*,*,#2693,.F.);
#3561=ORIENTED_EDGE('',*,*,#2756,.T.);
#3562=ORIENTED_EDGE('',*,*,#2757,.F.);
#3563=ORIENTED_EDGE('',*,*,#2712,.F.);
#3564=ORIENTED_EDGE('',*,*,#2758,.F.);
#3565=ORIENTED_EDGE('',*,*,#2759,.T.);
#3566=ORIENTED_EDGE('',*,*,#2729,.T.);
#3567=ORIENTED_EDGE('',*,*,#2760,.F.);
#3568=ORIENTED_EDGE('',*,*,#2761,.T.);
#3569=ORIENTED_EDGE('',*,*,#2762,.T.);
#3570=ORIENTED_EDGE('',*,*,#2761,.F.);
#3571=ORIENTED_EDGE('',*,*,#2763,.F.);
#3572=ORIENTED_EDGE('',*,*,#2751,.F.);
#3573=ORIENTED_EDGE('',*,*,#2746,.T.);
#3574=ORIENTED_EDGE('',*,*,#2699,.F.);
#3575=ORIENTED_EDGE('',*,*,#2722,.F.);
#3576=ORIENTED_EDGE('',*,*,#2764,.F.);
#3577=ORIENTED_EDGE('',*,*,#2765,.T.);
#3578=ORIENTED_EDGE('',*,*,#2766,.T.);
#3579=ORIENTED_EDGE('',*,*,#2767,.F.);
#3580=ORIENTED_EDGE('',*,*,#2754,.F.);
#3581=ORIENTED_EDGE('',*,*,#2697,.F.);
#3582=ORIENTED_EDGE('',*,*,#2725,.F.);
#3583=ORIENTED_EDGE('',*,*,#2750,.F.);
#3584=ORIENTED_EDGE('',*,*,#2763,.T.);
#3585=ORIENTED_EDGE('',*,*,#2768,.F.);
#3586=ORIENTED_EDGE('',*,*,#2765,.F.);
#3587=ORIENTED_EDGE('',*,*,#2769,.T.);
#3588=ORIENTED_EDGE('',*,*,#2758,.T.);
#3589=ORIENTED_EDGE('',*,*,#2711,.F.);
#3590=ORIENTED_EDGE('',*,*,#2728,.T.);
#3591=ORIENTED_EDGE('',*,*,#2752,.F.);
#3592=ORIENTED_EDGE('',*,*,#2770,.T.);
#3593=ORIENTED_EDGE('',*,*,#2771,.F.);
#3594=ORIENTED_EDGE('',*,*,#2766,.F.);
#3595=ORIENTED_EDGE('',*,*,#2768,.T.);
#3596=ORIENTED_EDGE('',*,*,#2753,.F.);
#3597=ORIENTED_EDGE('',*,*,#2738,.F.);
#3598=ORIENTED_EDGE('',*,*,#2713,.F.);
#3599=ORIENTED_EDGE('',*,*,#2716,.F.);
#3600=ORIENTED_EDGE('',*,*,#2736,.T.);
#3601=ORIENTED_EDGE('',*,*,#2772,.F.);
#3602=ORIENTED_EDGE('',*,*,#2770,.F.);
#3603=ORIENTED_EDGE('',*,*,#2771,.T.);
#3604=ORIENTED_EDGE('',*,*,#2772,.T.);
#3605=ORIENTED_EDGE('',*,*,#2735,.T.);
#3606=ORIENTED_EDGE('',*,*,#2737,.T.);
#3607=ORIENTED_EDGE('',*,*,#2757,.T.);
#3608=ORIENTED_EDGE('',*,*,#2755,.T.);
#3609=ORIENTED_EDGE('',*,*,#2767,.T.);
#3610=ORIENTED_EDGE('',*,*,#2760,.T.);
#3611=ORIENTED_EDGE('',*,*,#2764,.T.);
#3612=ORIENTED_EDGE('',*,*,#2721,.T.);
#3613=ORIENTED_EDGE('',*,*,#2732,.F.);
#3614=ORIENTED_EDGE('',*,*,#2731,.F.);
#3615=ORIENTED_EDGE('',*,*,#2730,.F.);
#3616=ORIENTED_EDGE('',*,*,#2759,.F.);
#3617=ORIENTED_EDGE('',*,*,#2769,.F.);
#3618=ORIENTED_EDGE('',*,*,#2762,.F.);
#3619=ORIENTED_EDGE('',*,*,#2773,.T.);
#3620=ORIENTED_EDGE('',*,*,#2774,.T.);
#3621=ORIENTED_EDGE('',*,*,#2775,.T.);
#3622=ORIENTED_EDGE('',*,*,#2776,.T.);
#3623=ORIENTED_EDGE('',*,*,#2777,.T.);
#3624=ORIENTED_EDGE('',*,*,#2778,.T.);
#3625=ORIENTED_EDGE('',*,*,#2779,.T.);
#3626=ORIENTED_EDGE('',*,*,#2780,.T.);
#3627=ORIENTED_EDGE('',*,*,#2781,.T.);
#3628=ORIENTED_EDGE('',*,*,#2780,.F.);
#3629=ORIENTED_EDGE('',*,*,#2782,.T.);
#3630=ORIENTED_EDGE('',*,*,#2776,.F.);
#3631=ORIENTED_EDGE('',*,*,#2773,.F.);
#3632=ORIENTED_EDGE('',*,*,#2783,.F.);
#3633=ORIENTED_EDGE('',*,*,#2784,.F.);
#3634=ORIENTED_EDGE('',*,*,#2785,.F.);
#3635=ORIENTED_EDGE('',*,*,#2782,.F.);
#3636=ORIENTED_EDGE('',*,*,#2786,.T.);
#3637=ORIENTED_EDGE('',*,*,#2787,.T.);
#3638=ORIENTED_EDGE('',*,*,#2788,.T.);
#3639=ORIENTED_EDGE('',*,*,#2789,.T.);
#3640=ORIENTED_EDGE('',*,*,#2790,.T.);
#3641=ORIENTED_EDGE('',*,*,#2791,.T.);
#3642=ORIENTED_EDGE('',*,*,#2783,.T.);
#3643=ORIENTED_EDGE('',*,*,#2779,.F.);
#3644=ORIENTED_EDGE('',*,*,#2792,.T.);
#3645=ORIENTED_EDGE('',*,*,#2793,.T.);
#3646=ORIENTED_EDGE('',*,*,#2786,.F.);
#3647=ORIENTED_EDGE('',*,*,#2794,.T.);
#3648=ORIENTED_EDGE('',*,*,#2795,.T.);
#3649=ORIENTED_EDGE('',*,*,#2796,.T.);
#3650=ORIENTED_EDGE('',*,*,#2797,.T.);
#3651=ORIENTED_EDGE('',*,*,#2798,.T.);
#3652=ORIENTED_EDGE('',*,*,#2799,.T.);
#3653=ORIENTED_EDGE('',*,*,#2800,.T.);
#3654=ORIENTED_EDGE('',*,*,#2801,.T.);
#3655=ORIENTED_EDGE('',*,*,#2802,.T.);
#3656=ORIENTED_EDGE('',*,*,#2801,.F.);
#3657=ORIENTED_EDGE('',*,*,#2803,.T.);
#3658=ORIENTED_EDGE('',*,*,#2797,.F.);
#3659=ORIENTED_EDGE('',*,*,#2804,.F.);
#3660=ORIENTED_EDGE('',*,*,#2805,.F.);
#3661=ORIENTED_EDGE('',*,*,#2806,.F.);
#3662=ORIENTED_EDGE('',*,*,#2807,.F.);
#3663=ORIENTED_EDGE('',*,*,#2808,.F.);
#3664=ORIENTED_EDGE('',*,*,#2809,.F.);
#3665=ORIENTED_EDGE('',*,*,#2810,.F.);
#3666=ORIENTED_EDGE('',*,*,#2811,.F.);
#3667=ORIENTED_EDGE('',*,*,#2812,.T.);
#3668=ORIENTED_EDGE('',*,*,#2777,.F.);
#3669=ORIENTED_EDGE('',*,*,#2781,.F.);
#3670=ORIENTED_EDGE('',*,*,#2775,.F.);
#3671=ORIENTED_EDGE('',*,*,#2813,.F.);
#3672=ORIENTED_EDGE('',*,*,#2814,.F.);
#3673=ORIENTED_EDGE('',*,*,#2815,.F.);
#3674=ORIENTED_EDGE('',*,*,#2816,.F.);
#3675=ORIENTED_EDGE('',*,*,#2817,.F.);
#3676=ORIENTED_EDGE('',*,*,#2818,.F.);
#3677=ORIENTED_EDGE('',*,*,#2819,.F.);
#3678=ORIENTED_EDGE('',*,*,#2820,.F.);
#3679=ORIENTED_EDGE('',*,*,#2821,.F.);
#3680=ORIENTED_EDGE('',*,*,#2822,.F.);
#3681=ORIENTED_EDGE('',*,*,#2823,.F.);
#3682=ORIENTED_EDGE('',*,*,#2824,.F.);
#3683=ORIENTED_EDGE('',*,*,#2825,.F.);
#3684=ORIENTED_EDGE('',*,*,#2826,.F.);
#3685=ORIENTED_EDGE('',*,*,#2827,.F.);
#3686=ORIENTED_EDGE('',*,*,#2828,.F.);
#3687=ORIENTED_EDGE('',*,*,#2829,.F.);
#3688=ORIENTED_EDGE('',*,*,#2830,.F.);
#3689=ORIENTED_EDGE('',*,*,#2831,.T.);
#3690=ORIENTED_EDGE('',*,*,#2794,.F.);
#3691=ORIENTED_EDGE('',*,*,#2803,.F.);
#3692=ORIENTED_EDGE('',*,*,#2800,.F.);
#3693=ORIENTED_EDGE('',*,*,#2832,.F.);
#3694=ORIENTED_EDGE('',*,*,#2833,.F.);
#3695=ORIENTED_EDGE('',*,*,#2834,.T.);
#3696=ORIENTED_EDGE('',*,*,#2813,.T.);
#3697=ORIENTED_EDGE('',*,*,#2835,.T.);
#3698=ORIENTED_EDGE('',*,*,#2836,.T.);
#3699=ORIENTED_EDGE('',*,*,#2837,.T.);
#3700=ORIENTED_EDGE('',*,*,#2838,.T.);
#3701=ORIENTED_EDGE('',*,*,#2835,.F.);
#3702=ORIENTED_EDGE('',*,*,#2820,.T.);
#3703=ORIENTED_EDGE('',*,*,#2839,.T.);
#3704=ORIENTED_EDGE('',*,*,#2840,.T.);
#3705=ORIENTED_EDGE('',*,*,#2837,.F.);
#3706=ORIENTED_EDGE('',*,*,#2819,.T.);
#3707=ORIENTED_EDGE('',*,*,#2841,.T.);
#3708=ORIENTED_EDGE('',*,*,#2842,.T.);
#3709=ORIENTED_EDGE('',*,*,#2839,.F.);
#3710=ORIENTED_EDGE('',*,*,#2818,.T.);
#3711=ORIENTED_EDGE('',*,*,#2843,.T.);
#3712=ORIENTED_EDGE('',*,*,#2844,.T.);
#3713=ORIENTED_EDGE('',*,*,#2841,.F.);
#3714=ORIENTED_EDGE('',*,*,#2817,.T.);
#3715=ORIENTED_EDGE('',*,*,#2845,.T.);
#3716=ORIENTED_EDGE('',*,*,#2846,.T.);
#3717=ORIENTED_EDGE('',*,*,#2843,.F.);
#3718=ORIENTED_EDGE('',*,*,#2816,.T.);
#3719=ORIENTED_EDGE('',*,*,#2847,.T.);
#3720=ORIENTED_EDGE('',*,*,#2848,.T.);
#3721=ORIENTED_EDGE('',*,*,#2845,.F.);
#3722=ORIENTED_EDGE('',*,*,#2815,.T.);
#3723=ORIENTED_EDGE('',*,*,#2847,.F.);
#3724=ORIENTED_EDGE('',*,*,#2814,.T.);
#3725=ORIENTED_EDGE('',*,*,#2834,.F.);
#3726=ORIENTED_EDGE('',*,*,#2849,.T.);
#3727=ORIENTED_EDGE('',*,*,#2846,.F.);
#3728=ORIENTED_EDGE('',*,*,#2850,.F.);
#3729=ORIENTED_EDGE('',*,*,#2851,.F.);
#3730=ORIENTED_EDGE('',*,*,#2852,.F.);
#3731=ORIENTED_EDGE('',*,*,#2848,.F.);
#3732=ORIENTED_EDGE('',*,*,#2853,.T.);
#3733=ORIENTED_EDGE('',*,*,#2854,.T.);
#3734=ORIENTED_EDGE('',*,*,#2850,.T.);
#3735=ORIENTED_EDGE('',*,*,#2849,.F.);
#3736=ORIENTED_EDGE('',*,*,#2855,.F.);
#3737=ORIENTED_EDGE('',*,*,#2856,.F.);
#3738=ORIENTED_EDGE('',*,*,#2853,.F.);
#3739=ORIENTED_EDGE('',*,*,#2836,.F.);
#3740=ORIENTED_EDGE('',*,*,#2857,.T.);
#3741=ORIENTED_EDGE('',*,*,#2858,.T.);
#3742=ORIENTED_EDGE('',*,*,#2855,.T.);
#3743=ORIENTED_EDGE('',*,*,#2859,.F.);
#3744=ORIENTED_EDGE('',*,*,#2860,.T.);
#3745=ORIENTED_EDGE('',*,*,#2861,.T.);
#3746=ORIENTED_EDGE('',*,*,#2862,.T.);
#3747=ORIENTED_EDGE('',*,*,#2862,.F.);
#3748=ORIENTED_EDGE('',*,*,#2863,.F.);
#3749=ORIENTED_EDGE('',*,*,#2864,.F.);
#3750=ORIENTED_EDGE('',*,*,#2865,.F.);
#3751=ORIENTED_EDGE('',*,*,#2866,.F.);
#3752=ORIENTED_EDGE('',*,*,#2867,.T.);
#3753=ORIENTED_EDGE('',*,*,#2868,.T.);
#3754=ORIENTED_EDGE('',*,*,#2869,.T.);
#3755=ORIENTED_EDGE('',*,*,#2860,.F.);
#3756=ORIENTED_EDGE('',*,*,#2870,.F.);
#3757=ORIENTED_EDGE('',*,*,#2869,.F.);
#3758=ORIENTED_EDGE('',*,*,#2871,.F.);
#3759=ORIENTED_EDGE('',*,*,#2872,.F.);
#3760=ORIENTED_EDGE('',*,*,#2873,.T.);
#3761=ORIENTED_EDGE('',*,*,#2874,.T.);
#3762=ORIENTED_EDGE('',*,*,#2875,.T.);
#3763=ORIENTED_EDGE('',*,*,#2867,.F.);
#3764=ORIENTED_EDGE('',*,*,#2876,.F.);
#3765=ORIENTED_EDGE('',*,*,#2875,.F.);
#3766=ORIENTED_EDGE('',*,*,#2877,.F.);
#3767=ORIENTED_EDGE('',*,*,#2878,.F.);
#3768=ORIENTED_EDGE('',*,*,#2864,.T.);
#3769=ORIENTED_EDGE('',*,*,#2879,.T.);
#3770=ORIENTED_EDGE('',*,*,#2880,.T.);
#3771=ORIENTED_EDGE('',*,*,#2873,.F.);
#3772=ORIENTED_EDGE('',*,*,#2881,.F.);
#3773=ORIENTED_EDGE('',*,*,#2880,.F.);
#3774=ORIENTED_EDGE('',*,*,#2882,.F.);
#3775=ORIENTED_EDGE('',*,*,#2854,.F.);
#3776=ORIENTED_EDGE('',*,*,#2856,.T.);
#3777=ORIENTED_EDGE('',*,*,#2858,.F.);
#3778=ORIENTED_EDGE('',*,*,#2883,.T.);
#3779=ORIENTED_EDGE('',*,*,#2884,.F.);
#3780=ORIENTED_EDGE('',*,*,#2885,.T.);
#3781=ORIENTED_EDGE('',*,*,#2886,.F.);
#3782=ORIENTED_EDGE('',*,*,#2851,.T.);
#3783=ORIENTED_EDGE('',*,*,#2871,.T.);
#3784=ORIENTED_EDGE('',*,*,#2868,.F.);
#3785=ORIENTED_EDGE('',*,*,#2877,.T.);
#3786=ORIENTED_EDGE('',*,*,#2874,.F.);
#3787=ORIENTED_EDGE('',*,*,#2882,.T.);
#3788=ORIENTED_EDGE('',*,*,#2879,.F.);
#3789=ORIENTED_EDGE('',*,*,#2863,.T.);
#3790=ORIENTED_EDGE('',*,*,#2861,.F.);
#3791=ORIENTED_EDGE('',*,*,#2844,.F.);
#3792=ORIENTED_EDGE('',*,*,#2852,.T.);
#3793=ORIENTED_EDGE('',*,*,#2886,.T.);
#3794=ORIENTED_EDGE('',*,*,#2887,.T.);
#3795=ORIENTED_EDGE('',*,*,#2842,.F.);
#3796=ORIENTED_EDGE('',*,*,#2887,.F.);
#3797=ORIENTED_EDGE('',*,*,#2885,.F.);
#3798=ORIENTED_EDGE('',*,*,#2888,.F.);
#3799=ORIENTED_EDGE('',*,*,#2840,.F.);
#3800=ORIENTED_EDGE('',*,*,#2888,.T.);
#3801=ORIENTED_EDGE('',*,*,#2884,.T.);
#3802=ORIENTED_EDGE('',*,*,#2889,.T.);
#3803=ORIENTED_EDGE('',*,*,#2838,.F.);
#3804=ORIENTED_EDGE('',*,*,#2889,.F.);
#3805=ORIENTED_EDGE('',*,*,#2883,.F.);
#3806=ORIENTED_EDGE('',*,*,#2857,.F.);
#3807=ORIENTED_EDGE('',*,*,#2859,.T.);
#3808=ORIENTED_EDGE('',*,*,#2865,.T.);
#3809=ORIENTED_EDGE('',*,*,#2878,.T.);
#3810=ORIENTED_EDGE('',*,*,#2881,.T.);
#3811=ORIENTED_EDGE('',*,*,#2872,.T.);
#3812=ORIENTED_EDGE('',*,*,#2876,.T.);
#3813=ORIENTED_EDGE('',*,*,#2866,.T.);
#3814=ORIENTED_EDGE('',*,*,#2870,.T.);
#3815=ORIENTED_EDGE('',*,*,#2890,.T.);
#3816=ORIENTED_EDGE('',*,*,#2891,.T.);
#3817=ORIENTED_EDGE('',*,*,#2892,.T.);
#3818=ORIENTED_EDGE('',*,*,#2891,.F.);
#3819=ORIENTED_EDGE('',*,*,#2892,.F.);
#3820=ORIENTED_EDGE('',*,*,#2893,.T.);
#3821=ORIENTED_EDGE('',*,*,#2894,.T.);
#3822=ORIENTED_EDGE('',*,*,#2893,.F.);
#3823=ORIENTED_EDGE('',*,*,#2895,.T.);
#3824=ORIENTED_EDGE('',*,*,#2896,.T.);
#3825=ORIENTED_EDGE('',*,*,#2897,.T.);
#3826=ORIENTED_EDGE('',*,*,#2896,.F.);
#3827=ORIENTED_EDGE('',*,*,#2897,.F.);
#3828=ORIENTED_EDGE('',*,*,#2898,.T.);
#3829=ORIENTED_EDGE('',*,*,#2899,.T.);
#3830=ORIENTED_EDGE('',*,*,#2898,.F.);
#3831=ORIENTED_EDGE('',*,*,#2900,.T.);
#3832=ORIENTED_EDGE('',*,*,#2901,.T.);
#3833=ORIENTED_EDGE('',*,*,#2902,.T.);
#3834=ORIENTED_EDGE('',*,*,#2901,.F.);
#3835=ORIENTED_EDGE('',*,*,#2902,.F.);
#3836=ORIENTED_EDGE('',*,*,#2903,.T.);
#3837=ORIENTED_EDGE('',*,*,#2904,.T.);
#3838=ORIENTED_EDGE('',*,*,#2903,.F.);
#3839=ORIENTED_EDGE('',*,*,#2905,.T.);
#3840=ORIENTED_EDGE('',*,*,#2906,.T.);
#3841=ORIENTED_EDGE('',*,*,#2907,.T.);
#3842=ORIENTED_EDGE('',*,*,#2906,.F.);
#3843=ORIENTED_EDGE('',*,*,#2907,.F.);
#3844=ORIENTED_EDGE('',*,*,#2908,.T.);
#3845=ORIENTED_EDGE('',*,*,#2909,.T.);
#3846=ORIENTED_EDGE('',*,*,#2908,.F.);
#3847=ORIENTED_EDGE('',*,*,#2910,.T.);
#3848=ORIENTED_EDGE('',*,*,#2911,.T.);
#3849=ORIENTED_EDGE('',*,*,#2821,.T.);
#3850=ORIENTED_EDGE('',*,*,#2911,.F.);
#3851=ORIENTED_EDGE('',*,*,#2895,.F.);
#3852=ORIENTED_EDGE('',*,*,#2912,.T.);
#3853=ORIENTED_EDGE('',*,*,#2910,.F.);
#3854=ORIENTED_EDGE('',*,*,#2912,.F.);
#3855=ORIENTED_EDGE('',*,*,#2913,.T.);
#3856=ORIENTED_EDGE('',*,*,#2914,.T.);
#3857=ORIENTED_EDGE('',*,*,#2833,.T.);
#3858=ORIENTED_EDGE('',*,*,#2914,.F.);
#3859=ORIENTED_EDGE('',*,*,#2900,.F.);
#3860=ORIENTED_EDGE('',*,*,#2915,.T.);
#3861=ORIENTED_EDGE('',*,*,#2913,.F.);
#3862=ORIENTED_EDGE('',*,*,#2915,.F.);
#3863=ORIENTED_EDGE('',*,*,#2916,.T.);
#3864=ORIENTED_EDGE('',*,*,#2917,.T.);
#3865=ORIENTED_EDGE('',*,*,#2822,.T.);
#3866=ORIENTED_EDGE('',*,*,#2917,.F.);
#3867=ORIENTED_EDGE('',*,*,#2890,.F.);
#3868=ORIENTED_EDGE('',*,*,#2918,.T.);
#3869=ORIENTED_EDGE('',*,*,#2916,.F.);
#3870=ORIENTED_EDGE('',*,*,#2918,.F.);
#3871=ORIENTED_EDGE('',*,*,#2919,.T.);
#3872=ORIENTED_EDGE('',*,*,#2920,.T.);
#3873=ORIENTED_EDGE('',*,*,#2832,.T.);
#3874=ORIENTED_EDGE('',*,*,#2920,.F.);
#3875=ORIENTED_EDGE('',*,*,#2905,.F.);
#3876=ORIENTED_EDGE('',*,*,#2921,.T.);
#3877=ORIENTED_EDGE('',*,*,#2919,.F.);
#3878=ORIENTED_EDGE('',*,*,#2921,.F.);
#3879=ORIENTED_EDGE('',*,*,#2894,.F.);
#3880=ORIENTED_EDGE('',*,*,#2904,.F.);
#3881=ORIENTED_EDGE('',*,*,#2909,.F.);
#3882=ORIENTED_EDGE('',*,*,#2899,.F.);
#3883=ORIENTED_EDGE('',*,*,#2922,.T.);
#3884=ORIENTED_EDGE('',*,*,#2923,.T.);
#3885=ORIENTED_EDGE('',*,*,#2804,.T.);
#3886=ORIENTED_EDGE('',*,*,#2924,.T.);
#3887=ORIENTED_EDGE('',*,*,#2923,.F.);
#3888=ORIENTED_EDGE('',*,*,#2925,.F.);
#3889=ORIENTED_EDGE('',*,*,#2926,.F.);
#3890=ORIENTED_EDGE('',*,*,#2805,.T.);
#3891=ORIENTED_EDGE('',*,*,#2927,.T.);
#3892=ORIENTED_EDGE('',*,*,#2928,.T.);
#3893=ORIENTED_EDGE('',*,*,#2806,.T.);
#3894=ORIENTED_EDGE('',*,*,#2926,.T.);
#3895=ORIENTED_EDGE('',*,*,#2929,.T.);
#3896=ORIENTED_EDGE('',*,*,#2930,.T.);
#3897=ORIENTED_EDGE('',*,*,#2808,.T.);
#3898=ORIENTED_EDGE('',*,*,#2931,.T.);
#3899=ORIENTED_EDGE('',*,*,#2930,.F.);
#3900=ORIENTED_EDGE('',*,*,#2932,.F.);
#3901=ORIENTED_EDGE('',*,*,#2933,.F.);
#3902=ORIENTED_EDGE('',*,*,#2809,.T.);
#3903=ORIENTED_EDGE('',*,*,#2934,.T.);
#3904=ORIENTED_EDGE('',*,*,#2935,.T.);
#3905=ORIENTED_EDGE('',*,*,#2810,.T.);
#3906=ORIENTED_EDGE('',*,*,#2933,.T.);
#3907=ORIENTED_EDGE('',*,*,#2936,.F.);
#3908=ORIENTED_EDGE('',*,*,#2937,.T.);
#3909=ORIENTED_EDGE('',*,*,#2938,.T.);
#3910=ORIENTED_EDGE('',*,*,#2937,.F.);
#3911=ORIENTED_EDGE('',*,*,#2938,.F.);
#3912=ORIENTED_EDGE('',*,*,#2939,.F.);
#3913=ORIENTED_EDGE('',*,*,#2940,.T.);
#3914=ORIENTED_EDGE('',*,*,#2941,.T.);
#3915=ORIENTED_EDGE('',*,*,#2940,.F.);
#3916=ORIENTED_EDGE('',*,*,#2941,.F.);
#3917=ORIENTED_EDGE('',*,*,#2942,.F.);
#3918=ORIENTED_EDGE('',*,*,#2943,.T.);
#3919=ORIENTED_EDGE('',*,*,#2944,.T.);
#3920=ORIENTED_EDGE('',*,*,#2943,.F.);
#3921=ORIENTED_EDGE('',*,*,#2944,.F.);
#3922=ORIENTED_EDGE('',*,*,#2945,.F.);
#3923=ORIENTED_EDGE('',*,*,#2946,.T.);
#3924=ORIENTED_EDGE('',*,*,#2947,.T.);
#3925=ORIENTED_EDGE('',*,*,#2946,.F.);
#3926=ORIENTED_EDGE('',*,*,#2947,.F.);
#3927=ORIENTED_EDGE('',*,*,#2948,.F.);
#3928=ORIENTED_EDGE('',*,*,#2784,.T.);
#3929=ORIENTED_EDGE('',*,*,#2791,.F.);
#3930=ORIENTED_EDGE('',*,*,#2949,.F.);
#3931=ORIENTED_EDGE('',*,*,#2950,.F.);
#3932=ORIENTED_EDGE('',*,*,#2949,.T.);
#3933=ORIENTED_EDGE('',*,*,#2790,.F.);
#3934=ORIENTED_EDGE('',*,*,#2951,.F.);
#3935=ORIENTED_EDGE('',*,*,#2952,.T.);
#3936=ORIENTED_EDGE('',*,*,#2951,.T.);
#3937=ORIENTED_EDGE('',*,*,#2789,.F.);
#3938=ORIENTED_EDGE('',*,*,#2953,.F.);
#3939=ORIENTED_EDGE('',*,*,#2954,.T.);
#3940=ORIENTED_EDGE('',*,*,#2953,.T.);
#3941=ORIENTED_EDGE('',*,*,#2788,.F.);
#3942=ORIENTED_EDGE('',*,*,#2955,.F.);
#3943=ORIENTED_EDGE('',*,*,#2956,.T.);
#3944=ORIENTED_EDGE('',*,*,#2955,.T.);
#3945=ORIENTED_EDGE('',*,*,#2787,.F.);
#3946=ORIENTED_EDGE('',*,*,#2793,.F.);
#3947=ORIENTED_EDGE('',*,*,#2812,.F.);
#3948=ORIENTED_EDGE('',*,*,#2774,.F.);
#3949=ORIENTED_EDGE('',*,*,#2785,.T.);
#3950=ORIENTED_EDGE('',*,*,#2948,.T.);
#3951=ORIENTED_EDGE('',*,*,#2950,.T.);
#3952=ORIENTED_EDGE('',*,*,#2952,.F.);
#3953=ORIENTED_EDGE('',*,*,#2954,.F.);
#3954=ORIENTED_EDGE('',*,*,#2956,.F.);
#3955=ORIENTED_EDGE('',*,*,#2792,.F.);
#3956=ORIENTED_EDGE('',*,*,#2778,.F.);
#3957=ORIENTED_EDGE('',*,*,#2942,.T.);
#3958=ORIENTED_EDGE('',*,*,#2945,.T.);
#3959=ORIENTED_EDGE('',*,*,#2798,.F.);
#3960=ORIENTED_EDGE('',*,*,#2957,.F.);
#3961=ORIENTED_EDGE('',*,*,#2958,.F.);
#3962=ORIENTED_EDGE('',*,*,#2959,.F.);
#3963=ORIENTED_EDGE('',*,*,#2960,.F.);
#3964=ORIENTED_EDGE('',*,*,#2958,.T.);
#3965=ORIENTED_EDGE('',*,*,#2961,.F.);
#3966=ORIENTED_EDGE('',*,*,#2962,.F.);
#3967=ORIENTED_EDGE('',*,*,#2963,.F.);
#3968=ORIENTED_EDGE('',*,*,#2962,.T.);
#3969=ORIENTED_EDGE('',*,*,#2964,.F.);
#3970=ORIENTED_EDGE('',*,*,#2965,.F.);
#3971=ORIENTED_EDGE('',*,*,#2966,.T.);
#3972=ORIENTED_EDGE('',*,*,#2965,.T.);
#3973=ORIENTED_EDGE('',*,*,#2967,.F.);
#3974=ORIENTED_EDGE('',*,*,#2968,.F.);
#3975=ORIENTED_EDGE('',*,*,#2969,.T.);
#3976=ORIENTED_EDGE('',*,*,#2968,.T.);
#3977=ORIENTED_EDGE('',*,*,#2970,.F.);
#3978=ORIENTED_EDGE('',*,*,#2971,.F.);
#3979=ORIENTED_EDGE('',*,*,#2972,.T.);
#3980=ORIENTED_EDGE('',*,*,#2971,.T.);
#3981=ORIENTED_EDGE('',*,*,#2973,.F.);
#3982=ORIENTED_EDGE('',*,*,#2974,.F.);
#3983=ORIENTED_EDGE('',*,*,#2796,.F.);
#3984=ORIENTED_EDGE('',*,*,#2975,.T.);
#3985=ORIENTED_EDGE('',*,*,#2974,.T.);
#3986=ORIENTED_EDGE('',*,*,#2976,.F.);
#3987=ORIENTED_EDGE('',*,*,#2802,.F.);
#3988=ORIENTED_EDGE('',*,*,#2976,.T.);
#3989=ORIENTED_EDGE('',*,*,#2973,.T.);
#3990=ORIENTED_EDGE('',*,*,#2970,.T.);
#3991=ORIENTED_EDGE('',*,*,#2967,.T.);
#3992=ORIENTED_EDGE('',*,*,#2964,.T.);
#3993=ORIENTED_EDGE('',*,*,#2961,.T.);
#3994=ORIENTED_EDGE('',*,*,#2957,.T.);
#3995=ORIENTED_EDGE('',*,*,#2831,.F.);
#3996=ORIENTED_EDGE('',*,*,#2799,.F.);
#3997=ORIENTED_EDGE('',*,*,#2959,.T.);
#3998=ORIENTED_EDGE('',*,*,#2960,.T.);
#3999=ORIENTED_EDGE('',*,*,#2963,.T.);
#4000=ORIENTED_EDGE('',*,*,#2966,.F.);
#4001=ORIENTED_EDGE('',*,*,#2969,.F.);
#4002=ORIENTED_EDGE('',*,*,#2972,.F.);
#4003=ORIENTED_EDGE('',*,*,#2975,.F.);
#4004=ORIENTED_EDGE('',*,*,#2795,.F.);
#4005=ORIENTED_EDGE('',*,*,#2936,.T.);
#4006=ORIENTED_EDGE('',*,*,#2939,.T.);
#4007=ORIENTED_EDGE('',*,*,#2977,.T.);
#4008=ORIENTED_EDGE('',*,*,#2823,.T.);
#4009=ORIENTED_EDGE('',*,*,#2978,.T.);
#4010=ORIENTED_EDGE('',*,*,#2979,.T.);
#4011=ORIENTED_EDGE('',*,*,#2980,.T.);
#4012=ORIENTED_EDGE('',*,*,#2981,.T.);
#4013=ORIENTED_EDGE('',*,*,#2978,.F.);
#4014=ORIENTED_EDGE('',*,*,#2830,.T.);
#4015=ORIENTED_EDGE('',*,*,#2982,.T.);
#4016=ORIENTED_EDGE('',*,*,#2983,.T.);
#4017=ORIENTED_EDGE('',*,*,#2980,.F.);
#4018=ORIENTED_EDGE('',*,*,#2829,.T.);
#4019=ORIENTED_EDGE('',*,*,#2984,.T.);
#4020=ORIENTED_EDGE('',*,*,#2985,.T.);
#4021=ORIENTED_EDGE('',*,*,#2982,.F.);
#4022=ORIENTED_EDGE('',*,*,#2828,.T.);
#4023=ORIENTED_EDGE('',*,*,#2986,.T.);
#4024=ORIENTED_EDGE('',*,*,#2987,.T.);
#4025=ORIENTED_EDGE('',*,*,#2984,.F.);
#4026=ORIENTED_EDGE('',*,*,#2827,.T.);
#4027=ORIENTED_EDGE('',*,*,#2988,.T.);
#4028=ORIENTED_EDGE('',*,*,#2989,.T.);
#4029=ORIENTED_EDGE('',*,*,#2986,.F.);
#4030=ORIENTED_EDGE('',*,*,#2826,.T.);
#4031=ORIENTED_EDGE('',*,*,#2990,.T.);
#4032=ORIENTED_EDGE('',*,*,#2991,.T.);
#4033=ORIENTED_EDGE('',*,*,#2988,.F.);
#4034=ORIENTED_EDGE('',*,*,#2825,.T.);
#4035=ORIENTED_EDGE('',*,*,#2977,.F.);
#4036=ORIENTED_EDGE('',*,*,#2992,.T.);
#4037=ORIENTED_EDGE('',*,*,#2990,.F.);
#4038=ORIENTED_EDGE('',*,*,#2824,.T.);
#4039=ORIENTED_EDGE('',*,*,#2989,.F.);
#4040=ORIENTED_EDGE('',*,*,#2993,.T.);
#4041=ORIENTED_EDGE('',*,*,#2994,.F.);
#4042=ORIENTED_EDGE('',*,*,#2995,.F.);
#4043=ORIENTED_EDGE('',*,*,#2991,.F.);
#4044=ORIENTED_EDGE('',*,*,#2996,.F.);
#4045=ORIENTED_EDGE('',*,*,#2997,.T.);
#4046=ORIENTED_EDGE('',*,*,#2993,.F.);
#4047=ORIENTED_EDGE('',*,*,#2992,.F.);
#4048=ORIENTED_EDGE('',*,*,#2998,.T.);
#4049=ORIENTED_EDGE('',*,*,#2999,.F.);
#4050=ORIENTED_EDGE('',*,*,#2996,.T.);
#4051=ORIENTED_EDGE('',*,*,#2979,.F.);
#4052=ORIENTED_EDGE('',*,*,#3000,.T.);
#4053=ORIENTED_EDGE('',*,*,#3001,.F.);
#4054=ORIENTED_EDGE('',*,*,#3002,.T.);
#4055=ORIENTED_EDGE('',*,*,#3003,.F.);
#4056=ORIENTED_EDGE('',*,*,#2998,.F.);
#4057=ORIENTED_EDGE('',*,*,#2928,.F.);
#4058=ORIENTED_EDGE('',*,*,#3004,.F.);
#4059=ORIENTED_EDGE('',*,*,#2931,.F.);
#4060=ORIENTED_EDGE('',*,*,#2807,.T.);
#4061=ORIENTED_EDGE('',*,*,#2924,.F.);
#4062=ORIENTED_EDGE('',*,*,#2811,.T.);
#4063=ORIENTED_EDGE('',*,*,#2935,.F.);
#4064=ORIENTED_EDGE('',*,*,#3005,.F.);
#4065=ORIENTED_EDGE('',*,*,#2922,.F.);
#4066=ORIENTED_EDGE('',*,*,#3005,.T.);
#4067=ORIENTED_EDGE('',*,*,#2934,.F.);
#4068=ORIENTED_EDGE('',*,*,#2932,.T.);
#4069=ORIENTED_EDGE('',*,*,#2929,.F.);
#4070=ORIENTED_EDGE('',*,*,#3004,.T.);
#4071=ORIENTED_EDGE('',*,*,#2927,.F.);
#4072=ORIENTED_EDGE('',*,*,#2925,.T.);
#4073=ORIENTED_EDGE('',*,*,#3006,.T.);
#4074=ORIENTED_EDGE('',*,*,#3007,.T.);
#4075=ORIENTED_EDGE('',*,*,#3008,.T.);
#4076=ORIENTED_EDGE('',*,*,#3009,.T.);
#4077=ORIENTED_EDGE('',*,*,#3010,.T.);
#4078=ORIENTED_EDGE('',*,*,#3011,.T.);
#4079=ORIENTED_EDGE('',*,*,#3008,.F.);
#4080=ORIENTED_EDGE('',*,*,#3012,.T.);
#4081=ORIENTED_EDGE('',*,*,#3013,.T.);
#4082=ORIENTED_EDGE('',*,*,#3014,.T.);
#4083=ORIENTED_EDGE('',*,*,#3010,.F.);
#4084=ORIENTED_EDGE('',*,*,#3015,.T.);
#4085=ORIENTED_EDGE('',*,*,#3016,.T.);
#4086=ORIENTED_EDGE('',*,*,#3017,.T.);
#4087=ORIENTED_EDGE('',*,*,#3013,.F.);
#4088=ORIENTED_EDGE('',*,*,#3018,.T.);
#4089=ORIENTED_EDGE('',*,*,#3019,.T.);
#4090=ORIENTED_EDGE('',*,*,#3020,.T.);
#4091=ORIENTED_EDGE('',*,*,#3016,.F.);
#4092=ORIENTED_EDGE('',*,*,#3021,.T.);
#4093=ORIENTED_EDGE('',*,*,#3022,.T.);
#4094=ORIENTED_EDGE('',*,*,#3023,.T.);
#4095=ORIENTED_EDGE('',*,*,#3019,.F.);
#4096=ORIENTED_EDGE('',*,*,#3024,.T.);
#4097=ORIENTED_EDGE('',*,*,#3025,.T.);
#4098=ORIENTED_EDGE('',*,*,#3026,.T.);
#4099=ORIENTED_EDGE('',*,*,#3022,.F.);
#4100=ORIENTED_EDGE('',*,*,#3027,.T.);
#4101=ORIENTED_EDGE('',*,*,#3028,.T.);
#4102=ORIENTED_EDGE('',*,*,#3029,.T.);
#4103=ORIENTED_EDGE('',*,*,#3025,.F.);
#4104=ORIENTED_EDGE('',*,*,#3030,.T.);
#4105=ORIENTED_EDGE('',*,*,#3031,.T.);
#4106=ORIENTED_EDGE('',*,*,#3032,.T.);
#4107=ORIENTED_EDGE('',*,*,#3028,.F.);
#4108=ORIENTED_EDGE('',*,*,#3033,.T.);
#4109=ORIENTED_EDGE('',*,*,#3034,.T.);
#4110=ORIENTED_EDGE('',*,*,#3035,.T.);
#4111=ORIENTED_EDGE('',*,*,#3031,.F.);
#4112=ORIENTED_EDGE('',*,*,#3036,.T.);
#4113=ORIENTED_EDGE('',*,*,#3037,.T.);
#4114=ORIENTED_EDGE('',*,*,#3038,.T.);
#4115=ORIENTED_EDGE('',*,*,#3034,.F.);
#4116=ORIENTED_EDGE('',*,*,#3039,.T.);
#4117=ORIENTED_EDGE('',*,*,#3040,.T.);
#4118=ORIENTED_EDGE('',*,*,#3041,.T.);
#4119=ORIENTED_EDGE('',*,*,#3037,.F.);
#4120=ORIENTED_EDGE('',*,*,#3042,.T.);
#4121=ORIENTED_EDGE('',*,*,#3043,.T.);
#4122=ORIENTED_EDGE('',*,*,#3044,.T.);
#4123=ORIENTED_EDGE('',*,*,#3040,.F.);
#4124=ORIENTED_EDGE('',*,*,#3045,.T.);
#4125=ORIENTED_EDGE('',*,*,#3046,.T.);
#4126=ORIENTED_EDGE('',*,*,#3047,.T.);
#4127=ORIENTED_EDGE('',*,*,#3043,.F.);
#4128=ORIENTED_EDGE('',*,*,#3048,.T.);
#4129=ORIENTED_EDGE('',*,*,#3049,.T.);
#4130=ORIENTED_EDGE('',*,*,#3050,.T.);
#4131=ORIENTED_EDGE('',*,*,#3046,.F.);
#4132=ORIENTED_EDGE('',*,*,#3051,.T.);
#4133=ORIENTED_EDGE('',*,*,#3049,.F.);
#4134=ORIENTED_EDGE('',*,*,#3052,.T.);
#4135=ORIENTED_EDGE('',*,*,#3006,.F.);
#4136=ORIENTED_EDGE('',*,*,#3053,.T.);
#4137=ORIENTED_EDGE('',*,*,#3026,.F.);
#4138=ORIENTED_EDGE('',*,*,#3029,.F.);
#4139=ORIENTED_EDGE('',*,*,#3032,.F.);
#4140=ORIENTED_EDGE('',*,*,#3035,.F.);
#4141=ORIENTED_EDGE('',*,*,#3038,.F.);
#4142=ORIENTED_EDGE('',*,*,#3041,.F.);
#4143=ORIENTED_EDGE('',*,*,#3044,.F.);
#4144=ORIENTED_EDGE('',*,*,#3054,.F.);
#4145=ORIENTED_EDGE('',*,*,#3055,.F.);
#4146=ORIENTED_EDGE('',*,*,#3056,.F.);
#4147=ORIENTED_EDGE('',*,*,#3057,.F.);
#4148=ORIENTED_EDGE('',*,*,#3058,.F.);
#4149=ORIENTED_EDGE('',*,*,#3059,.F.);
#4150=ORIENTED_EDGE('',*,*,#3060,.F.);
#4151=ORIENTED_EDGE('',*,*,#3061,.F.);
#4152=ORIENTED_EDGE('',*,*,#3062,.F.);
#4153=ORIENTED_EDGE('',*,*,#3063,.F.);
#4154=ORIENTED_EDGE('',*,*,#3064,.F.);
#4155=ORIENTED_EDGE('',*,*,#3065,.F.);
#4156=ORIENTED_EDGE('',*,*,#3066,.T.);
#4157=ORIENTED_EDGE('',*,*,#3047,.F.);
#4158=ORIENTED_EDGE('',*,*,#3067,.F.);
#4159=ORIENTED_EDGE('',*,*,#3068,.F.);
#4160=ORIENTED_EDGE('',*,*,#3054,.T.);
#4161=ORIENTED_EDGE('',*,*,#3027,.F.);
#4162=ORIENTED_EDGE('',*,*,#3024,.F.);
#4163=ORIENTED_EDGE('',*,*,#3021,.F.);
#4164=ORIENTED_EDGE('',*,*,#3069,.F.);
#4165=ORIENTED_EDGE('',*,*,#3070,.T.);
#4166=ORIENTED_EDGE('',*,*,#3030,.F.);
#4167=ORIENTED_EDGE('',*,*,#3069,.T.);
#4168=ORIENTED_EDGE('',*,*,#3018,.F.);
#4169=ORIENTED_EDGE('',*,*,#3071,.T.);
#4170=ORIENTED_EDGE('',*,*,#3072,.T.);
#4171=ORIENTED_EDGE('',*,*,#3073,.T.);
#4172=ORIENTED_EDGE('',*,*,#2999,.T.);
#4173=ORIENTED_EDGE('',*,*,#3003,.T.);
#4174=ORIENTED_EDGE('',*,*,#3074,.T.);
#4175=ORIENTED_EDGE('',*,*,#3075,.T.);
#4176=ORIENTED_EDGE('',*,*,#3076,.T.);
#4177=ORIENTED_EDGE('',*,*,#3072,.F.);
#4178=ORIENTED_EDGE('',*,*,#3077,.T.);
#4179=ORIENTED_EDGE('',*,*,#3078,.T.);
#4180=ORIENTED_EDGE('',*,*,#3079,.T.);
#4181=ORIENTED_EDGE('',*,*,#3075,.F.);
#4182=ORIENTED_EDGE('',*,*,#3080,.T.);
#4183=ORIENTED_EDGE('',*,*,#3081,.T.);
#4184=ORIENTED_EDGE('',*,*,#3082,.T.);
#4185=ORIENTED_EDGE('',*,*,#3078,.F.);
#4186=ORIENTED_EDGE('',*,*,#3083,.T.);
#4187=ORIENTED_EDGE('',*,*,#3084,.T.);
#4188=ORIENTED_EDGE('',*,*,#3085,.T.);
#4189=ORIENTED_EDGE('',*,*,#3081,.F.);
#4190=ORIENTED_EDGE('',*,*,#3086,.T.);
#4191=ORIENTED_EDGE('',*,*,#3087,.T.);
#4192=ORIENTED_EDGE('',*,*,#3068,.T.);
#4193=ORIENTED_EDGE('',*,*,#3084,.F.);
#4194=ORIENTED_EDGE('',*,*,#3088,.T.);
#4195=ORIENTED_EDGE('',*,*,#3089,.T.);
#4196=ORIENTED_EDGE('',*,*,#3055,.T.);
#4197=ORIENTED_EDGE('',*,*,#3087,.F.);
#4198=ORIENTED_EDGE('',*,*,#3090,.T.);
#4199=ORIENTED_EDGE('',*,*,#3091,.T.);
#4200=ORIENTED_EDGE('',*,*,#3056,.T.);
#4201=ORIENTED_EDGE('',*,*,#3089,.F.);
#4202=ORIENTED_EDGE('',*,*,#3092,.T.);
#4203=ORIENTED_EDGE('',*,*,#3093,.T.);
#4204=ORIENTED_EDGE('',*,*,#3057,.T.);
#4205=ORIENTED_EDGE('',*,*,#3091,.F.);
#4206=ORIENTED_EDGE('',*,*,#3094,.T.);
#4207=ORIENTED_EDGE('',*,*,#3095,.T.);
#4208=ORIENTED_EDGE('',*,*,#3058,.T.);
#4209=ORIENTED_EDGE('',*,*,#3093,.F.);
#4210=ORIENTED_EDGE('',*,*,#3096,.T.);
#4211=ORIENTED_EDGE('',*,*,#3059,.T.);
#4212=ORIENTED_EDGE('',*,*,#3095,.F.);
#4213=ORIENTED_EDGE('',*,*,#3097,.T.);
#4214=ORIENTED_EDGE('',*,*,#3001,.T.);
#4215=ORIENTED_EDGE('',*,*,#3098,.T.);
#4216=ORIENTED_EDGE('',*,*,#2981,.F.);
#4217=ORIENTED_EDGE('',*,*,#3099,.T.);
#4218=ORIENTED_EDGE('',*,*,#3098,.F.);
#4219=ORIENTED_EDGE('',*,*,#3000,.F.);
#4220=ORIENTED_EDGE('',*,*,#3020,.F.);
#4221=ORIENTED_EDGE('',*,*,#3100,.F.);
#4222=ORIENTED_EDGE('',*,*,#3101,.F.);
#4223=ORIENTED_EDGE('',*,*,#3102,.F.);
#4224=ORIENTED_EDGE('',*,*,#3103,.F.);
#4225=ORIENTED_EDGE('',*,*,#3104,.F.);
#4226=ORIENTED_EDGE('',*,*,#3105,.F.);
#4227=ORIENTED_EDGE('',*,*,#2997,.F.);
#4228=ORIENTED_EDGE('',*,*,#3073,.F.);
#4229=ORIENTED_EDGE('',*,*,#3076,.F.);
#4230=ORIENTED_EDGE('',*,*,#3079,.F.);
#4231=ORIENTED_EDGE('',*,*,#3082,.F.);
#4232=ORIENTED_EDGE('',*,*,#3085,.F.);
#4233=ORIENTED_EDGE('',*,*,#3067,.T.);
#4234=ORIENTED_EDGE('',*,*,#3050,.F.);
#4235=ORIENTED_EDGE('',*,*,#3053,.F.);
#4236=ORIENTED_EDGE('',*,*,#3009,.F.);
#4237=ORIENTED_EDGE('',*,*,#3011,.F.);
#4238=ORIENTED_EDGE('',*,*,#3014,.F.);
#4239=ORIENTED_EDGE('',*,*,#3017,.F.);
#4240=ORIENTED_EDGE('',*,*,#2983,.F.);
#4241=ORIENTED_EDGE('',*,*,#3106,.F.);
#4242=ORIENTED_EDGE('',*,*,#3060,.T.);
#4243=ORIENTED_EDGE('',*,*,#3099,.F.);
#4244=ORIENTED_EDGE('',*,*,#3107,.T.);
#4245=ORIENTED_EDGE('',*,*,#3108,.T.);
#4246=ORIENTED_EDGE('',*,*,#3109,.T.);
#4247=ORIENTED_EDGE('',*,*,#2994,.T.);
#4248=ORIENTED_EDGE('',*,*,#3105,.T.);
#4249=ORIENTED_EDGE('',*,*,#3110,.T.);
#4250=ORIENTED_EDGE('',*,*,#3111,.T.);
#4251=ORIENTED_EDGE('',*,*,#3107,.F.);
#4252=ORIENTED_EDGE('',*,*,#3104,.T.);
#4253=ORIENTED_EDGE('',*,*,#3112,.T.);
#4254=ORIENTED_EDGE('',*,*,#3113,.T.);
#4255=ORIENTED_EDGE('',*,*,#3110,.F.);
#4256=ORIENTED_EDGE('',*,*,#3103,.T.);
#4257=ORIENTED_EDGE('',*,*,#3114,.T.);
#4258=ORIENTED_EDGE('',*,*,#3115,.T.);
#4259=ORIENTED_EDGE('',*,*,#3112,.F.);
#4260=ORIENTED_EDGE('',*,*,#3102,.T.);
#4261=ORIENTED_EDGE('',*,*,#3116,.T.);
#4262=ORIENTED_EDGE('',*,*,#3117,.T.);
#4263=ORIENTED_EDGE('',*,*,#3114,.F.);
#4264=ORIENTED_EDGE('',*,*,#3101,.T.);
#4265=ORIENTED_EDGE('',*,*,#3118,.T.);
#4266=ORIENTED_EDGE('',*,*,#3119,.T.);
#4267=ORIENTED_EDGE('',*,*,#3116,.F.);
#4268=ORIENTED_EDGE('',*,*,#3120,.T.);
#4269=ORIENTED_EDGE('',*,*,#3121,.T.);
#4270=ORIENTED_EDGE('',*,*,#3122,.T.);
#4271=ORIENTED_EDGE('',*,*,#3118,.F.);
#4272=ORIENTED_EDGE('',*,*,#3065,.T.);
#4273=ORIENTED_EDGE('',*,*,#3123,.T.);
#4274=ORIENTED_EDGE('',*,*,#3124,.T.);
#4275=ORIENTED_EDGE('',*,*,#3121,.F.);
#4276=ORIENTED_EDGE('',*,*,#3064,.T.);
#4277=ORIENTED_EDGE('',*,*,#3125,.T.);
#4278=ORIENTED_EDGE('',*,*,#3126,.T.);
#4279=ORIENTED_EDGE('',*,*,#3123,.F.);
#4280=ORIENTED_EDGE('',*,*,#3063,.T.);
#4281=ORIENTED_EDGE('',*,*,#3127,.T.);
#4282=ORIENTED_EDGE('',*,*,#3128,.T.);
#4283=ORIENTED_EDGE('',*,*,#3125,.F.);
#4284=ORIENTED_EDGE('',*,*,#3062,.T.);
#4285=ORIENTED_EDGE('',*,*,#3129,.T.);
#4286=ORIENTED_EDGE('',*,*,#3127,.F.);
#4287=ORIENTED_EDGE('',*,*,#3061,.T.);
#4288=ORIENTED_EDGE('',*,*,#3130,.T.);
#4289=ORIENTED_EDGE('',*,*,#3131,.T.);
#4290=ORIENTED_EDGE('',*,*,#2985,.F.);
#4291=ORIENTED_EDGE('',*,*,#3132,.T.);
#4292=ORIENTED_EDGE('',*,*,#3130,.F.);
#4293=ORIENTED_EDGE('',*,*,#3106,.T.);
#4294=ORIENTED_EDGE('',*,*,#3117,.F.);
#4295=ORIENTED_EDGE('',*,*,#3119,.F.);
#4296=ORIENTED_EDGE('',*,*,#3122,.F.);
#4297=ORIENTED_EDGE('',*,*,#3133,.F.);
#4298=ORIENTED_EDGE('',*,*,#3134,.F.);
#4299=ORIENTED_EDGE('',*,*,#3115,.F.);
#4300=ORIENTED_EDGE('',*,*,#3133,.T.);
#4301=ORIENTED_EDGE('',*,*,#3124,.F.);
#4302=ORIENTED_EDGE('',*,*,#3135,.T.);
#4303=ORIENTED_EDGE('',*,*,#3113,.F.);
#4304=ORIENTED_EDGE('',*,*,#3135,.F.);
#4305=ORIENTED_EDGE('',*,*,#3126,.F.);
#4306=ORIENTED_EDGE('',*,*,#3136,.F.);
#4307=ORIENTED_EDGE('',*,*,#3111,.F.);
#4308=ORIENTED_EDGE('',*,*,#3136,.T.);
#4309=ORIENTED_EDGE('',*,*,#3128,.F.);
#4310=ORIENTED_EDGE('',*,*,#3137,.T.);
#4311=ORIENTED_EDGE('',*,*,#3108,.F.);
#4312=ORIENTED_EDGE('',*,*,#3137,.F.);
#4313=ORIENTED_EDGE('',*,*,#3129,.F.);
#4314=ORIENTED_EDGE('',*,*,#3138,.F.);
#4315=ORIENTED_EDGE('',*,*,#2987,.F.);
#4316=ORIENTED_EDGE('',*,*,#2995,.T.);
#4317=ORIENTED_EDGE('',*,*,#3109,.F.);
#4318=ORIENTED_EDGE('',*,*,#3138,.T.);
#4319=ORIENTED_EDGE('',*,*,#3131,.F.);
#4320=ORIENTED_EDGE('',*,*,#3132,.F.);
#4321=ORIENTED_EDGE('',*,*,#3033,.F.);
#4322=ORIENTED_EDGE('',*,*,#3071,.F.);
#4323=ORIENTED_EDGE('',*,*,#3015,.F.);
#4324=ORIENTED_EDGE('',*,*,#3139,.F.);
#4325=ORIENTED_EDGE('',*,*,#3042,.F.);
#4326=ORIENTED_EDGE('',*,*,#3140,.T.);
#4327=ORIENTED_EDGE('',*,*,#3052,.F.);
#4328=ORIENTED_EDGE('',*,*,#3141,.T.);
#4329=ORIENTED_EDGE('',*,*,#3045,.F.);
#4330=ORIENTED_EDGE('',*,*,#3141,.F.);
#4331=ORIENTED_EDGE('',*,*,#3051,.F.);
#4332=ORIENTED_EDGE('',*,*,#3048,.F.);
#4333=ORIENTED_EDGE('',*,*,#3142,.F.);
#4334=ORIENTED_EDGE('',*,*,#3083,.F.);
#4335=ORIENTED_EDGE('',*,*,#3143,.T.);
#4336=ORIENTED_EDGE('',*,*,#3092,.F.);
#4337=ORIENTED_EDGE('',*,*,#3144,.T.);
#4338=ORIENTED_EDGE('',*,*,#3080,.F.);
#4339=ORIENTED_EDGE('',*,*,#3145,.F.);
#4340=ORIENTED_EDGE('',*,*,#3094,.F.);
#4341=ORIENTED_EDGE('',*,*,#3143,.F.);
#4342=ORIENTED_EDGE('',*,*,#3077,.F.);
#4343=ORIENTED_EDGE('',*,*,#3146,.T.);
#4344=ORIENTED_EDGE('',*,*,#3096,.F.);
#4345=ORIENTED_EDGE('',*,*,#3145,.T.);
#4346=ORIENTED_EDGE('',*,*,#3074,.F.);
#4347=ORIENTED_EDGE('',*,*,#3002,.F.);
#4348=ORIENTED_EDGE('',*,*,#3097,.F.);
#4349=ORIENTED_EDGE('',*,*,#3146,.F.);
#4350=ORIENTED_EDGE('',*,*,#3036,.F.);
#4351=ORIENTED_EDGE('',*,*,#3139,.T.);
#4352=ORIENTED_EDGE('',*,*,#3012,.F.);
#4353=ORIENTED_EDGE('',*,*,#3147,.F.);
#4354=ORIENTED_EDGE('',*,*,#3039,.F.);
#4355=ORIENTED_EDGE('',*,*,#3147,.T.);
#4356=ORIENTED_EDGE('',*,*,#3007,.F.);
#4357=ORIENTED_EDGE('',*,*,#3140,.F.);
#4358=ORIENTED_EDGE('',*,*,#3142,.T.);
#4359=ORIENTED_EDGE('',*,*,#3148,.T.);
#4360=ORIENTED_EDGE('',*,*,#3149,.F.);
#4361=ORIENTED_EDGE('',*,*,#3148,.F.);
#4362=ORIENTED_EDGE('',*,*,#3086,.F.);
#4363=ORIENTED_EDGE('',*,*,#3144,.F.);
#4364=ORIENTED_EDGE('',*,*,#3090,.F.);
#4365=ORIENTED_EDGE('',*,*,#3088,.F.);
#4366=ORIENTED_EDGE('',*,*,#3149,.T.);
#4367=ORIENTED_EDGE('',*,*,#3070,.F.);
#4368=ORIENTED_EDGE('',*,*,#3150,.T.);
#4369=ORIENTED_EDGE('',*,*,#3134,.T.);
#4370=ORIENTED_EDGE('',*,*,#3150,.F.);
#4371=ORIENTED_EDGE('',*,*,#3023,.F.);
#4372=ORIENTED_EDGE('',*,*,#3066,.F.);
#4373=ORIENTED_EDGE('',*,*,#3120,.F.);
#4374=ORIENTED_EDGE('',*,*,#3100,.T.);
#4375=ORIENTED_EDGE('',*,*,#3151,.T.);
#4376=ORIENTED_EDGE('',*,*,#3152,.T.);
#4377=ORIENTED_EDGE('',*,*,#3153,.T.);
#4378=ORIENTED_EDGE('',*,*,#3154,.T.);
#4379=ORIENTED_EDGE('',*,*,#3155,.T.);
#4380=ORIENTED_EDGE('',*,*,#3156,.T.);
#4381=ORIENTED_EDGE('',*,*,#3153,.F.);
#4382=ORIENTED_EDGE('',*,*,#3157,.T.);
#4383=ORIENTED_EDGE('',*,*,#3158,.T.);
#4384=ORIENTED_EDGE('',*,*,#3159,.T.);
#4385=ORIENTED_EDGE('',*,*,#3155,.F.);
#4386=ORIENTED_EDGE('',*,*,#3160,.T.);
#4387=ORIENTED_EDGE('',*,*,#3161,.T.);
#4388=ORIENTED_EDGE('',*,*,#3162,.T.);
#4389=ORIENTED_EDGE('',*,*,#3158,.F.);
#4390=ORIENTED_EDGE('',*,*,#3163,.T.);
#4391=ORIENTED_EDGE('',*,*,#3164,.T.);
#4392=ORIENTED_EDGE('',*,*,#3165,.T.);
#4393=ORIENTED_EDGE('',*,*,#3161,.F.);
#4394=ORIENTED_EDGE('',*,*,#3166,.T.);
#4395=ORIENTED_EDGE('',*,*,#3167,.T.);
#4396=ORIENTED_EDGE('',*,*,#3168,.T.);
#4397=ORIENTED_EDGE('',*,*,#3164,.F.);
#4398=ORIENTED_EDGE('',*,*,#3169,.T.);
#4399=ORIENTED_EDGE('',*,*,#3170,.T.);
#4400=ORIENTED_EDGE('',*,*,#3171,.T.);
#4401=ORIENTED_EDGE('',*,*,#3167,.F.);
#4402=ORIENTED_EDGE('',*,*,#3172,.T.);
#4403=ORIENTED_EDGE('',*,*,#3170,.F.);
#4404=ORIENTED_EDGE('',*,*,#3173,.T.);
#4405=ORIENTED_EDGE('',*,*,#3151,.F.);
#4406=ORIENTED_EDGE('',*,*,#3174,.T.);
#4407=ORIENTED_EDGE('',*,*,#3168,.F.);
#4408=ORIENTED_EDGE('',*,*,#3175,.F.);
#4409=ORIENTED_EDGE('',*,*,#3176,.F.);
#4410=ORIENTED_EDGE('',*,*,#3177,.F.);
#4411=ORIENTED_EDGE('',*,*,#3178,.F.);
#4412=ORIENTED_EDGE('',*,*,#3171,.F.);
#4413=ORIENTED_EDGE('',*,*,#3179,.T.);
#4414=ORIENTED_EDGE('',*,*,#3180,.F.);
#4415=ORIENTED_EDGE('',*,*,#3175,.T.);
#4416=ORIENTED_EDGE('',*,*,#3174,.F.);
#4417=ORIENTED_EDGE('',*,*,#3181,.F.);
#4418=ORIENTED_EDGE('',*,*,#3182,.F.);
#4419=ORIENTED_EDGE('',*,*,#3179,.F.);
#4420=ORIENTED_EDGE('',*,*,#3154,.F.);
#4421=ORIENTED_EDGE('',*,*,#3183,.T.);
#4422=ORIENTED_EDGE('',*,*,#3184,.F.);
#4423=ORIENTED_EDGE('',*,*,#3181,.T.);
#4424=ORIENTED_EDGE('',*,*,#3165,.F.);
#4425=ORIENTED_EDGE('',*,*,#3177,.T.);
#4426=ORIENTED_EDGE('',*,*,#3185,.T.);
#4427=ORIENTED_EDGE('',*,*,#3186,.T.);
#4428=ORIENTED_EDGE('',*,*,#3180,.T.);
#4429=ORIENTED_EDGE('',*,*,#3187,.T.);
#4430=ORIENTED_EDGE('',*,*,#3185,.F.);
#4431=ORIENTED_EDGE('',*,*,#3176,.T.);
#4432=ORIENTED_EDGE('',*,*,#3159,.F.);
#4433=ORIENTED_EDGE('',*,*,#3188,.T.);
#4434=ORIENTED_EDGE('',*,*,#3189,.T.);
#4435=ORIENTED_EDGE('',*,*,#3190,.T.);
#4436=ORIENTED_EDGE('',*,*,#3184,.T.);
#4437=ORIENTED_EDGE('',*,*,#3191,.T.);
#4438=ORIENTED_EDGE('',*,*,#3189,.F.);
#4439=ORIENTED_EDGE('',*,*,#3192,.T.);
#4440=ORIENTED_EDGE('',*,*,#3187,.F.);
#4441=ORIENTED_EDGE('',*,*,#3182,.T.);
#4442=ORIENTED_EDGE('',*,*,#3192,.F.);
#4443=ORIENTED_EDGE('',*,*,#3193,.F.);
#4444=ORIENTED_EDGE('',*,*,#3162,.F.);
#4445=ORIENTED_EDGE('',*,*,#3186,.F.);
#4446=ORIENTED_EDGE('',*,*,#3193,.T.);
#4447=ORIENTED_EDGE('',*,*,#3188,.F.);
#4448=ORIENTED_EDGE('',*,*,#3194,.F.);
#4449=ORIENTED_EDGE('',*,*,#3195,.T.);
#4450=ORIENTED_EDGE('',*,*,#3196,.T.);
#4451=ORIENTED_EDGE('',*,*,#3197,.T.);
#4452=ORIENTED_EDGE('',*,*,#3197,.F.);
#4453=ORIENTED_EDGE('',*,*,#3198,.F.);
#4454=ORIENTED_EDGE('',*,*,#3199,.F.);
#4455=ORIENTED_EDGE('',*,*,#3200,.F.);
#4456=ORIENTED_EDGE('',*,*,#3201,.F.);
#4457=ORIENTED_EDGE('',*,*,#3202,.T.);
#4458=ORIENTED_EDGE('',*,*,#3203,.T.);
#4459=ORIENTED_EDGE('',*,*,#3204,.T.);
#4460=ORIENTED_EDGE('',*,*,#3195,.F.);
#4461=ORIENTED_EDGE('',*,*,#3205,.F.);
#4462=ORIENTED_EDGE('',*,*,#3204,.F.);
#4463=ORIENTED_EDGE('',*,*,#3206,.F.);
#4464=ORIENTED_EDGE('',*,*,#3207,.F.);
#4465=ORIENTED_EDGE('',*,*,#3208,.T.);
#4466=ORIENTED_EDGE('',*,*,#3209,.T.);
#4467=ORIENTED_EDGE('',*,*,#3210,.T.);
#4468=ORIENTED_EDGE('',*,*,#3202,.F.);
#4469=ORIENTED_EDGE('',*,*,#3211,.F.);
#4470=ORIENTED_EDGE('',*,*,#3210,.F.);
#4471=ORIENTED_EDGE('',*,*,#3212,.F.);
#4472=ORIENTED_EDGE('',*,*,#3213,.F.);
#4473=ORIENTED_EDGE('',*,*,#3214,.T.);
#4474=ORIENTED_EDGE('',*,*,#3215,.T.);
#4475=ORIENTED_EDGE('',*,*,#3216,.T.);
#4476=ORIENTED_EDGE('',*,*,#3208,.F.);
#4477=ORIENTED_EDGE('',*,*,#3217,.F.);
#4478=ORIENTED_EDGE('',*,*,#3216,.F.);
#4479=ORIENTED_EDGE('',*,*,#3218,.F.);
#4480=ORIENTED_EDGE('',*,*,#3219,.T.);
#4481=ORIENTED_EDGE('',*,*,#3220,.T.);
#4482=ORIENTED_EDGE('',*,*,#3221,.T.);
#4483=ORIENTED_EDGE('',*,*,#3199,.T.);
#4484=ORIENTED_EDGE('',*,*,#3220,.F.);
#4485=ORIENTED_EDGE('',*,*,#3222,.F.);
#4486=ORIENTED_EDGE('',*,*,#3223,.F.);
#4487=ORIENTED_EDGE('',*,*,#3224,.F.);
#4488=ORIENTED_EDGE('',*,*,#3219,.F.);
#4489=ORIENTED_EDGE('',*,*,#3198,.T.);
#4490=ORIENTED_EDGE('',*,*,#3196,.F.);
#4491=ORIENTED_EDGE('',*,*,#3206,.T.);
#4492=ORIENTED_EDGE('',*,*,#3203,.F.);
#4493=ORIENTED_EDGE('',*,*,#3212,.T.);
#4494=ORIENTED_EDGE('',*,*,#3209,.F.);
#4495=ORIENTED_EDGE('',*,*,#3218,.T.);
#4496=ORIENTED_EDGE('',*,*,#3215,.F.);
#4497=ORIENTED_EDGE('',*,*,#3225,.T.);
#4498=ORIENTED_EDGE('',*,*,#3226,.F.);
#4499=ORIENTED_EDGE('',*,*,#3227,.T.);
#4500=ORIENTED_EDGE('',*,*,#3228,.F.);
#4501=ORIENTED_EDGE('',*,*,#3229,.T.);
#4502=ORIENTED_EDGE('',*,*,#3230,.F.);
#4503=ORIENTED_EDGE('',*,*,#3231,.T.);
#4504=ORIENTED_EDGE('',*,*,#3232,.F.);
#4505=ORIENTED_EDGE('',*,*,#3233,.T.);
#4506=ORIENTED_EDGE('',*,*,#3234,.F.);
#4507=ORIENTED_EDGE('',*,*,#3235,.T.);
#4508=ORIENTED_EDGE('',*,*,#3236,.F.);
#4509=ORIENTED_EDGE('',*,*,#3237,.T.);
#4510=ORIENTED_EDGE('',*,*,#3238,.F.);
#4511=ORIENTED_EDGE('',*,*,#3222,.T.);
#4512=ORIENTED_EDGE('',*,*,#3238,.T.);
#4513=ORIENTED_EDGE('',*,*,#3239,.T.);
#4514=ORIENTED_EDGE('',*,*,#3240,.T.);
#4515=ORIENTED_EDGE('',*,*,#3223,.T.);
#4516=ORIENTED_EDGE('',*,*,#3241,.F.);
#4517=ORIENTED_EDGE('',*,*,#3239,.F.);
#4518=ORIENTED_EDGE('',*,*,#3237,.F.);
#4519=ORIENTED_EDGE('',*,*,#3242,.F.);
#4520=ORIENTED_EDGE('',*,*,#3243,.F.);
#4521=ORIENTED_EDGE('',*,*,#3244,.F.);
#4522=ORIENTED_EDGE('',*,*,#3229,.F.);
#4523=ORIENTED_EDGE('',*,*,#3245,.F.);
#4524=ORIENTED_EDGE('',*,*,#3228,.T.);
#4525=ORIENTED_EDGE('',*,*,#3246,.T.);
#4526=ORIENTED_EDGE('',*,*,#3247,.T.);
#4527=ORIENTED_EDGE('',*,*,#3245,.T.);
#4528=ORIENTED_EDGE('',*,*,#3246,.F.);
#4529=ORIENTED_EDGE('',*,*,#3227,.F.);
#4530=ORIENTED_EDGE('',*,*,#3248,.F.);
#4531=ORIENTED_EDGE('',*,*,#3249,.F.);
#4532=ORIENTED_EDGE('',*,*,#3226,.T.);
#4533=ORIENTED_EDGE('',*,*,#3250,.T.);
#4534=ORIENTED_EDGE('',*,*,#3251,.T.);
#4535=ORIENTED_EDGE('',*,*,#3248,.T.);
#4536=ORIENTED_EDGE('',*,*,#3214,.F.);
#4537=ORIENTED_EDGE('',*,*,#3252,.F.);
#4538=ORIENTED_EDGE('',*,*,#3250,.F.);
#4539=ORIENTED_EDGE('',*,*,#3225,.F.);
#4540=ORIENTED_EDGE('',*,*,#3232,.T.);
#4541=ORIENTED_EDGE('',*,*,#3253,.T.);
#4542=ORIENTED_EDGE('',*,*,#3254,.T.);
#4543=ORIENTED_EDGE('',*,*,#3255,.T.);
#4544=ORIENTED_EDGE('',*,*,#3253,.F.);
#4545=ORIENTED_EDGE('',*,*,#3231,.F.);
#4546=ORIENTED_EDGE('',*,*,#3256,.F.);
#4547=ORIENTED_EDGE('',*,*,#3257,.F.);
#4548=ORIENTED_EDGE('',*,*,#3234,.T.);
#4549=ORIENTED_EDGE('',*,*,#3258,.T.);
#4550=ORIENTED_EDGE('',*,*,#3259,.T.);
#4551=ORIENTED_EDGE('',*,*,#3260,.T.);
#4552=ORIENTED_EDGE('',*,*,#3260,.F.);
#4553=ORIENTED_EDGE('',*,*,#3261,.F.);
#4554=ORIENTED_EDGE('',*,*,#3163,.F.);
#4555=ORIENTED_EDGE('',*,*,#3262,.F.);
#4556=ORIENTED_EDGE('',*,*,#3263,.F.);
#4557=ORIENTED_EDGE('',*,*,#3235,.F.);
#4558=ORIENTED_EDGE('',*,*,#3236,.T.);
#4559=ORIENTED_EDGE('',*,*,#3263,.T.);
#4560=ORIENTED_EDGE('',*,*,#3264,.T.);
#4561=ORIENTED_EDGE('',*,*,#3242,.T.);
#4562=ORIENTED_EDGE('',*,*,#3230,.T.);
#4563=ORIENTED_EDGE('',*,*,#3244,.T.);
#4564=ORIENTED_EDGE('',*,*,#3265,.T.);
#4565=ORIENTED_EDGE('',*,*,#3256,.T.);
#4566=ORIENTED_EDGE('',*,*,#3166,.F.);
#4567=ORIENTED_EDGE('',*,*,#3261,.T.);
#4568=ORIENTED_EDGE('',*,*,#3259,.F.);
#4569=ORIENTED_EDGE('',*,*,#3266,.T.);
#4570=ORIENTED_EDGE('',*,*,#3267,.F.);
#4571=ORIENTED_EDGE('',*,*,#3268,.F.);
#4572=ORIENTED_EDGE('',*,*,#3269,.F.);
#4573=ORIENTED_EDGE('',*,*,#3270,.F.);
#4574=ORIENTED_EDGE('',*,*,#3271,.F.);
#4575=ORIENTED_EDGE('',*,*,#3272,.F.);
#4576=ORIENTED_EDGE('',*,*,#3273,.F.);
#4577=ORIENTED_EDGE('',*,*,#3274,.T.);
#4578=ORIENTED_EDGE('',*,*,#3254,.F.);
#4579=ORIENTED_EDGE('',*,*,#3257,.T.);
#4580=ORIENTED_EDGE('',*,*,#3265,.F.);
#4581=ORIENTED_EDGE('',*,*,#3243,.T.);
#4582=ORIENTED_EDGE('',*,*,#3264,.F.);
#4583=ORIENTED_EDGE('',*,*,#3262,.T.);
#4584=ORIENTED_EDGE('',*,*,#3160,.F.);
#4585=ORIENTED_EDGE('',*,*,#3157,.F.);
#4586=ORIENTED_EDGE('',*,*,#3152,.F.);
#4587=ORIENTED_EDGE('',*,*,#3173,.F.);
#4588=ORIENTED_EDGE('',*,*,#3172,.F.);
#4589=ORIENTED_EDGE('',*,*,#3169,.F.);
#4590=ORIENTED_EDGE('',*,*,#3275,.F.);
#4591=ORIENTED_EDGE('',*,*,#3276,.F.);
#4592=ORIENTED_EDGE('',*,*,#3277,.F.);
#4593=ORIENTED_EDGE('',*,*,#3278,.F.);
#4594=ORIENTED_EDGE('',*,*,#3279,.F.);
#4595=ORIENTED_EDGE('',*,*,#3280,.F.);
#4596=ORIENTED_EDGE('',*,*,#3281,.F.);
#4597=ORIENTED_EDGE('',*,*,#3282,.F.);
#4598=ORIENTED_EDGE('',*,*,#3283,.F.);
#4599=ORIENTED_EDGE('',*,*,#3284,.F.);
#4600=ORIENTED_EDGE('',*,*,#3285,.F.);
#4601=ORIENTED_EDGE('',*,*,#3286,.F.);
#4602=ORIENTED_EDGE('',*,*,#3287,.F.);
#4603=ORIENTED_EDGE('',*,*,#3288,.F.);
#4604=ORIENTED_EDGE('',*,*,#3289,.F.);
#4605=ORIENTED_EDGE('',*,*,#3290,.F.);
#4606=ORIENTED_EDGE('',*,*,#3291,.F.);
#4607=ORIENTED_EDGE('',*,*,#3292,.F.);
#4608=ORIENTED_EDGE('',*,*,#3293,.F.);
#4609=ORIENTED_EDGE('',*,*,#3294,.F.);
#4610=ORIENTED_EDGE('',*,*,#3295,.T.);
#4611=ORIENTED_EDGE('',*,*,#3269,.T.);
#4612=ORIENTED_EDGE('',*,*,#3296,.T.);
#4613=ORIENTED_EDGE('',*,*,#3297,.T.);
#4614=ORIENTED_EDGE('',*,*,#3298,.T.);
#4615=ORIENTED_EDGE('',*,*,#3299,.T.);
#4616=ORIENTED_EDGE('',*,*,#3296,.F.);
#4617=ORIENTED_EDGE('',*,*,#3268,.T.);
#4618=ORIENTED_EDGE('',*,*,#3300,.T.);
#4619=ORIENTED_EDGE('',*,*,#3301,.T.);
#4620=ORIENTED_EDGE('',*,*,#3298,.F.);
#4621=ORIENTED_EDGE('',*,*,#3267,.T.);
#4622=ORIENTED_EDGE('',*,*,#3302,.T.);
#4623=ORIENTED_EDGE('',*,*,#3303,.T.);
#4624=ORIENTED_EDGE('',*,*,#3300,.F.);
#4625=ORIENTED_EDGE('',*,*,#3304,.T.);
#4626=ORIENTED_EDGE('',*,*,#3305,.T.);
#4627=ORIENTED_EDGE('',*,*,#3306,.T.);
#4628=ORIENTED_EDGE('',*,*,#3302,.F.);
#4629=ORIENTED_EDGE('',*,*,#3273,.T.);
#4630=ORIENTED_EDGE('',*,*,#3307,.T.);
#4631=ORIENTED_EDGE('',*,*,#3308,.T.);
#4632=ORIENTED_EDGE('',*,*,#3305,.F.);
#4633=ORIENTED_EDGE('',*,*,#3272,.T.);
#4634=ORIENTED_EDGE('',*,*,#3309,.T.);
#4635=ORIENTED_EDGE('',*,*,#3310,.T.);
#4636=ORIENTED_EDGE('',*,*,#3307,.F.);
#4637=ORIENTED_EDGE('',*,*,#3271,.T.);
#4638=ORIENTED_EDGE('',*,*,#3309,.F.);
#4639=ORIENTED_EDGE('',*,*,#3270,.T.);
#4640=ORIENTED_EDGE('',*,*,#3295,.F.);
#4641=ORIENTED_EDGE('',*,*,#3311,.T.);
#4642=ORIENTED_EDGE('',*,*,#3308,.F.);
#4643=ORIENTED_EDGE('',*,*,#3312,.F.);
#4644=ORIENTED_EDGE('',*,*,#3313,.F.);
#4645=ORIENTED_EDGE('',*,*,#3314,.F.);
#4646=ORIENTED_EDGE('',*,*,#3315,.T.);
#4647=ORIENTED_EDGE('',*,*,#3310,.F.);
#4648=ORIENTED_EDGE('',*,*,#3316,.T.);
#4649=ORIENTED_EDGE('',*,*,#3317,.T.);
#4650=ORIENTED_EDGE('',*,*,#3312,.T.);
#4651=ORIENTED_EDGE('',*,*,#3311,.F.);
#4652=ORIENTED_EDGE('',*,*,#3318,.F.);
#4653=ORIENTED_EDGE('',*,*,#3319,.T.);
#4654=ORIENTED_EDGE('',*,*,#3316,.F.);
#4655=ORIENTED_EDGE('',*,*,#3297,.F.);
#4656=ORIENTED_EDGE('',*,*,#3320,.T.);
#4657=ORIENTED_EDGE('',*,*,#3321,.T.);
#4658=ORIENTED_EDGE('',*,*,#3318,.T.);
#4659=ORIENTED_EDGE('',*,*,#3322,.T.);
#4660=ORIENTED_EDGE('',*,*,#3313,.T.);
#4661=ORIENTED_EDGE('',*,*,#3317,.F.);
#4662=ORIENTED_EDGE('',*,*,#3323,.T.);
#4663=ORIENTED_EDGE('',*,*,#3306,.F.);
#4664=ORIENTED_EDGE('',*,*,#3314,.T.);
#4665=ORIENTED_EDGE('',*,*,#3322,.F.);
#4666=ORIENTED_EDGE('',*,*,#3324,.T.);
#4667=ORIENTED_EDGE('',*,*,#3303,.F.);
#4668=ORIENTED_EDGE('',*,*,#3324,.F.);
#4669=ORIENTED_EDGE('',*,*,#3325,.F.);
#4670=ORIENTED_EDGE('',*,*,#3326,.F.);
#4671=ORIENTED_EDGE('',*,*,#3323,.F.);
#4672=ORIENTED_EDGE('',*,*,#3319,.F.);
#4673=ORIENTED_EDGE('',*,*,#3327,.F.);
#4674=ORIENTED_EDGE('',*,*,#3325,.T.);
#4675=ORIENTED_EDGE('',*,*,#3328,.T.);
#4676=ORIENTED_EDGE('',*,*,#3327,.T.);
#4677=ORIENTED_EDGE('',*,*,#3321,.F.);
#4678=ORIENTED_EDGE('',*,*,#3329,.T.);
#4679=ORIENTED_EDGE('',*,*,#3301,.F.);
#4680=ORIENTED_EDGE('',*,*,#3326,.T.);
#4681=ORIENTED_EDGE('',*,*,#3328,.F.);
#4682=ORIENTED_EDGE('',*,*,#3330,.T.);
#4683=ORIENTED_EDGE('',*,*,#3299,.F.);
#4684=ORIENTED_EDGE('',*,*,#3330,.F.);
#4685=ORIENTED_EDGE('',*,*,#3329,.F.);
#4686=ORIENTED_EDGE('',*,*,#3320,.F.);
#4687=ORIENTED_EDGE('',*,*,#3331,.T.);
#4688=ORIENTED_EDGE('',*,*,#3315,.F.);
#4689=ORIENTED_EDGE('',*,*,#3332,.T.);
#4690=ORIENTED_EDGE('',*,*,#3331,.F.);
#4691=ORIENTED_EDGE('',*,*,#3332,.F.);
#4692=ORIENTED_EDGE('',*,*,#3333,.F.);
#4693=ORIENTED_EDGE('',*,*,#3334,.T.);
#4694=ORIENTED_EDGE('',*,*,#3178,.T.);
#4695=ORIENTED_EDGE('',*,*,#3334,.F.);
#4696=ORIENTED_EDGE('',*,*,#3156,.F.);
#4697=ORIENTED_EDGE('',*,*,#3190,.F.);
#4698=ORIENTED_EDGE('',*,*,#3191,.F.);
#4699=ORIENTED_EDGE('',*,*,#3183,.F.);
#4700=ORIENTED_EDGE('',*,*,#3333,.T.);
#4701=ORIENTED_EDGE('',*,*,#3335,.T.);
#4702=ORIENTED_EDGE('',*,*,#3336,.T.);
#4703=ORIENTED_EDGE('',*,*,#3337,.T.);
#4704=ORIENTED_EDGE('',*,*,#3338,.T.);
#4705=ORIENTED_EDGE('',*,*,#3339,.T.);
#4706=ORIENTED_EDGE('',*,*,#3340,.T.);
#4707=ORIENTED_EDGE('',*,*,#3341,.T.);
#4708=ORIENTED_EDGE('',*,*,#3342,.T.);
#4709=ORIENTED_EDGE('',*,*,#3343,.T.);
#4710=ORIENTED_EDGE('',*,*,#3344,.T.);
#4711=ORIENTED_EDGE('',*,*,#3345,.T.);
#4712=ORIENTED_EDGE('',*,*,#3346,.T.);
#4713=ORIENTED_EDGE('',*,*,#3345,.F.);
#4714=ORIENTED_EDGE('',*,*,#3347,.T.);
#4715=ORIENTED_EDGE('',*,*,#3348,.T.);
#4716=ORIENTED_EDGE('',*,*,#3287,.T.);
#4717=ORIENTED_EDGE('',*,*,#3337,.F.);
#4718=ORIENTED_EDGE('',*,*,#3275,.T.);
#4719=ORIENTED_EDGE('',*,*,#3349,.T.);
#4720=ORIENTED_EDGE('',*,*,#3350,.T.);
#4721=ORIENTED_EDGE('',*,*,#3351,.T.);
#4722=ORIENTED_EDGE('',*,*,#3352,.T.);
#4723=ORIENTED_EDGE('',*,*,#3349,.F.);
#4724=ORIENTED_EDGE('',*,*,#3294,.T.);
#4725=ORIENTED_EDGE('',*,*,#3351,.F.);
#4726=ORIENTED_EDGE('',*,*,#3293,.T.);
#4727=ORIENTED_EDGE('',*,*,#3353,.T.);
#4728=ORIENTED_EDGE('',*,*,#3354,.F.);
#4729=ORIENTED_EDGE('',*,*,#3353,.F.);
#4730=ORIENTED_EDGE('',*,*,#3292,.T.);
#4731=ORIENTED_EDGE('',*,*,#3355,.T.);
#4732=ORIENTED_EDGE('',*,*,#3356,.T.);
#4733=ORIENTED_EDGE('',*,*,#3357,.T.);
#4734=ORIENTED_EDGE('',*,*,#3358,.T.);
#4735=ORIENTED_EDGE('',*,*,#3355,.F.);
#4736=ORIENTED_EDGE('',*,*,#3291,.T.);
#4737=ORIENTED_EDGE('',*,*,#3359,.T.);
#4738=ORIENTED_EDGE('',*,*,#3360,.T.);
#4739=ORIENTED_EDGE('',*,*,#3357,.F.);
#4740=ORIENTED_EDGE('',*,*,#3290,.T.);
#4741=ORIENTED_EDGE('',*,*,#3359,.F.);
#4742=ORIENTED_EDGE('',*,*,#3289,.T.);
#4743=ORIENTED_EDGE('',*,*,#3361,.T.);
#4744=ORIENTED_EDGE('',*,*,#3362,.F.);
#4745=ORIENTED_EDGE('',*,*,#3361,.F.);
#4746=ORIENTED_EDGE('',*,*,#3288,.T.);
#4747=ORIENTED_EDGE('',*,*,#3348,.F.);
#4748=ORIENTED_EDGE('',*,*,#3363,.T.);
#4749=ORIENTED_EDGE('',*,*,#3342,.F.);
#4750=ORIENTED_EDGE('',*,*,#3364,.T.);
#4751=ORIENTED_EDGE('',*,*,#3365,.F.);
#4752=ORIENTED_EDGE('',*,*,#3366,.T.);
#4753=ORIENTED_EDGE('',*,*,#3346,.F.);
#4754=ORIENTED_EDGE('',*,*,#3286,.T.);
#4755=ORIENTED_EDGE('',*,*,#3343,.F.);
#4756=ORIENTED_EDGE('',*,*,#3285,.T.);
#4757=ORIENTED_EDGE('',*,*,#3367,.T.);
#4758=ORIENTED_EDGE('',*,*,#3368,.T.);
#4759=ORIENTED_EDGE('',*,*,#3369,.T.);
#4760=ORIENTED_EDGE('',*,*,#3370,.T.);
#4761=ORIENTED_EDGE('',*,*,#3367,.F.);
#4762=ORIENTED_EDGE('',*,*,#3284,.T.);
#4763=ORIENTED_EDGE('',*,*,#3371,.T.);
#4764=ORIENTED_EDGE('',*,*,#3372,.F.);
#4765=ORIENTED_EDGE('',*,*,#3369,.F.);
#4766=ORIENTED_EDGE('',*,*,#3283,.T.);
#4767=ORIENTED_EDGE('',*,*,#3371,.F.);
#4768=ORIENTED_EDGE('',*,*,#3282,.T.);
#4769=ORIENTED_EDGE('',*,*,#3373,.T.);
#4770=ORIENTED_EDGE('',*,*,#3374,.T.);
#4771=ORIENTED_EDGE('',*,*,#3375,.T.);
#4772=ORIENTED_EDGE('',*,*,#3376,.T.);
#4773=ORIENTED_EDGE('',*,*,#3373,.F.);
#4774=ORIENTED_EDGE('',*,*,#3281,.T.);
#4775=ORIENTED_EDGE('',*,*,#3377,.T.);
#4776=ORIENTED_EDGE('',*,*,#3378,.T.);
#4777=ORIENTED_EDGE('',*,*,#3375,.F.);
#4778=ORIENTED_EDGE('',*,*,#3280,.T.);
#4779=ORIENTED_EDGE('',*,*,#3379,.T.);
#4780=ORIENTED_EDGE('',*,*,#3380,.F.);
#4781=ORIENTED_EDGE('',*,*,#3377,.F.);
#4782=ORIENTED_EDGE('',*,*,#3279,.T.);
#4783=ORIENTED_EDGE('',*,*,#3379,.F.);
#4784=ORIENTED_EDGE('',*,*,#3278,.T.);
#4785=ORIENTED_EDGE('',*,*,#3381,.T.);
#4786=ORIENTED_EDGE('',*,*,#3382,.T.);
#4787=ORIENTED_EDGE('',*,*,#3339,.F.);
#4788=ORIENTED_EDGE('',*,*,#3383,.T.);
#4789=ORIENTED_EDGE('',*,*,#3381,.F.);
#4790=ORIENTED_EDGE('',*,*,#3277,.T.);
#4791=ORIENTED_EDGE('',*,*,#3336,.F.);
#4792=ORIENTED_EDGE('',*,*,#3384,.T.);
#4793=ORIENTED_EDGE('',*,*,#3385,.F.);
#4794=ORIENTED_EDGE('',*,*,#3386,.T.);
#4795=ORIENTED_EDGE('',*,*,#3340,.F.);
#4796=ORIENTED_EDGE('',*,*,#3276,.T.);
#4797=ORIENTED_EDGE('',*,*,#3386,.F.);
#4798=ORIENTED_EDGE('',*,*,#3387,.F.);
#4799=ORIENTED_EDGE('',*,*,#3388,.F.);
#4800=ORIENTED_EDGE('',*,*,#3384,.F.);
#4801=ORIENTED_EDGE('',*,*,#3389,.F.);
#4802=ORIENTED_EDGE('',*,*,#3390,.F.);
#4803=ORIENTED_EDGE('',*,*,#3335,.F.);
#4804=ORIENTED_EDGE('',*,*,#3391,.T.);
#4805=ORIENTED_EDGE('',*,*,#3392,.F.);
#4806=ORIENTED_EDGE('',*,*,#3389,.T.);
#4807=ORIENTED_EDGE('',*,*,#3352,.F.);
#4808=ORIENTED_EDGE('',*,*,#3393,.T.);
#4809=ORIENTED_EDGE('',*,*,#3394,.T.);
#4810=ORIENTED_EDGE('',*,*,#3356,.F.);
#4811=ORIENTED_EDGE('',*,*,#3395,.T.);
#4812=ORIENTED_EDGE('',*,*,#3396,.T.);
#4813=ORIENTED_EDGE('',*,*,#3358,.F.);
#4814=ORIENTED_EDGE('',*,*,#3397,.F.);
#4815=ORIENTED_EDGE('',*,*,#3398,.T.);
#4816=ORIENTED_EDGE('',*,*,#3399,.F.);
#4817=ORIENTED_EDGE('',*,*,#3400,.F.);
#4818=ORIENTED_EDGE('',*,*,#3401,.T.);
#4819=ORIENTED_EDGE('',*,*,#3402,.T.);
#4820=ORIENTED_EDGE('',*,*,#3395,.F.);
#4821=ORIENTED_EDGE('',*,*,#3403,.F.);
#4822=ORIENTED_EDGE('',*,*,#3360,.F.);
#4823=ORIENTED_EDGE('',*,*,#3404,.T.);
#4824=ORIENTED_EDGE('',*,*,#3397,.T.);
#4825=ORIENTED_EDGE('',*,*,#3363,.F.);
#4826=ORIENTED_EDGE('',*,*,#3405,.T.);
#4827=ORIENTED_EDGE('',*,*,#3406,.T.);
#4828=ORIENTED_EDGE('',*,*,#3350,.F.);
#4829=ORIENTED_EDGE('',*,*,#3394,.F.);
#4830=ORIENTED_EDGE('',*,*,#3407,.F.);
#4831=ORIENTED_EDGE('',*,*,#3408,.F.);
#4832=ORIENTED_EDGE('',*,*,#3409,.F.);
#4833=ORIENTED_EDGE('',*,*,#3410,.F.);
#4834=ORIENTED_EDGE('',*,*,#3411,.F.);
#4835=ORIENTED_EDGE('',*,*,#3405,.F.);
#4836=ORIENTED_EDGE('',*,*,#3347,.F.);
#4837=ORIENTED_EDGE('',*,*,#3412,.F.);
#4838=ORIENTED_EDGE('',*,*,#3413,.F.);
#4839=ORIENTED_EDGE('',*,*,#3391,.F.);
#4840=ORIENTED_EDGE('',*,*,#3414,.F.);
#4841=ORIENTED_EDGE('',*,*,#3344,.F.);
#4842=ORIENTED_EDGE('',*,*,#3415,.T.);
#4843=ORIENTED_EDGE('',*,*,#3416,.F.);
#4844=ORIENTED_EDGE('',*,*,#3412,.T.);
#4845=ORIENTED_EDGE('',*,*,#3364,.F.);
#4846=ORIENTED_EDGE('',*,*,#3417,.F.);
#4847=ORIENTED_EDGE('',*,*,#3418,.F.);
#4848=ORIENTED_EDGE('',*,*,#3366,.F.);
#4849=ORIENTED_EDGE('',*,*,#3419,.F.);
#4850=ORIENTED_EDGE('',*,*,#3415,.F.);
#4851=ORIENTED_EDGE('',*,*,#3255,.F.);
#4852=ORIENTED_EDGE('',*,*,#3274,.F.);
#4853=ORIENTED_EDGE('',*,*,#3304,.F.);
#4854=ORIENTED_EDGE('',*,*,#3266,.F.);
#4855=ORIENTED_EDGE('',*,*,#3258,.F.);
#4856=ORIENTED_EDGE('',*,*,#3233,.F.);
#4857=ORIENTED_EDGE('',*,*,#3194,.T.);
#4858=ORIENTED_EDGE('',*,*,#3200,.T.);
#4859=ORIENTED_EDGE('',*,*,#3221,.F.);
#4860=ORIENTED_EDGE('',*,*,#3224,.T.);
#4861=ORIENTED_EDGE('',*,*,#3240,.F.);
#4862=ORIENTED_EDGE('',*,*,#3241,.T.);
#4863=ORIENTED_EDGE('',*,*,#3247,.F.);
#4864=ORIENTED_EDGE('',*,*,#3249,.T.);
#4865=ORIENTED_EDGE('',*,*,#3251,.F.);
#4866=ORIENTED_EDGE('',*,*,#3252,.T.);
#4867=ORIENTED_EDGE('',*,*,#3213,.T.);
#4868=ORIENTED_EDGE('',*,*,#3217,.T.);
#4869=ORIENTED_EDGE('',*,*,#3207,.T.);
#4870=ORIENTED_EDGE('',*,*,#3211,.T.);
#4871=ORIENTED_EDGE('',*,*,#3201,.T.);
#4872=ORIENTED_EDGE('',*,*,#3205,.T.);
#4873=ORIENTED_EDGE('',*,*,#3393,.F.);
#4874=ORIENTED_EDGE('',*,*,#3354,.T.);
#4875=ORIENTED_EDGE('',*,*,#3396,.F.);
#4876=ORIENTED_EDGE('',*,*,#3402,.F.);
#4877=ORIENTED_EDGE('',*,*,#3420,.T.);
#4878=ORIENTED_EDGE('',*,*,#3407,.T.);
#4879=ORIENTED_EDGE('',*,*,#3404,.F.);
#4880=ORIENTED_EDGE('',*,*,#3362,.T.);
#4881=ORIENTED_EDGE('',*,*,#3406,.F.);
#4882=ORIENTED_EDGE('',*,*,#3411,.T.);
#4883=ORIENTED_EDGE('',*,*,#3421,.T.);
#4884=ORIENTED_EDGE('',*,*,#3398,.F.);
#4885=ORIENTED_EDGE('',*,*,#3370,.F.);
#4886=ORIENTED_EDGE('',*,*,#3422,.T.);
#4887=ORIENTED_EDGE('',*,*,#3423,.T.);
#4888=ORIENTED_EDGE('',*,*,#3422,.F.);
#4889=ORIENTED_EDGE('',*,*,#3372,.T.);
#4890=ORIENTED_EDGE('',*,*,#3424,.F.);
#4891=ORIENTED_EDGE('',*,*,#3425,.F.);
#4892=ORIENTED_EDGE('',*,*,#3426,.T.);
#4893=ORIENTED_EDGE('',*,*,#3427,.T.);
#4894=ORIENTED_EDGE('',*,*,#3374,.F.);
#4895=ORIENTED_EDGE('',*,*,#3428,.T.);
#4896=ORIENTED_EDGE('',*,*,#3424,.T.);
#4897=ORIENTED_EDGE('',*,*,#3378,.F.);
#4898=ORIENTED_EDGE('',*,*,#3429,.T.);
#4899=ORIENTED_EDGE('',*,*,#3430,.T.);
#4900=ORIENTED_EDGE('',*,*,#3429,.F.);
#4901=ORIENTED_EDGE('',*,*,#3380,.T.);
#4902=ORIENTED_EDGE('',*,*,#3431,.F.);
#4903=ORIENTED_EDGE('',*,*,#3432,.T.);
#4904=ORIENTED_EDGE('',*,*,#3433,.T.);
#4905=ORIENTED_EDGE('',*,*,#3434,.F.);
#4906=ORIENTED_EDGE('',*,*,#3382,.F.);
#4907=ORIENTED_EDGE('',*,*,#3435,.T.);
#4908=ORIENTED_EDGE('',*,*,#3431,.T.);
#4909=ORIENTED_EDGE('',*,*,#3436,.T.);
#4910=ORIENTED_EDGE('',*,*,#3390,.T.);
#4911=ORIENTED_EDGE('',*,*,#3392,.T.);
#4912=ORIENTED_EDGE('',*,*,#3413,.T.);
#4913=ORIENTED_EDGE('',*,*,#3416,.T.);
#4914=ORIENTED_EDGE('',*,*,#3419,.T.);
#4915=ORIENTED_EDGE('',*,*,#3436,.F.);
#4916=ORIENTED_EDGE('',*,*,#3365,.T.);
#4917=ORIENTED_EDGE('',*,*,#3437,.F.);
#4918=ORIENTED_EDGE('',*,*,#3385,.T.);
#4919=ORIENTED_EDGE('',*,*,#3341,.F.);
#4920=ORIENTED_EDGE('',*,*,#3438,.T.);
#4921=ORIENTED_EDGE('',*,*,#3439,.T.);
#4922=ORIENTED_EDGE('',*,*,#3417,.T.);
#4923=ORIENTED_EDGE('',*,*,#3440,.T.);
#4924=ORIENTED_EDGE('',*,*,#3441,.T.);
#4925=ORIENTED_EDGE('',*,*,#3387,.T.);
#4926=ORIENTED_EDGE('',*,*,#3437,.T.);
#4927=ORIENTED_EDGE('',*,*,#3418,.T.);
#4928=ORIENTED_EDGE('',*,*,#3439,.F.);
#4929=ORIENTED_EDGE('',*,*,#3338,.F.);
#4930=ORIENTED_EDGE('',*,*,#3388,.T.);
#4931=ORIENTED_EDGE('',*,*,#3441,.F.);
#4932=ORIENTED_EDGE('',*,*,#3442,.T.);
#4933=ORIENTED_EDGE('',*,*,#3414,.T.);
#4934=ORIENTED_EDGE('',*,*,#3443,.T.);
#4935=ORIENTED_EDGE('',*,*,#3403,.T.);
#4936=ORIENTED_EDGE('',*,*,#3443,.F.);
#4937=ORIENTED_EDGE('',*,*,#3400,.T.);
#4938=ORIENTED_EDGE('',*,*,#3444,.T.);
#4939=ORIENTED_EDGE('',*,*,#3409,.T.);
#4940=ORIENTED_EDGE('',*,*,#3445,.F.);
#4941=ORIENTED_EDGE('',*,*,#3421,.F.);
#4942=ORIENTED_EDGE('',*,*,#3410,.T.);
#4943=ORIENTED_EDGE('',*,*,#3444,.F.);
#4944=ORIENTED_EDGE('',*,*,#3399,.T.);
#4945=ORIENTED_EDGE('',*,*,#3420,.F.);
#4946=ORIENTED_EDGE('',*,*,#3401,.F.);
#4947=ORIENTED_EDGE('',*,*,#3445,.T.);
#4948=ORIENTED_EDGE('',*,*,#3408,.T.);
#4949=ORIENTED_EDGE('',*,*,#3446,.F.);
#4950=ORIENTED_EDGE('',*,*,#3447,.T.);
#4951=ORIENTED_EDGE('',*,*,#3448,.F.);
#4952=ORIENTED_EDGE('',*,*,#3447,.F.);
#4953=ORIENTED_EDGE('',*,*,#3449,.F.);
#4954=ORIENTED_EDGE('',*,*,#3450,.T.);
#4955=ORIENTED_EDGE('',*,*,#3451,.F.);
#4956=ORIENTED_EDGE('',*,*,#3452,.F.);
#4957=ORIENTED_EDGE('',*,*,#3426,.F.);
#4958=ORIENTED_EDGE('',*,*,#3453,.F.);
#4959=ORIENTED_EDGE('',*,*,#3452,.T.);
#4960=ORIENTED_EDGE('',*,*,#3454,.F.);
#4961=ORIENTED_EDGE('',*,*,#3433,.F.);
#4962=ORIENTED_EDGE('',*,*,#3455,.F.);
#4963=ORIENTED_EDGE('',*,*,#3450,.F.);
#4964=ORIENTED_EDGE('',*,*,#3456,.T.);
#4965=ORIENTED_EDGE('',*,*,#3376,.F.);
#4966=ORIENTED_EDGE('',*,*,#3430,.F.);
#4967=ORIENTED_EDGE('',*,*,#3434,.T.);
#4968=ORIENTED_EDGE('',*,*,#3456,.F.);
#4969=ORIENTED_EDGE('',*,*,#3449,.T.);
#4970=ORIENTED_EDGE('',*,*,#3453,.T.);
#4971=ORIENTED_EDGE('',*,*,#3425,.T.);
#4972=ORIENTED_EDGE('',*,*,#3428,.F.);
#4973=ORIENTED_EDGE('',*,*,#3448,.T.);
#4974=ORIENTED_EDGE('',*,*,#3383,.F.);
#4975=ORIENTED_EDGE('',*,*,#3442,.F.);
#4976=ORIENTED_EDGE('',*,*,#3440,.F.);
#4977=ORIENTED_EDGE('',*,*,#3438,.F.);
#4978=ORIENTED_EDGE('',*,*,#3368,.F.);
#4979=ORIENTED_EDGE('',*,*,#3423,.F.);
#4980=ORIENTED_EDGE('',*,*,#3427,.F.);
#4981=ORIENTED_EDGE('',*,*,#3454,.T.);
#4982=ORIENTED_EDGE('',*,*,#3451,.T.);
#4983=ORIENTED_EDGE('',*,*,#3455,.T.);
#4984=ORIENTED_EDGE('',*,*,#3432,.F.);
#4985=ORIENTED_EDGE('',*,*,#3435,.F.);
#4986=ORIENTED_EDGE('',*,*,#3446,.T.);
#4987=B_SPLINE_SURFACE_WITH_KNOTS('',3,3,((#7760,#7761,#7762,#7763,#7764,
#7765,#7766,#7767,#7768,#7769),(#7770,#7771,#7772,#7773,#7774,#7775,#7776,
#7777,#7778,#7779),(#7780,#7781,#7782,#7783,#7784,#7785,#7786,#7787,#7788,
#7789),(#7790,#7791,#7792,#7793,#7794,#7795,#7796,#7797,#7798,#7799),(#7800,
#7801,#7802,#7803,#7804,#7805,#7806,#7807,#7808,#7809)),.UNSPECIFIED.,.F.,
 .F.,.F.,(4,1,4),(4,1,1,1,1,1,1,4),(0.,0.571428571428571,1.),(-1.5707963267949,
-1.23419711391028,-0.897597901025655,-0.560998688141034,-0.224399475256414,
0.112199737628207,0.448798950512828,0.785398163397448),.UNSPECIFIED.);
#4988=B_SPLINE_SURFACE_WITH_KNOTS('',3,3,((#7833,#7834,#7835,#7836,#7837,
#7838,#7839,#7840,#7841),(#7842,#7843,#7844,#7845,#7846,#7847,#7848,#7849,
#7850),(#7851,#7852,#7853,#7854,#7855,#7856,#7857,#7858,#7859),(#7860,#7861,
#7862,#7863,#7864,#7865,#7866,#7867,#7868),(#7869,#7870,#7871,#7872,#7873,
#7874,#7875,#7876,#7877)),.UNSPECIFIED.,.F.,.F.,.F.,(4,1,4),(4,1,1,1,1,
1,4),(0.,0.571428571428571,1.),(-0.785398163397449,-0.448798950512828,-0.112199737628207,
0.224399475256414,0.560998688141034,1.23419711391028,1.5707963267949),
 .UNSPECIFIED.);
#4989=B_SPLINE_SURFACE_WITH_KNOTS('',3,3,((#7882,#7883,#7884,#7885,#7886,
#7887,#7888,#7889,#7890,#7891),(#7892,#7893,#7894,#7895,#7896,#7897,#7898,
#7899,#7900,#7901),(#7902,#7903,#7904,#7905,#7906,#7907,#7908,#7909,#7910,
#7911),(#7912,#7913,#7914,#7915,#7916,#7917,#7918,#7919,#7920,#7921),(#7922,
#7923,#7924,#7925,#7926,#7927,#7928,#7929,#7930,#7931)),.UNSPECIFIED.,.F.,
 .F.,.F.,(4,1,4),(4,1,1,1,1,1,1,4),(0.,0.571428571428571,1.),(-1.5707963267949,
-1.23419711391028,-0.897597901025655,-0.560998688141034,-0.224399475256414,
0.112199737628207,0.448798950512828,0.785398163397448),.UNSPECIFIED.);
#4990=B_SPLINE_SURFACE_WITH_KNOTS('',3,3,((#7954,#7955,#7956,#7957,#7958,
#7959,#7960,#7961,#7962),(#7963,#7964,#7965,#7966,#7967,#7968,#7969,#7970,
#7971),(#7972,#7973,#7974,#7975,#7976,#7977,#7978,#7979,#7980),(#7981,#7982,
#7983,#7984,#7985,#7986,#7987,#7988,#7989),(#7990,#7991,#7992,#7993,#7994,
#7995,#7996,#7997,#7998)),.UNSPECIFIED.,.F.,.F.,.F.,(4,1,4),(4,1,1,1,1,
1,4),(0.,0.571428571428571,1.),(-0.785398163397448,-0.448798950512828,-0.112199737628207,
0.224399475256414,0.560998688141034,1.23419711391028,1.5707963267949),
 .UNSPECIFIED.);
#4991=B_SPLINE_SURFACE_WITH_KNOTS('',3,3,((#8540,#8541,#8542,#8543,#8544,
#8545),(#8546,#8547,#8548,#8549,#8550,#8551),(#8552,#8553,#8554,#8555,#8556,
#8557),(#8558,#8559,#8560,#8561,#8562,#8563),(#8564,#8565,#8566,#8567,#8568,
#8569),(#8570,#8571,#8572,#8573,#8574,#8575)),.UNSPECIFIED.,.F.,.F.,.F.,
(4,1,1,4),(4,1,1,4),(0.,0.285714285714286,0.571428571428571,1.),(-0.461921220490064,
0.209795532987857,0.657606701973137,1.10541787095842),.UNSPECIFIED.);
#4992=B_SPLINE_SURFACE_WITH_KNOTS('',3,3,((#8583,#8584,#8585,#8586,#8587,
#8588),(#8589,#8590,#8591,#8592,#8593,#8594),(#8595,#8596,#8597,#8598,#8599,
#8600),(#8601,#8602,#8603,#8604,#8605,#8606),(#8607,#8608,#8609,#8610,#8611,
#8612),(#8613,#8614,#8615,#8616,#8617,#8618)),.UNSPECIFIED.,.F.,.F.,.F.,
(4,1,1,4),(4,1,1,4),(0.,0.285714285714286,0.571428571428571,1.),(-1.1054178709584,
-0.657606701973121,-0.209795532987841,0.461921220490079),.UNSPECIFIED.);
#4993=B_SPLINE_SURFACE_WITH_KNOTS('',3,3,((#8626,#8627,#8628,#8629,#8630,
#8631),(#8632,#8633,#8634,#8635,#8636,#8637),(#8638,#8639,#8640,#8641,#8642,
#8643),(#8644,#8645,#8646,#8647,#8648,#8649),(#8650,#8651,#8652,#8653,#8654,
#8655),(#8656,#8657,#8658,#8659,#8660,#8661)),.UNSPECIFIED.,.F.,.F.,.F.,
(4,1,1,4),(4,1,1,4),(0.,0.285714285714286,0.571428571428571,1.),(-0.461921220490063,
0.209795532987856,0.657606701973135,1.10541787095841),.UNSPECIFIED.);
#4994=B_SPLINE_SURFACE_WITH_KNOTS('',3,3,((#8669,#8670,#8671,#8672,#8673,
#8674),(#8675,#8676,#8677,#8678,#8679,#8680),(#8681,#8682,#8683,#8684,#8685,
#8686),(#8687,#8688,#8689,#8690,#8691,#8692),(#8693,#8694,#8695,#8696,#8697,
#8698),(#8699,#8700,#8701,#8702,#8703,#8704)),.UNSPECIFIED.,.F.,.F.,.F.,
(4,1,1,4),(4,1,1,4),(0.,0.285714285714286,0.571428571428571,1.),(-1.10541787095839,
-0.433701117480476,0.0141100515048016,0.46192122049008),.UNSPECIFIED.);
#4995=B_SPLINE_SURFACE_WITH_KNOTS('',3,3,((#9469,#9470,#9471,#9472,#9473,
#9474),(#9475,#9476,#9477,#9478,#9479,#9480),(#9481,#9482,#9483,#9484,#9485,
#9486),(#9487,#9488,#9489,#9490,#9491,#9492),(#9493,#9494,#9495,#9496,#9497,
#9498)),.UNSPECIFIED.,.F.,.F.,.F.,(4,1,4),(4,1,1,4),(0.,0.571428571428571,
1.),(-1.5707963267949,-0.897597901025655,-0.448798950512828,0.),
 .UNSPECIFIED.);
#4996=B_SPLINE_SURFACE_WITH_KNOTS('',3,3,((#9504,#9505,#9506,#9507,#9508,
#9509),(#9510,#9511,#9512,#9513,#9514,#9515),(#9516,#9517,#9518,#9519,#9520,
#9521),(#9522,#9523,#9524,#9525,#9526,#9527),(#9528,#9529,#9530,#9531,#9532,
#9533)),.UNSPECIFIED.,.F.,.F.,.F.,(4,1,4),(4,1,1,4),(0.,0.571428571428571,
1.),(-1.5707963267949,-0.897597901025655,-0.448798950512828,-2.77555756156289E-16),
 .UNSPECIFIED.);
#4997=B_SPLINE_SURFACE_WITH_KNOTS('',3,3,((#9539,#9540,#9541,#9542,#9543,
#9544),(#9545,#9546,#9547,#9548,#9549,#9550),(#9551,#9552,#9553,#9554,#9555,
#9556),(#9557,#9558,#9559,#9560,#9561,#9562),(#9563,#9564,#9565,#9566,#9567,
#9568)),.UNSPECIFIED.,.F.,.F.,.F.,(4,1,4),(4,1,1,4),(0.,0.571428571428571,
1.),(-1.5707963267949,-0.897597901025655,-0.448798950512828,5.39691748081673E-17),
 .UNSPECIFIED.);
#4998=B_SPLINE_SURFACE_WITH_KNOTS('',3,3,((#9574,#9575,#9576,#9577,#9578,
#9579),(#9580,#9581,#9582,#9583,#9584,#9585),(#9586,#9587,#9588,#9589,#9590,
#9591),(#9592,#9593,#9594,#9595,#9596,#9597),(#9598,#9599,#9600,#9601,#9602,
#9603)),.UNSPECIFIED.,.F.,.F.,.F.,(4,1,4),(4,1,1,4),(0.,0.571428571428571,
1.),(-1.5707963267949,-0.897597901025655,-0.448798950512827,2.15876699232669E-16),
 .UNSPECIFIED.);
#4999=ADVANCED_FACE('',(#1202),#4987,.T.);
#5000=ADVANCED_FACE('',(#1203),#1048,.F.);
#5001=ADVANCED_FACE('',(#1204),#1049,.F.);
#5002=ADVANCED_FACE('',(#1205),#4988,.T.);
#5003=ADVANCED_FACE('',(#1206),#4989,.T.);
#5004=ADVANCED_FACE('',(#1207),#1050,.F.);
#5005=ADVANCED_FACE('',(#1208),#1051,.F.);
#5006=ADVANCED_FACE('',(#1209),#4990,.T.);
#5007=ADVANCED_FACE('',(#1210),#131,.T.);
#5008=ADVANCED_FACE('',(#1211),#132,.T.);
#5009=ADVANCED_FACE('',(#1212),#133,.T.);
#5010=ADVANCED_FACE('',(#1213),#1052,.T.);
#5011=ADVANCED_FACE('',(#1214),#1053,.T.);
#5012=ADVANCED_FACE('',(#1215),#1054,.T.);
#5013=ADVANCED_FACE('',(#1216),#1055,.T.);
#5014=ADVANCED_FACE('',(#1217),#1056,.T.);
#5015=ADVANCED_FACE('',(#1218),#1057,.T.);
#5016=ADVANCED_FACE('',(#1219),#134,.T.);
#5017=ADVANCED_FACE('',(#1220),#1058,.F.);
#5018=ADVANCED_FACE('',(#1221),#135,.F.);
#5019=ADVANCED_FACE('',(#1222),#1059,.F.);
#5020=ADVANCED_FACE('',(#1223),#136,.T.);
#5021=ADVANCED_FACE('',(#1224),#137,.T.);
#5022=ADVANCED_FACE('',(#1225),#1060,.T.);
#5023=ADVANCED_FACE('',(#1226,#101),#138,.F.);
#5024=ADVANCED_FACE('',(#1227,#102),#139,.T.);
#5025=ADVANCED_FACE('',(#1228),#140,.T.);
#5026=ADVANCED_FACE('',(#1229),#1061,.T.);
#5027=ADVANCED_FACE('',(#1230),#141,.T.);
#5028=ADVANCED_FACE('',(#1231),#1062,.F.);
#5029=ADVANCED_FACE('',(#1232),#142,.T.);
#5030=ADVANCED_FACE('',(#1233),#143,.T.);
#5031=ADVANCED_FACE('',(#1234),#144,.T.);
#5032=ADVANCED_FACE('',(#1235),#145,.T.);
#5033=ADVANCED_FACE('',(#1236),#146,.T.);
#5034=ADVANCED_FACE('',(#1237,#103),#147,.T.);
#5035=ADVANCED_FACE('',(#1238,#104),#148,.F.);
#5036=ADVANCED_FACE('',(#1239),#1063,.F.);
#5037=ADVANCED_FACE('',(#1240),#1064,.F.);
#5038=ADVANCED_FACE('',(#1241),#1065,.F.);
#5039=ADVANCED_FACE('',(#1242),#149,.T.);
#5040=ADVANCED_FACE('',(#1243),#150,.T.);
#5041=ADVANCED_FACE('',(#1244),#151,.T.);
#5042=ADVANCED_FACE('',(#1245),#1066,.F.);
#5043=ADVANCED_FACE('',(#1246),#1067,.F.);
#5044=ADVANCED_FACE('',(#1247),#1068,.F.);
#5045=ADVANCED_FACE('',(#1248,#105,#106,#107,#108,#109,#110,#111,#112),
#152,.F.);
#5046=ADVANCED_FACE('',(#1249),#47,.F.);
#5047=ADVANCED_FACE('',(#1250),#1069,.F.);
#5048=ADVANCED_FACE('',(#1251),#48,.F.);
#5049=ADVANCED_FACE('',(#1252),#1070,.F.);
#5050=ADVANCED_FACE('',(#1253),#49,.F.);
#5051=ADVANCED_FACE('',(#1254),#1071,.F.);
#5052=ADVANCED_FACE('',(#1255),#50,.F.);
#5053=ADVANCED_FACE('',(#1256),#1072,.F.);
#5054=ADVANCED_FACE('',(#1257),#153,.T.);
#5055=ADVANCED_FACE('',(#1258),#1073,.T.);
#5056=ADVANCED_FACE('',(#1259),#154,.T.);
#5057=ADVANCED_FACE('',(#1260),#1074,.T.);
#5058=ADVANCED_FACE('',(#1261),#1075,.F.);
#5059=ADVANCED_FACE('',(#1262),#155,.T.);
#5060=ADVANCED_FACE('',(#1263),#1076,.F.);
#5061=ADVANCED_FACE('',(#1264),#156,.T.);
#5062=ADVANCED_FACE('',(#1265),#1077,.F.);
#5063=ADVANCED_FACE('',(#1266),#157,.T.);
#5064=ADVANCED_FACE('',(#1267),#1078,.F.);
#5065=ADVANCED_FACE('',(#1268),#158,.T.);
#5066=ADVANCED_FACE('',(#1269,#113),#159,.T.);
#5067=ADVANCED_FACE('',(#1270),#1079,.T.);
#5068=ADVANCED_FACE('',(#1271),#160,.T.);
#5069=ADVANCED_FACE('',(#1272),#1080,.T.);
#5070=ADVANCED_FACE('',(#1273),#161,.T.);
#5071=ADVANCED_FACE('',(#1274),#162,.F.);
#5072=ADVANCED_FACE('',(#1275),#43,.F.);
#5073=ADVANCED_FACE('',(#1276),#1081,.F.);
#5074=ADVANCED_FACE('',(#1277),#44,.F.);
#5075=ADVANCED_FACE('',(#1278),#1082,.F.);
#5076=ADVANCED_FACE('',(#1279),#45,.F.);
#5077=ADVANCED_FACE('',(#1280),#1083,.F.);
#5078=ADVANCED_FACE('',(#1281),#46,.F.);
#5079=ADVANCED_FACE('',(#1282),#1084,.F.);
#5080=ADVANCED_FACE('',(#1283),#51,.F.);
#5081=ADVANCED_FACE('',(#1284),#1085,.T.);
#5082=ADVANCED_FACE('',(#1285),#52,.F.);
#5083=ADVANCED_FACE('',(#1286),#1086,.T.);
#5084=ADVANCED_FACE('',(#1287),#53,.F.);
#5085=ADVANCED_FACE('',(#1288),#1087,.T.);
#5086=ADVANCED_FACE('',(#1289),#54,.F.);
#5087=ADVANCED_FACE('',(#1290),#1088,.T.);
#5088=ADVANCED_FACE('',(#1291),#163,.T.);
#5089=ADVANCED_FACE('',(#1292),#164,.T.);
#5090=ADVANCED_FACE('',(#1293),#165,.T.);
#5091=ADVANCED_FACE('',(#1294),#166,.T.);
#5092=ADVANCED_FACE('',(#1295),#1089,.T.);
#5093=ADVANCED_FACE('',(#1296),#167,.T.);
#5094=ADVANCED_FACE('',(#1297),#1090,.T.);
#5095=ADVANCED_FACE('',(#1298),#1091,.T.);
#5096=ADVANCED_FACE('',(#1299),#168,.T.);
#5097=ADVANCED_FACE('',(#1300),#1092,.T.);
#5098=ADVANCED_FACE('',(#1301),#1093,.F.);
#5099=ADVANCED_FACE('',(#1302),#169,.T.);
#5100=ADVANCED_FACE('',(#1303),#1094,.F.);
#5101=ADVANCED_FACE('',(#1304),#170,.T.);
#5102=ADVANCED_FACE('',(#1305),#1095,.F.);
#5103=ADVANCED_FACE('',(#1306),#171,.T.);
#5104=ADVANCED_FACE('',(#1307),#1096,.F.);
#5105=ADVANCED_FACE('',(#1308),#172,.T.);
#5106=ADVANCED_FACE('',(#1309),#173,.T.);
#5107=ADVANCED_FACE('',(#1310),#174,.T.);
#5108=ADVANCED_FACE('',(#1311),#175,.T.);
#5109=ADVANCED_FACE('',(#1312),#176,.T.);
#5110=ADVANCED_FACE('',(#1313),#177,.T.);
#5111=ADVANCED_FACE('',(#1314,#114,#115),#178,.F.);
#5112=ADVANCED_FACE('',(#1315),#179,.T.);
#5113=ADVANCED_FACE('',(#1316),#180,.T.);
#5114=ADVANCED_FACE('',(#1317),#181,.T.);
#5115=ADVANCED_FACE('',(#1318),#182,.T.);
#5116=ADVANCED_FACE('',(#1319),#183,.T.);
#5117=ADVANCED_FACE('',(#1320),#184,.T.);
#5118=ADVANCED_FACE('',(#1321),#185,.T.);
#5119=ADVANCED_FACE('',(#1322),#186,.T.);
#5120=ADVANCED_FACE('',(#1323,#116,#117),#187,.F.);
#5121=ADVANCED_FACE('',(#1324),#1097,.F.);
#5122=ADVANCED_FACE('',(#1325),#4991,.T.);
#5123=ADVANCED_FACE('',(#1326),#1098,.F.);
#5124=ADVANCED_FACE('',(#1327),#4992,.T.);
#5125=ADVANCED_FACE('',(#1328),#1099,.F.);
#5126=ADVANCED_FACE('',(#1329),#4993,.T.);
#5127=ADVANCED_FACE('',(#1330),#1100,.F.);
#5128=ADVANCED_FACE('',(#1331),#4994,.T.);
#5129=ADVANCED_FACE('',(#1332),#1101,.T.);
#5130=ADVANCED_FACE('',(#1333),#188,.F.);
#5131=ADVANCED_FACE('',(#1334),#1102,.T.);
#5132=ADVANCED_FACE('',(#1335),#189,.F.);
#5133=ADVANCED_FACE('',(#1336),#190,.T.);
#5134=ADVANCED_FACE('',(#1337),#191,.T.);
#5135=ADVANCED_FACE('',(#1338),#192,.T.);
#5136=ADVANCED_FACE('',(#1339),#1103,.T.);
#5137=ADVANCED_FACE('',(#1340),#55,.T.);
#5138=ADVANCED_FACE('',(#1341),#1104,.T.);
#5139=ADVANCED_FACE('',(#1342),#56,.T.);
#5140=ADVANCED_FACE('',(#1343),#1105,.T.);
#5141=ADVANCED_FACE('',(#1344),#57,.T.);
#5142=ADVANCED_FACE('',(#1345),#1106,.T.);
#5143=ADVANCED_FACE('',(#1346),#58,.T.);
#5144=ADVANCED_FACE('',(#1347),#1107,.T.);
#5145=ADVANCED_FACE('',(#1348),#59,.T.);
#5146=ADVANCED_FACE('',(#1349),#1108,.T.);
#5147=ADVANCED_FACE('',(#1350),#60,.T.);
#5148=ADVANCED_FACE('',(#1351),#1109,.T.);
#5149=ADVANCED_FACE('',(#1352),#61,.T.);
#5150=ADVANCED_FACE('',(#1353),#1110,.T.);
#5151=ADVANCED_FACE('',(#1354),#62,.T.);
#5152=ADVANCED_FACE('',(#1355),#193,.F.);
#5153=ADVANCED_FACE('',(#1356),#1111,.T.);
#5154=ADVANCED_FACE('',(#1357,#118),#194,.T.);
#5155=ADVANCED_FACE('',(#1358),#1112,.F.);
#5156=ADVANCED_FACE('',(#1359),#1113,.T.);
#5157=ADVANCED_FACE('',(#1360),#63,.T.);
#5158=ADVANCED_FACE('',(#1361),#1114,.T.);
#5159=ADVANCED_FACE('',(#1362),#23,.F.);
#5160=ADVANCED_FACE('',(#1363),#1115,.T.);
#5161=ADVANCED_FACE('',(#1364),#64,.T.);
#5162=ADVANCED_FACE('',(#1365),#1116,.T.);
#5163=ADVANCED_FACE('',(#1366),#24,.F.);
#5164=ADVANCED_FACE('',(#1367),#1117,.T.);
#5165=ADVANCED_FACE('',(#1368),#65,.T.);
#5166=ADVANCED_FACE('',(#1369),#1118,.T.);
#5167=ADVANCED_FACE('',(#1370),#1119,.T.);
#5168=ADVANCED_FACE('',(#1371),#195,.F.);
#5169=ADVANCED_FACE('',(#1372),#196,.F.);
#5170=ADVANCED_FACE('',(#1373),#1120,.T.);
#5171=ADVANCED_FACE('',(#1374),#66,.T.);
#5172=ADVANCED_FACE('',(#1375),#1121,.T.);
#5173=ADVANCED_FACE('',(#1376),#25,.F.);
#5174=ADVANCED_FACE('',(#1377),#1122,.T.);
#5175=ADVANCED_FACE('',(#1378),#67,.T.);
#5176=ADVANCED_FACE('',(#1379),#1123,.T.);
#5177=ADVANCED_FACE('',(#1380),#26,.F.);
#5178=ADVANCED_FACE('',(#1381),#1124,.T.);
#5179=ADVANCED_FACE('',(#1382),#68,.T.);
#5180=ADVANCED_FACE('',(#1383),#1125,.T.);
#5181=ADVANCED_FACE('',(#1384),#1126,.T.);
#5182=ADVANCED_FACE('',(#1385,#119),#197,.F.);
#5183=ADVANCED_FACE('',(#1386),#1127,.T.);
#5184=ADVANCED_FACE('',(#1387),#198,.F.);
#5185=ADVANCED_FACE('',(#1388),#1128,.F.);
#5186=ADVANCED_FACE('',(#1389),#199,.T.);
#5187=ADVANCED_FACE('',(#1390),#200,.F.);
#5188=ADVANCED_FACE('',(#1391),#201,.F.);
#5189=ADVANCED_FACE('',(#1392),#1129,.F.);
#5190=ADVANCED_FACE('',(#1393,#120),#202,.F.);
#5191=ADVANCED_FACE('',(#1394),#1130,.T.);
#5192=ADVANCED_FACE('',(#1395),#203,.T.);
#5193=ADVANCED_FACE('',(#1396),#1131,.F.);
#5194=ADVANCED_FACE('',(#1397),#204,.T.);
#5195=ADVANCED_FACE('',(#1398),#1132,.F.);
#5196=ADVANCED_FACE('',(#1399),#205,.T.);
#5197=ADVANCED_FACE('',(#1400),#1133,.F.);
#5198=ADVANCED_FACE('',(#1401,#121),#206,.T.);
#5199=ADVANCED_FACE('',(#1402),#1134,.F.);
#5200=ADVANCED_FACE('',(#1403),#1135,.T.);
#5201=ADVANCED_FACE('',(#1404),#69,.F.);
#5202=ADVANCED_FACE('',(#1405),#1136,.F.);
#5203=ADVANCED_FACE('',(#1406),#70,.F.);
#5204=ADVANCED_FACE('',(#1407),#1137,.F.);
#5205=ADVANCED_FACE('',(#1408),#71,.F.);
#5206=ADVANCED_FACE('',(#1409),#1138,.F.);
#5207=ADVANCED_FACE('',(#1410),#72,.F.);
#5208=ADVANCED_FACE('',(#1411),#1139,.F.);
#5209=ADVANCED_FACE('',(#1412,#122),#207,.F.);
#5210=ADVANCED_FACE('',(#1413),#1140,.T.);
#5211=ADVANCED_FACE('',(#1414),#208,.T.);
#5212=ADVANCED_FACE('',(#1415),#1141,.T.);
#5213=ADVANCED_FACE('',(#1416),#1142,.T.);
#5214=ADVANCED_FACE('',(#1417),#73,.T.);
#5215=ADVANCED_FACE('',(#1418),#1143,.T.);
#5216=ADVANCED_FACE('',(#1419),#74,.T.);
#5217=ADVANCED_FACE('',(#1420),#1144,.T.);
#5218=ADVANCED_FACE('',(#1421),#209,.T.);
#5219=ADVANCED_FACE('',(#1422),#1145,.F.);
#5220=ADVANCED_FACE('',(#1423),#210,.T.);
#5221=ADVANCED_FACE('',(#1424),#1146,.F.);
#5222=ADVANCED_FACE('',(#1425),#211,.T.);
#5223=ADVANCED_FACE('',(#1426),#1147,.F.);
#5224=ADVANCED_FACE('',(#1427),#212,.T.);
#5225=ADVANCED_FACE('',(#1428),#1148,.F.);
#5226=ADVANCED_FACE('',(#1429),#213,.T.);
#5227=ADVANCED_FACE('',(#1430),#1149,.T.);
#5228=ADVANCED_FACE('',(#1431),#214,.T.);
#5229=ADVANCED_FACE('',(#1432),#215,.T.);
#5230=ADVANCED_FACE('',(#1433),#1150,.T.);
#5231=ADVANCED_FACE('',(#1434),#216,.T.);
#5232=ADVANCED_FACE('',(#1435),#1151,.T.);
#5233=ADVANCED_FACE('',(#1436),#217,.T.);
#5234=ADVANCED_FACE('',(#1437),#1152,.T.);
#5235=ADVANCED_FACE('',(#1438),#218,.T.);
#5236=ADVANCED_FACE('',(#1439),#1153,.T.);
#5237=ADVANCED_FACE('',(#1440),#219,.T.);
#5238=ADVANCED_FACE('',(#1441),#1154,.T.);
#5239=ADVANCED_FACE('',(#1442),#220,.T.);
#5240=ADVANCED_FACE('',(#1443),#1155,.T.);
#5241=ADVANCED_FACE('',(#1444),#1156,.T.);
#5242=ADVANCED_FACE('',(#1445,#123),#221,.F.);
#5243=ADVANCED_FACE('',(#1446),#75,.F.);
#5244=ADVANCED_FACE('',(#1447),#1157,.F.);
#5245=ADVANCED_FACE('',(#1448),#76,.F.);
#5246=ADVANCED_FACE('',(#1449),#1158,.F.);
#5247=ADVANCED_FACE('',(#1450),#77,.F.);
#5248=ADVANCED_FACE('',(#1451),#1159,.F.);
#5249=ADVANCED_FACE('',(#1452),#78,.F.);
#5250=ADVANCED_FACE('',(#1453),#1160,.F.);
#5251=ADVANCED_FACE('',(#1454,#124),#222,.F.);
#5252=ADVANCED_FACE('',(#1455),#1161,.T.);
#5253=ADVANCED_FACE('',(#1456),#223,.T.);
#5254=ADVANCED_FACE('',(#1457),#1162,.T.);
#5255=ADVANCED_FACE('',(#1458),#79,.T.);
#5256=ADVANCED_FACE('',(#1459),#1163,.T.);
#5257=ADVANCED_FACE('',(#1460),#224,.T.);
#5258=ADVANCED_FACE('',(#1461),#1164,.T.);
#5259=ADVANCED_FACE('',(#1462),#80,.T.);
#5260=ADVANCED_FACE('',(#1463),#1165,.T.);
#5261=ADVANCED_FACE('',(#1464,#125),#225,.T.);
#5262=ADVANCED_FACE('',(#1465),#1166,.F.);
#5263=ADVANCED_FACE('',(#1466),#1167,.F.);
#5264=ADVANCED_FACE('',(#1467,#126),#226,.T.);
#5265=ADVANCED_FACE('',(#1468),#4995,.T.);
#5266=ADVANCED_FACE('',(#1469),#4996,.T.);
#5267=ADVANCED_FACE('',(#1470),#4997,.T.);
#5268=ADVANCED_FACE('',(#1471),#4998,.T.);
#5269=ADVANCED_FACE('',(#1472),#1168,.F.);
#5270=ADVANCED_FACE('',(#1473),#1169,.F.);
#5271=ADVANCED_FACE('',(#1474),#81,.F.);
#5272=ADVANCED_FACE('',(#1475),#1170,.F.);
#5273=ADVANCED_FACE('',(#1476),#82,.F.);
#5274=ADVANCED_FACE('',(#1477),#1171,.F.);
#5275=ADVANCED_FACE('',(#1478),#83,.F.);
#5276=ADVANCED_FACE('',(#1479),#1172,.F.);
#5277=ADVANCED_FACE('',(#1480),#84,.F.);
#5278=ADVANCED_FACE('',(#1481),#1173,.F.);
#5279=ADVANCED_FACE('',(#1482),#1174,.F.);
#5280=ADVANCED_FACE('',(#1483),#85,.F.);
#5281=ADVANCED_FACE('',(#1484),#1175,.F.);
#5282=ADVANCED_FACE('',(#1485),#86,.F.);
#5283=ADVANCED_FACE('',(#1486),#1176,.F.);
#5284=ADVANCED_FACE('',(#1487),#87,.F.);
#5285=ADVANCED_FACE('',(#1488),#1177,.F.);
#5286=ADVANCED_FACE('',(#1489),#88,.F.);
#5287=ADVANCED_FACE('',(#1490),#1178,.F.);
#5288=ADVANCED_FACE('',(#1491),#1179,.F.);
#5289=ADVANCED_FACE('',(#1492),#227,.T.);
#5290=ADVANCED_FACE('',(#1493),#228,.T.);
#5291=ADVANCED_FACE('',(#1494),#1180,.F.);
#5292=ADVANCED_FACE('',(#1495),#1181,.T.);
#5293=ADVANCED_FACE('',(#1496),#1182,.T.);
#5294=ADVANCED_FACE('',(#1497,#127),#229,.F.);
#5295=ADVANCED_FACE('',(#1498),#1183,.T.);
#5296=ADVANCED_FACE('',(#1499),#1184,.T.);
#5297=ADVANCED_FACE('',(#1500,#128),#230,.T.);
#5298=ADVANCED_FACE('',(#1501),#1185,.F.);
#5299=ADVANCED_FACE('',(#1502),#231,.T.);
#5300=ADVANCED_FACE('',(#1503),#232,.T.);
#5301=ADVANCED_FACE('',(#1504),#233,.T.);
#5302=ADVANCED_FACE('',(#1505),#234,.T.);
#5303=ADVANCED_FACE('',(#1506),#1186,.F.);
#5304=ADVANCED_FACE('',(#1507),#1187,.F.);
#5305=ADVANCED_FACE('',(#1508),#1188,.T.);
#5306=ADVANCED_FACE('',(#1509),#1189,.F.);
#5307=ADVANCED_FACE('',(#1510),#1190,.T.);
#5308=ADVANCED_FACE('',(#1511),#1191,.T.);
#5309=ADVANCED_FACE('',(#1512),#1192,.F.);
#5310=ADVANCED_FACE('',(#1513),#1193,.T.);
#5311=ADVANCED_FACE('',(#1514),#1194,.F.);
#5312=ADVANCED_FACE('',(#1515),#235,.T.);
#5313=ADVANCED_FACE('',(#1516),#1195,.F.);
#5314=ADVANCED_FACE('',(#1517),#1196,.F.);
#5315=ADVANCED_FACE('',(#1518),#1197,.F.);
#5316=ADVANCED_FACE('',(#1519),#1198,.F.);
#5317=ADVANCED_FACE('',(#1520),#1199,.T.);
#5318=ADVANCED_FACE('',(#1521),#236,.F.);
#5319=ADVANCED_FACE('',(#1522),#237,.F.);
#5320=ADVANCED_FACE('',(#1523),#1200,.F.);
#5321=ADVANCED_FACE('',(#1524),#1201,.T.);
#5322=ADVANCED_FACE('',(#1525),#238,.T.);
#5323=ADVANCED_FACE('',(#1526),#239,.T.);
#5324=ADVANCED_FACE('',(#1527,#129),#240,.T.);
#5325=ADVANCED_FACE('',(#1528,#130),#241,.F.);
#5326=CLOSED_SHELL('',(#4999,#5000,#5001,#5002,#5003,#5004,#5005,#5006,
#5007,#5008,#5009,#5010,#5011,#5012,#5013,#5014,#5015,#5016,#5017,#5018,
#5019,#5020,#5021,#5022,#5023,#5024,#5025,#5026,#5027,#5028,#5029,#5030,
#5031,#5032,#5033,#5034,#5035));
#5327=CLOSED_SHELL('',(#5036,#5037,#5038,#5039,#5040,#5041,#5042,#5043,
#5044,#5045,#5046,#5047,#5048,#5049,#5050,#5051,#5052,#5053,#5054,#5055,
#5056,#5057,#5058,#5059,#5060,#5061,#5062,#5063,#5064,#5065,#5066,#5067,
#5068,#5069,#5070,#5071,#5072,#5073,#5074,#5075,#5076,#5077,#5078,#5079,
#5080,#5081,#5082,#5083,#5084,#5085,#5086,#5087,#5088,#5089,#5090,#5091,
#5092,#5093,#5094,#5095,#5096,#5097,#5098,#5099,#5100,#5101,#5102,#5103,
#5104,#5105,#5106,#5107,#5108,#5109,#5110,#5111,#5112,#5113,#5114,#5115,
#5116,#5117,#5118,#5119,#5120,#5121,#5122,#5123,#5124,#5125,#5126,#5127,
#5128,#5129,#5130,#5131,#5132,#5133,#5134,#5135,#5136,#5137,#5138,#5139,
#5140,#5141,#5142,#5143,#5144,#5145,#5146,#5147,#5148,#5149,#5150,#5151,
#5152,#5153,#5154,#5155,#5156,#5157,#5158,#5159,#5160,#5161,#5162,#5163,
#5164,#5165,#5166,#5167,#5168,#5169,#5170,#5171,#5172,#5173,#5174,#5175,
#5176,#5177,#5178,#5179,#5180,#5181,#5182,#5183,#5184,#5185,#5186,#5187,
#5188,#5189,#5190,#5191,#5192,#5193,#5194,#5195,#5196,#5197,#5198,#5199,
#5200));
#5328=CLOSED_SHELL('',(#5201,#5202,#5203,#5204,#5205,#5206,#5207,#5208,
#5209,#5210,#5211,#5212,#5213,#5214,#5215,#5216,#5217,#5218,#5219,#5220,
#5221,#5222,#5223,#5224,#5225,#5226,#5227,#5228,#5229,#5230,#5231,#5232,
#5233,#5234,#5235,#5236,#5237,#5238,#5239,#5240,#5241,#5242,#5243,#5244,
#5245,#5246,#5247,#5248,#5249,#5250,#5251,#5252,#5253,#5254,#5255,#5256,
#5257,#5258,#5259,#5260,#5261,#5262,#5263,#5264,#5265,#5266,#5267,#5268,
#5269,#5270,#5271,#5272,#5273,#5274,#5275,#5276,#5277,#5278,#5279,#5280,
#5281,#5282,#5283,#5284,#5285,#5286,#5287,#5288,#5289,#5290,#5291,#5292,
#5293,#5294,#5295,#5296,#5297,#5298,#5299,#5300,#5301,#5302,#5303,#5304,
#5305,#5306,#5307,#5308,#5309,#5310,#5311,#5312,#5313,#5314,#5315,#5316,
#5317,#5318,#5319,#5320,#5321,#5322,#5323,#5324,#5325));
#5329=DERIVED_UNIT_ELEMENT(#5335,1.);
#5330=DERIVED_UNIT_ELEMENT(#9954,-3.);
#5331=DERIVED_UNIT_ELEMENT(#5335,1.);
#5332=DERIVED_UNIT_ELEMENT(#9954,-3.);
#5333=DERIVED_UNIT_ELEMENT(#5335,1.);
#5334=DERIVED_UNIT_ELEMENT(#9954,-3.);
#5335=(
MASS_UNIT()
NAMED_UNIT(*)
SI_UNIT(.KILO.,.GRAM.)
);
#5336=DERIVED_UNIT((#5329,#5330));
#5337=DERIVED_UNIT((#5331,#5332));
#5338=DERIVED_UNIT((#5333,#5334));
#5339=MEASURE_REPRESENTATION_ITEM('density measure',
POSITIVE_RATIO_MEASURE(7850.),#5336);
#5340=MEASURE_REPRESENTATION_ITEM('density measure',
POSITIVE_RATIO_MEASURE(7850.),#5337);
#5341=MEASURE_REPRESENTATION_ITEM('density measure',
POSITIVE_RATIO_MEASURE(7850.),#5338);
#5342=PROPERTY_DEFINITION_REPRESENTATION(#5357,#5348);
#5343=PROPERTY_DEFINITION_REPRESENTATION(#5358,#5349);
#5344=PROPERTY_DEFINITION_REPRESENTATION(#5359,#5350);
#5345=PROPERTY_DEFINITION_REPRESENTATION(#5360,#5351);
#5346=PROPERTY_DEFINITION_REPRESENTATION(#5361,#5352);
#5347=PROPERTY_DEFINITION_REPRESENTATION(#5362,#5353);
#5348=REPRESENTATION('material name',(#5354),#9949);
#5349=REPRESENTATION('density',(#5339),#9949);
#5350=REPRESENTATION('material name',(#5355),#9950);
#5351=REPRESENTATION('density',(#5340),#9950);
#5352=REPRESENTATION('material name',(#5356),#9951);
#5353=REPRESENTATION('density',(#5341),#9951);
#5354=DESCRIPTIVE_REPRESENTATION_ITEM('Acero','Acero');
#5355=DESCRIPTIVE_REPRESENTATION_ITEM('Acero','Acero');
#5356=DESCRIPTIVE_REPRESENTATION_ITEM('Acero','Acero');
#5357=PROPERTY_DEFINITION('material property','material name',#9974);
#5358=PROPERTY_DEFINITION('material property','density of part',#9974);
#5359=PROPERTY_DEFINITION('material property','material name',#9975);
#5360=PROPERTY_DEFINITION('material property','density of part',#9975);
#5361=PROPERTY_DEFINITION('material property','material name',#9976);
#5362=PROPERTY_DEFINITION('material property','density of part',#9976);
#5363=AXIS2_PLACEMENT_3D('',#7758,#6027,#6028);
#5364=AXIS2_PLACEMENT_3D('',#7759,#6029,#6030);
#5365=AXIS2_PLACEMENT_3D('',#7812,#6031,#6032);
#5366=AXIS2_PLACEMENT_3D('',#7814,#6033,#6034);
#5367=AXIS2_PLACEMENT_3D('',#7816,#6035,#6036);
#5368=AXIS2_PLACEMENT_3D('',#7817,#6037,#6038);
#5369=AXIS2_PLACEMENT_3D('',#7818,#6039,#6040);
#5370=AXIS2_PLACEMENT_3D('',#7822,#6042,#6043);
#5371=AXIS2_PLACEMENT_3D('',#7824,#6045,#6046);
#5372=AXIS2_PLACEMENT_3D('',#7827,#6047,#6048);
#5373=AXIS2_PLACEMENT_3D('',#7831,#6050,#6051);
#5374=AXIS2_PLACEMENT_3D('',#7878,#6053,#6054);
#5375=AXIS2_PLACEMENT_3D('',#7880,#6055,#6056);
#5376=AXIS2_PLACEMENT_3D('',#7881,#6057,#6058);
#5377=AXIS2_PLACEMENT_3D('',#7934,#6059,#6060);
#5378=AXIS2_PLACEMENT_3D('',#7936,#6061,#6062);
#5379=AXIS2_PLACEMENT_3D('',#7937,#6063,#6064);
#5380=AXIS2_PLACEMENT_3D('',#7938,#6065,#6066);
#5381=AXIS2_PLACEMENT_3D('',#7939,#6067,#6068);
#5382=AXIS2_PLACEMENT_3D('',#7943,#6070,#6071);
#5383=AXIS2_PLACEMENT_3D('',#7945,#6073,#6074);
#5384=AXIS2_PLACEMENT_3D('',#7948,#6075,#6076);
#5385=AXIS2_PLACEMENT_3D('',#7952,#6078,#6079);
#5386=AXIS2_PLACEMENT_3D('',#7999,#6081,#6082);
#5387=AXIS2_PLACEMENT_3D('',#8001,#6083,#6084);
#5388=AXIS2_PLACEMENT_3D('',#8002,#6085,#6086);
#5389=AXIS2_PLACEMENT_3D('',#8003,#6087,#6088);
#5390=AXIS2_PLACEMENT_3D('',#8009,#6092,#6093);
#5391=AXIS2_PLACEMENT_3D('',#8015,#6097,#6098);
#5392=AXIS2_PLACEMENT_3D('',#8021,#6102,#6103);
#5393=AXIS2_PLACEMENT_3D('',#8024,#6105,#6106);
#5394=AXIS2_PLACEMENT_3D('',#8025,#6107,#6108);
#5395=AXIS2_PLACEMENT_3D('',#8026,#6109,#6110);
#5396=AXIS2_PLACEMENT_3D('',#8027,#6111,#6112);
#5397=AXIS2_PLACEMENT_3D('',#8028,#6113,#6114);
#5398=AXIS2_PLACEMENT_3D('',#8029,#6115,#6116);
#5399=AXIS2_PLACEMENT_3D('',#8032,#6118,#6119);
#5400=AXIS2_PLACEMENT_3D('',#8033,#6120,#6121);
#5401=AXIS2_PLACEMENT_3D('',#8035,#6122,#6123);
#5402=AXIS2_PLACEMENT_3D('',#8037,#6125,#6126);
#5403=AXIS2_PLACEMENT_3D('',#8038,#6127,#6128);
#5404=AXIS2_PLACEMENT_3D('',#8039,#6129,#6130);
#5405=AXIS2_PLACEMENT_3D('',#8043,#6133,#6134);
#5406=AXIS2_PLACEMENT_3D('',#8045,#6135,#6136);
#5407=AXIS2_PLACEMENT_3D('',#8048,#6138,#6139);
#5408=AXIS2_PLACEMENT_3D('',#8049,#6140,#6141);
#5409=AXIS2_PLACEMENT_3D('',#8050,#6142,#6143);
#5410=AXIS2_PLACEMENT_3D('',#8052,#6144,#6145);
#5411=AXIS2_PLACEMENT_3D('',#8055,#6147,#6148);
#5412=AXIS2_PLACEMENT_3D('',#8056,#6149,#6150);
#5413=AXIS2_PLACEMENT_3D('',#8057,#6151,#6152);
#5414=AXIS2_PLACEMENT_3D('',#8063,#6156,#6157);
#5415=AXIS2_PLACEMENT_3D('',#8064,#6158,#6159);
#5416=AXIS2_PLACEMENT_3D('',#8065,#6160,#6161);
#5417=AXIS2_PLACEMENT_3D('',#8069,#6164,#6165);
#5418=AXIS2_PLACEMENT_3D('',#8073,#6168,#6169);
#5419=AXIS2_PLACEMENT_3D('',#8079,#6173,#6174);
#5420=AXIS2_PLACEMENT_3D('',#8080,#6175,#6176);
#5421=AXIS2_PLACEMENT_3D('',#8081,#6177,#6178);
#5422=AXIS2_PLACEMENT_3D('',#8085,#6181,#6182);
#5423=AXIS2_PLACEMENT_3D('',#8087,#6183,#6184);
#5424=AXIS2_PLACEMENT_3D('',#8090,#6186,#6187);
#5425=AXIS2_PLACEMENT_3D('',#8091,#6188,#6189);
#5426=AXIS2_PLACEMENT_3D('',#8097,#6193,#6194);
#5427=AXIS2_PLACEMENT_3D('',#8101,#6197,#6198);
#5428=AXIS2_PLACEMENT_3D('',#8104,#6201,#6202);
#5429=AXIS2_PLACEMENT_3D('',#8108,#6205,#6206);
#5430=AXIS2_PLACEMENT_3D('',#8110,#6208,#6209);
#5431=AXIS2_PLACEMENT_3D('',#8111,#6210,#6211);
#5432=AXIS2_PLACEMENT_3D('',#8112,#6212,#6213);
#5433=AXIS2_PLACEMENT_3D('',#8113,#6214,#6215);
#5434=AXIS2_PLACEMENT_3D('',#8118,#6217,#6218);
#5435=AXIS2_PLACEMENT_3D('',#8121,#6220,#6221);
#5436=AXIS2_PLACEMENT_3D('',#8122,#6222,#6223);
#5437=AXIS2_PLACEMENT_3D('',#8127,#6225,#6226);
#5438=AXIS2_PLACEMENT_3D('',#8130,#6228,#6229);
#5439=AXIS2_PLACEMENT_3D('',#8131,#6230,#6231);
#5440=AXIS2_PLACEMENT_3D('',#8134,#6234,#6235);
#5441=AXIS2_PLACEMENT_3D('',#8140,#6239,#6240);
#5442=AXIS2_PLACEMENT_3D('',#8152,#6247,#6248);
#5443=AXIS2_PLACEMENT_3D('',#8156,#6251,#6252);
#5444=AXIS2_PLACEMENT_3D('',#8161,#6254,#6255);
#5445=AXIS2_PLACEMENT_3D('',#8164,#6257,#6258);
#5446=AXIS2_PLACEMENT_3D('',#8165,#6259,#6260);
#5447=AXIS2_PLACEMENT_3D('',#8170,#6262,#6263);
#5448=AXIS2_PLACEMENT_3D('',#8173,#6265,#6266);
#5449=AXIS2_PLACEMENT_3D('',#8174,#6267,#6268);
#5450=AXIS2_PLACEMENT_3D('',#8177,#6271,#6272);
#5451=AXIS2_PLACEMENT_3D('',#8180,#6273,#6274);
#5452=AXIS2_PLACEMENT_3D('',#8184,#6276,#6277);
#5453=AXIS2_PLACEMENT_3D('',#8188,#6279,#6280);
#5454=AXIS2_PLACEMENT_3D('',#8192,#6282,#6283);
#5455=AXIS2_PLACEMENT_3D('',#8197,#6286,#6287);
#5456=AXIS2_PLACEMENT_3D('',#8201,#6289,#6290);
#5457=AXIS2_PLACEMENT_3D('',#8205,#6292,#6293);
#5458=AXIS2_PLACEMENT_3D('',#8209,#6295,#6296);
#5459=AXIS2_PLACEMENT_3D('',#8212,#6298,#6299);
#5460=AXIS2_PLACEMENT_3D('',#8214,#6300,#6301);
#5461=AXIS2_PLACEMENT_3D('',#8219,#6303,#6304);
#5462=AXIS2_PLACEMENT_3D('',#8223,#6306,#6307);
#5463=AXIS2_PLACEMENT_3D('',#8227,#6309,#6310);
#5464=AXIS2_PLACEMENT_3D('',#8230,#6312,#6313);
#5465=AXIS2_PLACEMENT_3D('',#8233,#6315,#6316);
#5466=AXIS2_PLACEMENT_3D('',#8235,#6317,#6318);
#5467=AXIS2_PLACEMENT_3D('',#8236,#6319,#6320);
#5468=AXIS2_PLACEMENT_3D('',#8238,#6321,#6322);
#5469=AXIS2_PLACEMENT_3D('',#8240,#6323,#6324);
#5470=AXIS2_PLACEMENT_3D('',#8241,#6325,#6326);
#5471=AXIS2_PLACEMENT_3D('',#8242,#6327,#6328);
#5472=AXIS2_PLACEMENT_3D('',#8244,#6329,#6330);
#5473=AXIS2_PLACEMENT_3D('',#8246,#6332,#6333);
#5474=AXIS2_PLACEMENT_3D('',#8248,#6334,#6335);
#5475=AXIS2_PLACEMENT_3D('',#8249,#6336,#6337);
#5476=AXIS2_PLACEMENT_3D('',#8250,#6338,#6339);
#5477=AXIS2_PLACEMENT_3D('',#8252,#6340,#6341);
#5478=AXIS2_PLACEMENT_3D('',#8254,#6343,#6344);
#5479=AXIS2_PLACEMENT_3D('',#8256,#6345,#6346);
#5480=AXIS2_PLACEMENT_3D('',#8257,#6347,#6348);
#5481=AXIS2_PLACEMENT_3D('',#8258,#6349,#6350);
#5482=AXIS2_PLACEMENT_3D('',#8260,#6351,#6352);
#5483=AXIS2_PLACEMENT_3D('',#8262,#6354,#6355);
#5484=AXIS2_PLACEMENT_3D('',#8264,#6356,#6357);
#5485=AXIS2_PLACEMENT_3D('',#8265,#6358,#6359);
#5486=AXIS2_PLACEMENT_3D('',#8266,#6360,#6361);
#5487=AXIS2_PLACEMENT_3D('',#8268,#6363,#6364);
#5488=AXIS2_PLACEMENT_3D('',#8274,#6368,#6369);
#5489=AXIS2_PLACEMENT_3D('',#8277,#6371,#6372);
#5490=AXIS2_PLACEMENT_3D('',#8278,#6373,#6374);
#5491=AXIS2_PLACEMENT_3D('',#8282,#6377,#6378);
#5492=AXIS2_PLACEMENT_3D('',#8285,#6380,#6381);
#5493=AXIS2_PLACEMENT_3D('',#8286,#6382,#6383);
#5494=AXIS2_PLACEMENT_3D('',#8289,#6384,#6385);
#5495=AXIS2_PLACEMENT_3D('',#8293,#6387,#6388);
#5496=AXIS2_PLACEMENT_3D('',#8295,#6390,#6391);
#5497=AXIS2_PLACEMENT_3D('',#8301,#6395,#6396);
#5498=AXIS2_PLACEMENT_3D('',#8304,#6397,#6398);
#5499=AXIS2_PLACEMENT_3D('',#8308,#6400,#6401);
#5500=AXIS2_PLACEMENT_3D('',#8310,#6403,#6404);
#5501=AXIS2_PLACEMENT_3D('',#8313,#6407,#6408);
#5502=AXIS2_PLACEMENT_3D('',#8316,#6409,#6410);
#5503=AXIS2_PLACEMENT_3D('',#8320,#6412,#6413);
#5504=AXIS2_PLACEMENT_3D('',#8322,#6415,#6416);
#5505=AXIS2_PLACEMENT_3D('',#8325,#6419,#6420);
#5506=AXIS2_PLACEMENT_3D('',#8327,#6421,#6422);
#5507=AXIS2_PLACEMENT_3D('',#8329,#6423,#6424);
#5508=AXIS2_PLACEMENT_3D('',#8331,#6426,#6427);
#5509=AXIS2_PLACEMENT_3D('',#8334,#6430,#6431);
#5510=AXIS2_PLACEMENT_3D('',#8338,#6433,#6434);
#5511=AXIS2_PLACEMENT_3D('',#8341,#6436,#6437);
#5512=AXIS2_PLACEMENT_3D('',#8342,#6438,#6439);
#5513=AXIS2_PLACEMENT_3D('',#8344,#6441,#6442);
#5514=AXIS2_PLACEMENT_3D('',#8346,#6444,#6445);
#5515=AXIS2_PLACEMENT_3D('',#8348,#6447,#6448);
#5516=AXIS2_PLACEMENT_3D('',#8349,#6449,#6450);
#5517=AXIS2_PLACEMENT_3D('',#8350,#6451,#6452);
#5518=AXIS2_PLACEMENT_3D('',#8352,#6453,#6454);
#5519=AXIS2_PLACEMENT_3D('',#8355,#6456,#6457);
#5520=AXIS2_PLACEMENT_3D('',#8356,#6458,#6459);
#5521=AXIS2_PLACEMENT_3D('',#8359,#6461,#6462);
#5522=AXIS2_PLACEMENT_3D('',#8360,#6463,#6464);
#5523=AXIS2_PLACEMENT_3D('',#8362,#6465,#6466);
#5524=AXIS2_PLACEMENT_3D('',#8365,#6468,#6469);
#5525=AXIS2_PLACEMENT_3D('',#8366,#6470,#6471);
#5526=AXIS2_PLACEMENT_3D('',#8369,#6473,#6474);
#5527=AXIS2_PLACEMENT_3D('',#8370,#6475,#6476);
#5528=AXIS2_PLACEMENT_3D('',#8372,#6477,#6478);
#5529=AXIS2_PLACEMENT_3D('',#8375,#6480,#6481);
#5530=AXIS2_PLACEMENT_3D('',#8376,#6482,#6483);
#5531=AXIS2_PLACEMENT_3D('',#8379,#6485,#6486);
#5532=AXIS2_PLACEMENT_3D('',#8380,#6487,#6488);
#5533=AXIS2_PLACEMENT_3D('',#8382,#6489,#6490);
#5534=AXIS2_PLACEMENT_3D('',#8385,#6492,#6493);
#5535=AXIS2_PLACEMENT_3D('',#8386,#6494,#6495);
#5536=AXIS2_PLACEMENT_3D('',#8389,#6497,#6498);
#5537=AXIS2_PLACEMENT_3D('',#8390,#6499,#6500);
#5538=AXIS2_PLACEMENT_3D('',#8392,#6501,#6502);
#5539=AXIS2_PLACEMENT_3D('',#8393,#6503,#6504);
#5540=AXIS2_PLACEMENT_3D('',#8394,#6505,#6506);
#5541=AXIS2_PLACEMENT_3D('',#8396,#6508,#6509);
#5542=AXIS2_PLACEMENT_3D('',#8398,#6510,#6511);
#5543=AXIS2_PLACEMENT_3D('',#8399,#6512,#6513);
#5544=AXIS2_PLACEMENT_3D('',#8400,#6514,#6515);
#5545=AXIS2_PLACEMENT_3D('',#8402,#6517,#6518);
#5546=AXIS2_PLACEMENT_3D('',#8404,#6519,#6520);
#5547=AXIS2_PLACEMENT_3D('',#8405,#6521,#6522);
#5548=AXIS2_PLACEMENT_3D('',#8406,#6523,#6524);
#5549=AXIS2_PLACEMENT_3D('',#8408,#6526,#6527);
#5550=AXIS2_PLACEMENT_3D('',#8410,#6528,#6529);
#5551=AXIS2_PLACEMENT_3D('',#8411,#6530,#6531);
#5552=AXIS2_PLACEMENT_3D('',#8412,#6532,#6533);
#5553=AXIS2_PLACEMENT_3D('',#8414,#6535,#6536);
#5554=AXIS2_PLACEMENT_3D('',#8415,#6537,#6538);
#5555=AXIS2_PLACEMENT_3D('',#8416,#6539,#6540);
#5556=AXIS2_PLACEMENT_3D('',#8417,#6541,#6542);
#5557=AXIS2_PLACEMENT_3D('',#8418,#6543,#6544);
#5558=AXIS2_PLACEMENT_3D('',#8421,#6545,#6546);
#5559=AXIS2_PLACEMENT_3D('',#8424,#6549,#6550);
#5560=AXIS2_PLACEMENT_3D('',#8428,#6553,#6554);
#5561=AXIS2_PLACEMENT_3D('',#8430,#6555,#6556);
#5562=AXIS2_PLACEMENT_3D('',#8432,#6558,#6559);
#5563=AXIS2_PLACEMENT_3D('',#8435,#6560,#6561);
#5564=AXIS2_PLACEMENT_3D('',#8438,#6564,#6565);
#5565=AXIS2_PLACEMENT_3D('',#8442,#6568,#6569);
#5566=AXIS2_PLACEMENT_3D('',#8444,#6570,#6571);
#5567=AXIS2_PLACEMENT_3D('',#8446,#6573,#6574);
#5568=AXIS2_PLACEMENT_3D('',#8448,#6575,#6576);
#5569=AXIS2_PLACEMENT_3D('',#8451,#6578,#6579);
#5570=AXIS2_PLACEMENT_3D('',#8452,#6580,#6581);
#5571=AXIS2_PLACEMENT_3D('',#8453,#6582,#6583);
#5572=AXIS2_PLACEMENT_3D('',#8455,#6584,#6585);
#5573=AXIS2_PLACEMENT_3D('',#8458,#6587,#6588);
#5574=AXIS2_PLACEMENT_3D('',#8459,#6589,#6590);
#5575=AXIS2_PLACEMENT_3D('',#8460,#6591,#6592);
#5576=AXIS2_PLACEMENT_3D('',#8462,#6593,#6594);
#5577=AXIS2_PLACEMENT_3D('',#8465,#6596,#6597);
#5578=AXIS2_PLACEMENT_3D('',#8466,#6598,#6599);
#5579=AXIS2_PLACEMENT_3D('',#8467,#6600,#6601);
#5580=AXIS2_PLACEMENT_3D('',#8469,#6602,#6603);
#5581=AXIS2_PLACEMENT_3D('',#8472,#6605,#6606);
#5582=AXIS2_PLACEMENT_3D('',#8473,#6607,#6608);
#5583=AXIS2_PLACEMENT_3D('',#8474,#6609,#6610);
#5584=AXIS2_PLACEMENT_3D('',#8478,#6613,#6614);
#5585=AXIS2_PLACEMENT_3D('',#8482,#6617,#6618);
#5586=AXIS2_PLACEMENT_3D('',#8486,#6621,#6622);
#5587=AXIS2_PLACEMENT_3D('',#8490,#6625,#6626);
#5588=AXIS2_PLACEMENT_3D('',#8492,#6628,#6629);
#5589=AXIS2_PLACEMENT_3D('',#8493,#6630,#6631);
#5590=AXIS2_PLACEMENT_3D('',#8499,#6635,#6636);
#5591=AXIS2_PLACEMENT_3D('',#8505,#6640,#6641);
#5592=AXIS2_PLACEMENT_3D('',#8511,#6645,#6646);
#5593=AXIS2_PLACEMENT_3D('',#8517,#6650,#6651);
#5594=AXIS2_PLACEMENT_3D('',#8523,#6655,#6656);
#5595=AXIS2_PLACEMENT_3D('',#8529,#6660,#6661);
#5596=AXIS2_PLACEMENT_3D('',#8532,#6664,#6665);
#5597=AXIS2_PLACEMENT_3D('',#8533,#6666,#6667);
#5598=AXIS2_PLACEMENT_3D('',#8534,#6668,#6669);
#5599=AXIS2_PLACEMENT_3D('',#8536,#6670,#6671);
#5600=AXIS2_PLACEMENT_3D('',#8538,#6672,#6673);
#5601=AXIS2_PLACEMENT_3D('',#8577,#6675,#6676);
#5602=AXIS2_PLACEMENT_3D('',#8578,#6677,#6678);
#5603=AXIS2_PLACEMENT_3D('',#8579,#6679,#6680);
#5604=AXIS2_PLACEMENT_3D('',#8581,#6681,#6682);
#5605=AXIS2_PLACEMENT_3D('',#8620,#6684,#6685);
#5606=AXIS2_PLACEMENT_3D('',#8621,#6686,#6687);
#5607=AXIS2_PLACEMENT_3D('',#8622,#6688,#6689);
#5608=AXIS2_PLACEMENT_3D('',#8624,#6690,#6691);
#5609=AXIS2_PLACEMENT_3D('',#8663,#6693,#6694);
#5610=AXIS2_PLACEMENT_3D('',#8664,#6695,#6696);
#5611=AXIS2_PLACEMENT_3D('',#8665,#6697,#6698);
#5612=AXIS2_PLACEMENT_3D('',#8667,#6699,#6700);
#5613=AXIS2_PLACEMENT_3D('',#8705,#6702,#6703);
#5614=AXIS2_PLACEMENT_3D('',#8706,#6704,#6705);
#5615=AXIS2_PLACEMENT_3D('',#8723,#6708,#6709);
#5616=AXIS2_PLACEMENT_3D('',#8727,#6712,#6713);
#5617=AXIS2_PLACEMENT_3D('',#8742,#6715,#6716);
#5618=AXIS2_PLACEMENT_3D('',#8746,#6718,#6719);
#5619=AXIS2_PLACEMENT_3D('',#8749,#6721,#6722);
#5620=AXIS2_PLACEMENT_3D('',#8750,#6723,#6724);
#5621=AXIS2_PLACEMENT_3D('',#8752,#6726,#6727);
#5622=AXIS2_PLACEMENT_3D('',#8754,#6729,#6730);
#5623=AXIS2_PLACEMENT_3D('',#8755,#6731,#6732);
#5624=AXIS2_PLACEMENT_3D('',#8758,#6733,#6734);
#5625=AXIS2_PLACEMENT_3D('',#8762,#6736,#6737);
#5626=AXIS2_PLACEMENT_3D('',#8764,#6739,#6740);
#5627=AXIS2_PLACEMENT_3D('',#8767,#6741,#6742);
#5628=AXIS2_PLACEMENT_3D('',#8768,#6743,#6744);
#5629=AXIS2_PLACEMENT_3D('',#8769,#6745,#6746);
#5630=AXIS2_PLACEMENT_3D('',#8770,#6747,#6748);
#5631=AXIS2_PLACEMENT_3D('',#8773,#6749,#6750);
#5632=AXIS2_PLACEMENT_3D('',#8776,#6753,#6754);
#5633=AXIS2_PLACEMENT_3D('',#8779,#6755,#6756);
#5634=AXIS2_PLACEMENT_3D('',#8780,#6757,#6758);
#5635=AXIS2_PLACEMENT_3D('',#8781,#6759,#6760);
#5636=AXIS2_PLACEMENT_3D('',#8782,#6761,#6762);
#5637=AXIS2_PLACEMENT_3D('',#8785,#6763,#6764);
#5638=AXIS2_PLACEMENT_3D('',#8788,#6767,#6768);
#5639=AXIS2_PLACEMENT_3D('',#8791,#6769,#6770);
#5640=AXIS2_PLACEMENT_3D('',#8792,#6771,#6772);
#5641=AXIS2_PLACEMENT_3D('',#8793,#6773,#6774);
#5642=AXIS2_PLACEMENT_3D('',#8794,#6775,#6776);
#5643=AXIS2_PLACEMENT_3D('',#8797,#6777,#6778);
#5644=AXIS2_PLACEMENT_3D('',#8800,#6781,#6782);
#5645=AXIS2_PLACEMENT_3D('',#8803,#6783,#6784);
#5646=AXIS2_PLACEMENT_3D('',#8804,#6785,#6786);
#5647=AXIS2_PLACEMENT_3D('',#8805,#6787,#6788);
#5648=AXIS2_PLACEMENT_3D('',#8806,#6789,#6790);
#5649=AXIS2_PLACEMENT_3D('',#8809,#6791,#6792);
#5650=AXIS2_PLACEMENT_3D('',#8812,#6795,#6796);
#5651=AXIS2_PLACEMENT_3D('',#8815,#6797,#6798);
#5652=AXIS2_PLACEMENT_3D('',#8816,#6799,#6800);
#5653=AXIS2_PLACEMENT_3D('',#8817,#6801,#6802);
#5654=AXIS2_PLACEMENT_3D('',#8818,#6803,#6804);
#5655=AXIS2_PLACEMENT_3D('',#8821,#6805,#6806);
#5656=AXIS2_PLACEMENT_3D('',#8824,#6809,#6810);
#5657=AXIS2_PLACEMENT_3D('',#8827,#6811,#6812);
#5658=AXIS2_PLACEMENT_3D('',#8828,#6813,#6814);
#5659=AXIS2_PLACEMENT_3D('',#8829,#6815,#6816);
#5660=AXIS2_PLACEMENT_3D('',#8830,#6817,#6818);
#5661=AXIS2_PLACEMENT_3D('',#8833,#6819,#6820);
#5662=AXIS2_PLACEMENT_3D('',#8836,#6823,#6824);
#5663=AXIS2_PLACEMENT_3D('',#8839,#6825,#6826);
#5664=AXIS2_PLACEMENT_3D('',#8840,#6827,#6828);
#5665=AXIS2_PLACEMENT_3D('',#8841,#6829,#6830);
#5666=AXIS2_PLACEMENT_3D('',#8842,#6831,#6832);
#5667=AXIS2_PLACEMENT_3D('',#8845,#6833,#6834);
#5668=AXIS2_PLACEMENT_3D('',#8848,#6837,#6838);
#5669=AXIS2_PLACEMENT_3D('',#8849,#6839,#6840);
#5670=AXIS2_PLACEMENT_3D('',#8850,#6841,#6842);
#5671=AXIS2_PLACEMENT_3D('',#8851,#6843,#6844);
#5672=AXIS2_PLACEMENT_3D('',#8857,#6847,#6848);
#5673=AXIS2_PLACEMENT_3D('',#8861,#6850,#6851);
#5674=AXIS2_PLACEMENT_3D('',#8869,#6855,#6856);
#5675=AXIS2_PLACEMENT_3D('',#8873,#6858,#6859);
#5676=AXIS2_PLACEMENT_3D('',#8877,#6862,#6863);
#5677=AXIS2_PLACEMENT_3D('',#8880,#6865,#6866);
#5678=AXIS2_PLACEMENT_3D('',#8881,#6867,#6868);
#5679=AXIS2_PLACEMENT_3D('',#8884,#6870,#6871);
#5680=AXIS2_PLACEMENT_3D('',#8885,#6872,#6873);
#5681=AXIS2_PLACEMENT_3D('',#8887,#6875,#6876);
#5682=AXIS2_PLACEMENT_3D('',#8890,#6877,#6878);
#5683=AXIS2_PLACEMENT_3D('',#8893,#6881,#6882);
#5684=AXIS2_PLACEMENT_3D('',#8896,#6883,#6884);
#5685=AXIS2_PLACEMENT_3D('',#8897,#6885,#6886);
#5686=AXIS2_PLACEMENT_3D('',#8898,#6887,#6888);
#5687=AXIS2_PLACEMENT_3D('',#8899,#6889,#6890);
#5688=AXIS2_PLACEMENT_3D('',#8902,#6891,#6892);
#5689=AXIS2_PLACEMENT_3D('',#8916,#6895,#6896);
#5690=AXIS2_PLACEMENT_3D('',#8917,#6897,#6898);
#5691=AXIS2_PLACEMENT_3D('',#8918,#6899,#6900);
#5692=AXIS2_PLACEMENT_3D('',#8919,#6901,#6902);
#5693=AXIS2_PLACEMENT_3D('',#8921,#6903,#6904);
#5694=AXIS2_PLACEMENT_3D('',#8924,#6907,#6908);
#5695=AXIS2_PLACEMENT_3D('',#8926,#6909,#6910);
#5696=AXIS2_PLACEMENT_3D('',#8927,#6911,#6912);
#5697=AXIS2_PLACEMENT_3D('',#8928,#6913,#6914);
#5698=AXIS2_PLACEMENT_3D('',#8930,#6915,#6916);
#5699=AXIS2_PLACEMENT_3D('',#8942,#6918,#6919);
#5700=AXIS2_PLACEMENT_3D('',#8943,#6920,#6921);
#5701=AXIS2_PLACEMENT_3D('',#8944,#6922,#6923);
#5702=AXIS2_PLACEMENT_3D('',#8946,#6924,#6925);
#5703=AXIS2_PLACEMENT_3D('',#8948,#6927,#6928);
#5704=AXIS2_PLACEMENT_3D('',#8950,#6929,#6930);
#5705=AXIS2_PLACEMENT_3D('',#8951,#6931,#6932);
#5706=AXIS2_PLACEMENT_3D('',#8952,#6933,#6934);
#5707=AXIS2_PLACEMENT_3D('',#8966,#6936,#6937);
#5708=AXIS2_PLACEMENT_3D('',#8968,#6939,#6940);
#5709=AXIS2_PLACEMENT_3D('',#8974,#6943,#6944);
#5710=AXIS2_PLACEMENT_3D('',#8978,#6946,#6947);
#5711=AXIS2_PLACEMENT_3D('',#8980,#6949,#6950);
#5712=AXIS2_PLACEMENT_3D('',#8982,#6952,#6953);
#5713=AXIS2_PLACEMENT_3D('',#8984,#6954,#6955);
#5714=AXIS2_PLACEMENT_3D('',#8987,#6957,#6958);
#5715=AXIS2_PLACEMENT_3D('',#8988,#6959,#6960);
#5716=AXIS2_PLACEMENT_3D('',#8990,#6961,#6962);
#5717=AXIS2_PLACEMENT_3D('',#8991,#6963,#6964);
#5718=AXIS2_PLACEMENT_3D('',#8992,#6965,#6966);
#5719=AXIS2_PLACEMENT_3D('',#8994,#6967,#6968);
#5720=AXIS2_PLACEMENT_3D('',#9006,#6970,#6971);
#5721=AXIS2_PLACEMENT_3D('',#9007,#6972,#6973);
#5722=AXIS2_PLACEMENT_3D('',#9008,#6974,#6975);
#5723=AXIS2_PLACEMENT_3D('',#9010,#6976,#6977);
#5724=AXIS2_PLACEMENT_3D('',#9012,#6979,#6980);
#5725=AXIS2_PLACEMENT_3D('',#9014,#6981,#6982);
#5726=AXIS2_PLACEMENT_3D('',#9015,#6983,#6984);
#5727=AXIS2_PLACEMENT_3D('',#9016,#6985,#6986);
#5728=AXIS2_PLACEMENT_3D('',#9017,#6987,#6988);
#5729=AXIS2_PLACEMENT_3D('',#9019,#6989,#6990);
#5730=AXIS2_PLACEMENT_3D('',#9031,#6992,#6993);
#5731=AXIS2_PLACEMENT_3D('',#9032,#6994,#6995);
#5732=AXIS2_PLACEMENT_3D('',#9033,#6996,#6997);
#5733=AXIS2_PLACEMENT_3D('',#9035,#6998,#6999);
#5734=AXIS2_PLACEMENT_3D('',#9037,#7001,#7002);
#5735=AXIS2_PLACEMENT_3D('',#9039,#7003,#7004);
#5736=AXIS2_PLACEMENT_3D('',#9040,#7005,#7006);
#5737=AXIS2_PLACEMENT_3D('',#9041,#7007,#7008);
#5738=AXIS2_PLACEMENT_3D('',#9057,#7010,#7011);
#5739=AXIS2_PLACEMENT_3D('',#9058,#7012,#7013);
#5740=AXIS2_PLACEMENT_3D('',#9060,#7015,#7016);
#5741=AXIS2_PLACEMENT_3D('',#9063,#7018,#7019);
#5742=AXIS2_PLACEMENT_3D('',#9064,#7020,#7021);
#5743=AXIS2_PLACEMENT_3D('',#9066,#7023,#7024);
#5744=AXIS2_PLACEMENT_3D('',#9068,#7026,#7027);
#5745=AXIS2_PLACEMENT_3D('',#9070,#7029,#7030);
#5746=AXIS2_PLACEMENT_3D('',#9072,#7032,#7033);
#5747=AXIS2_PLACEMENT_3D('',#9073,#7034,#7035);
#5748=AXIS2_PLACEMENT_3D('',#9075,#7037,#7038);
#5749=AXIS2_PLACEMENT_3D('',#9078,#7041,#7042);
#5750=AXIS2_PLACEMENT_3D('',#9080,#7043,#7044);
#5751=AXIS2_PLACEMENT_3D('',#9081,#7045,#7046);
#5752=AXIS2_PLACEMENT_3D('',#9084,#7049,#7050);
#5753=AXIS2_PLACEMENT_3D('',#9086,#7052,#7053);
#5754=AXIS2_PLACEMENT_3D('',#9088,#7055,#7056);
#5755=AXIS2_PLACEMENT_3D('',#9089,#7057,#7058);
#5756=AXIS2_PLACEMENT_3D('',#9091,#7060,#7061);
#5757=AXIS2_PLACEMENT_3D('',#9092,#7062,#7063);
#5758=AXIS2_PLACEMENT_3D('',#9095,#7065,#7066);
#5759=AXIS2_PLACEMENT_3D('',#9096,#7067,#7068);
#5760=AXIS2_PLACEMENT_3D('',#9097,#7069,#7070);
#5761=AXIS2_PLACEMENT_3D('',#9099,#7072,#7073);
#5762=AXIS2_PLACEMENT_3D('',#9100,#7074,#7075);
#5763=AXIS2_PLACEMENT_3D('',#9101,#7076,#7077);
#5764=AXIS2_PLACEMENT_3D('',#9104,#7078,#7079);
#5765=AXIS2_PLACEMENT_3D('',#9106,#7080,#7081);
#5766=AXIS2_PLACEMENT_3D('',#9108,#7082,#7083);
#5767=AXIS2_PLACEMENT_3D('',#9109,#7084,#7085);
#5768=AXIS2_PLACEMENT_3D('',#9110,#7086,#7087);
#5769=AXIS2_PLACEMENT_3D('',#9113,#7088,#7089);
#5770=AXIS2_PLACEMENT_3D('',#9116,#7092,#7093);
#5771=AXIS2_PLACEMENT_3D('',#9119,#7094,#7095);
#5772=AXIS2_PLACEMENT_3D('',#9120,#7096,#7097);
#5773=AXIS2_PLACEMENT_3D('',#9121,#7098,#7099);
#5774=AXIS2_PLACEMENT_3D('',#9122,#7100,#7101);
#5775=AXIS2_PLACEMENT_3D('',#9125,#7102,#7103);
#5776=AXIS2_PLACEMENT_3D('',#9128,#7106,#7107);
#5777=AXIS2_PLACEMENT_3D('',#9131,#7108,#7109);
#5778=AXIS2_PLACEMENT_3D('',#9132,#7110,#7111);
#5779=AXIS2_PLACEMENT_3D('',#9133,#7112,#7113);
#5780=AXIS2_PLACEMENT_3D('',#9134,#7114,#7115);
#5781=AXIS2_PLACEMENT_3D('',#9137,#7116,#7117);
#5782=AXIS2_PLACEMENT_3D('',#9140,#7120,#7121);
#5783=AXIS2_PLACEMENT_3D('',#9143,#7122,#7123);
#5784=AXIS2_PLACEMENT_3D('',#9144,#7124,#7125);
#5785=AXIS2_PLACEMENT_3D('',#9145,#7126,#7127);
#5786=AXIS2_PLACEMENT_3D('',#9146,#7128,#7129);
#5787=AXIS2_PLACEMENT_3D('',#9149,#7132,#7133);
#5788=AXIS2_PLACEMENT_3D('',#9153,#7135,#7136);
#5789=AXIS2_PLACEMENT_3D('',#9156,#7138,#7139);
#5790=AXIS2_PLACEMENT_3D('',#9157,#7140,#7141);
#5791=AXIS2_PLACEMENT_3D('',#9160,#7143,#7144);
#5792=AXIS2_PLACEMENT_3D('',#9161,#7145,#7146);
#5793=AXIS2_PLACEMENT_3D('',#9165,#7149,#7150);
#5794=AXIS2_PLACEMENT_3D('',#9168,#7152,#7153);
#5795=AXIS2_PLACEMENT_3D('',#9169,#7154,#7155);
#5796=AXIS2_PLACEMENT_3D('',#9171,#7156,#7157);
#5797=AXIS2_PLACEMENT_3D('',#9173,#7159,#7160);
#5798=AXIS2_PLACEMENT_3D('',#9174,#7161,#7162);
#5799=AXIS2_PLACEMENT_3D('',#9175,#7163,#7164);
#5800=AXIS2_PLACEMENT_3D('',#9179,#7166,#7167);
#5801=AXIS2_PLACEMENT_3D('',#9181,#7169,#7170);
#5802=AXIS2_PLACEMENT_3D('',#9182,#7171,#7172);
#5803=AXIS2_PLACEMENT_3D('',#9183,#7173,#7174);
#5804=AXIS2_PLACEMENT_3D('',#9184,#7175,#7176);
#5805=AXIS2_PLACEMENT_3D('',#9186,#7178,#7179);
#5806=AXIS2_PLACEMENT_3D('',#9187,#7180,#7181);
#5807=AXIS2_PLACEMENT_3D('',#9190,#7182,#7183);
#5808=AXIS2_PLACEMENT_3D('',#9194,#7185,#7186);
#5809=AXIS2_PLACEMENT_3D('',#9196,#7188,#7189);
#5810=AXIS2_PLACEMENT_3D('',#9202,#7193,#7194);
#5811=AXIS2_PLACEMENT_3D('',#9205,#7195,#7196);
#5812=AXIS2_PLACEMENT_3D('',#9209,#7198,#7199);
#5813=AXIS2_PLACEMENT_3D('',#9211,#7201,#7202);
#5814=AXIS2_PLACEMENT_3D('',#9214,#7205,#7206);
#5815=AXIS2_PLACEMENT_3D('',#9217,#7207,#7208);
#5816=AXIS2_PLACEMENT_3D('',#9221,#7210,#7211);
#5817=AXIS2_PLACEMENT_3D('',#9223,#7213,#7214);
#5818=AXIS2_PLACEMENT_3D('',#9226,#7217,#7218);
#5819=AXIS2_PLACEMENT_3D('',#9229,#7219,#7220);
#5820=AXIS2_PLACEMENT_3D('',#9233,#7222,#7223);
#5821=AXIS2_PLACEMENT_3D('',#9235,#7225,#7226);
#5822=AXIS2_PLACEMENT_3D('',#9238,#7229,#7230);
#5823=AXIS2_PLACEMENT_3D('',#9240,#7231,#7232);
#5824=AXIS2_PLACEMENT_3D('',#9243,#7234,#7235);
#5825=AXIS2_PLACEMENT_3D('',#9244,#7236,#7237);
#5826=AXIS2_PLACEMENT_3D('',#9250,#7241,#7242);
#5827=AXIS2_PLACEMENT_3D('',#9254,#7244,#7245);
#5828=AXIS2_PLACEMENT_3D('',#9258,#7247,#7248);
#5829=AXIS2_PLACEMENT_3D('',#9262,#7250,#7251);
#5830=AXIS2_PLACEMENT_3D('',#9266,#7253,#7254);
#5831=AXIS2_PLACEMENT_3D('',#9270,#7256,#7257);
#5832=AXIS2_PLACEMENT_3D('',#9274,#7259,#7260);
#5833=AXIS2_PLACEMENT_3D('',#9277,#7262,#7263);
#5834=AXIS2_PLACEMENT_3D('',#9278,#7264,#7265);
#5835=AXIS2_PLACEMENT_3D('',#9281,#7267,#7268);
#5836=AXIS2_PLACEMENT_3D('',#9282,#7269,#7270);
#5837=AXIS2_PLACEMENT_3D('',#9291,#7276,#7277);
#5838=AXIS2_PLACEMENT_3D('',#9294,#7279,#7280);
#5839=AXIS2_PLACEMENT_3D('',#9295,#7281,#7282);
#5840=AXIS2_PLACEMENT_3D('',#9299,#7285,#7286);
#5841=AXIS2_PLACEMENT_3D('',#9302,#7288,#7289);
#5842=AXIS2_PLACEMENT_3D('',#9303,#7290,#7291);
#5843=AXIS2_PLACEMENT_3D('',#9305,#7293,#7294);
#5844=AXIS2_PLACEMENT_3D('',#9309,#7296,#7297);
#5845=AXIS2_PLACEMENT_3D('',#9311,#7299,#7300);
#5846=AXIS2_PLACEMENT_3D('',#9315,#7303,#7304);
#5847=AXIS2_PLACEMENT_3D('',#9319,#7306,#7307);
#5848=AXIS2_PLACEMENT_3D('',#9321,#7309,#7310);
#5849=AXIS2_PLACEMENT_3D('',#9326,#7314,#7315);
#5850=AXIS2_PLACEMENT_3D('',#9327,#7316,#7317);
#5851=AXIS2_PLACEMENT_3D('',#9328,#7318,#7319);
#5852=AXIS2_PLACEMENT_3D('',#9329,#7320,#7321);
#5853=AXIS2_PLACEMENT_3D('',#9330,#7322,#7323);
#5854=AXIS2_PLACEMENT_3D('',#9334,#7325,#7326);
#5855=AXIS2_PLACEMENT_3D('',#9338,#7328,#7329);
#5856=AXIS2_PLACEMENT_3D('',#9342,#7331,#7332);
#5857=AXIS2_PLACEMENT_3D('',#9346,#7334,#7335);
#5858=AXIS2_PLACEMENT_3D('',#9356,#7340,#7341);
#5859=AXIS2_PLACEMENT_3D('',#9360,#7343,#7344);
#5860=AXIS2_PLACEMENT_3D('',#9364,#7346,#7347);
#5861=AXIS2_PLACEMENT_3D('',#9368,#7349,#7350);
#5862=AXIS2_PLACEMENT_3D('',#9376,#7354,#7355);
#5863=AXIS2_PLACEMENT_3D('',#9380,#7357,#7358);
#5864=AXIS2_PLACEMENT_3D('',#9384,#7360,#7361);
#5865=AXIS2_PLACEMENT_3D('',#9387,#7363,#7364);
#5866=AXIS2_PLACEMENT_3D('',#9388,#7365,#7366);
#5867=AXIS2_PLACEMENT_3D('',#9390,#7367,#7368);
#5868=AXIS2_PLACEMENT_3D('',#9392,#7369,#7370);
#5869=AXIS2_PLACEMENT_3D('',#9393,#7371,#7372);
#5870=AXIS2_PLACEMENT_3D('',#9394,#7373,#7374);
#5871=AXIS2_PLACEMENT_3D('',#9396,#7375,#7376);
#5872=AXIS2_PLACEMENT_3D('',#9398,#7378,#7379);
#5873=AXIS2_PLACEMENT_3D('',#9400,#7380,#7381);
#5874=AXIS2_PLACEMENT_3D('',#9401,#7382,#7383);
#5875=AXIS2_PLACEMENT_3D('',#9402,#7384,#7385);
#5876=AXIS2_PLACEMENT_3D('',#9404,#7386,#7387);
#5877=AXIS2_PLACEMENT_3D('',#9407,#7390,#7391);
#5878=AXIS2_PLACEMENT_3D('',#9409,#7392,#7393);
#5879=AXIS2_PLACEMENT_3D('',#9410,#7394,#7395);
#5880=AXIS2_PLACEMENT_3D('',#9411,#7396,#7397);
#5881=AXIS2_PLACEMENT_3D('',#9413,#7398,#7399);
#5882=AXIS2_PLACEMENT_3D('',#9415,#7401,#7402);
#5883=AXIS2_PLACEMENT_3D('',#9417,#7403,#7404);
#5884=AXIS2_PLACEMENT_3D('',#9418,#7405,#7406);
#5885=AXIS2_PLACEMENT_3D('',#9419,#7407,#7408);
#5886=AXIS2_PLACEMENT_3D('',#9421,#7410,#7411);
#5887=AXIS2_PLACEMENT_3D('',#9425,#7413,#7414);
#5888=AXIS2_PLACEMENT_3D('',#9428,#7416,#7417);
#5889=AXIS2_PLACEMENT_3D('',#9429,#7418,#7419);
#5890=AXIS2_PLACEMENT_3D('',#9432,#7421,#7422);
#5891=AXIS2_PLACEMENT_3D('',#9433,#7423,#7424);
#5892=AXIS2_PLACEMENT_3D('',#9437,#7427,#7428);
#5893=AXIS2_PLACEMENT_3D('',#9440,#7430,#7431);
#5894=AXIS2_PLACEMENT_3D('',#9441,#7432,#7433);
#5895=AXIS2_PLACEMENT_3D('',#9443,#7434,#7435);
#5896=AXIS2_PLACEMENT_3D('',#9444,#7436,#7437);
#5897=AXIS2_PLACEMENT_3D('',#9445,#7438,#7439);
#5898=AXIS2_PLACEMENT_3D('',#9447,#7441,#7442);
#5899=AXIS2_PLACEMENT_3D('',#9451,#7445,#7446);
#5900=AXIS2_PLACEMENT_3D('',#9452,#7447,#7448);
#5901=AXIS2_PLACEMENT_3D('',#9453,#7449,#7450);
#5902=AXIS2_PLACEMENT_3D('',#9455,#7451,#7452);
#5903=AXIS2_PLACEMENT_3D('',#9456,#7453,#7454);
#5904=AXIS2_PLACEMENT_3D('',#9457,#7455,#7456);
#5905=AXIS2_PLACEMENT_3D('',#9459,#7458,#7459);
#5906=AXIS2_PLACEMENT_3D('',#9461,#7460,#7461);
#5907=AXIS2_PLACEMENT_3D('',#9462,#7462,#7463);
#5908=AXIS2_PLACEMENT_3D('',#9464,#7465,#7466);
#5909=AXIS2_PLACEMENT_3D('',#9466,#7467,#7468);
#5910=AXIS2_PLACEMENT_3D('',#9468,#7470,#7471);
#5911=AXIS2_PLACEMENT_3D('',#9501,#7472,#7473);
#5912=AXIS2_PLACEMENT_3D('',#9502,#7474,#7475);
#5913=AXIS2_PLACEMENT_3D('',#9503,#7476,#7477);
#5914=AXIS2_PLACEMENT_3D('',#9536,#7478,#7479);
#5915=AXIS2_PLACEMENT_3D('',#9537,#7480,#7481);
#5916=AXIS2_PLACEMENT_3D('',#9538,#7482,#7483);
#5917=AXIS2_PLACEMENT_3D('',#9571,#7484,#7485);
#5918=AXIS2_PLACEMENT_3D('',#9572,#7486,#7487);
#5919=AXIS2_PLACEMENT_3D('',#9573,#7488,#7489);
#5920=AXIS2_PLACEMENT_3D('',#9606,#7490,#7491);
#5921=AXIS2_PLACEMENT_3D('',#9607,#7492,#7493);
#5922=AXIS2_PLACEMENT_3D('',#9608,#7494,#7495);
#5923=AXIS2_PLACEMENT_3D('',#9609,#7496,#7497);
#5924=AXIS2_PLACEMENT_3D('',#9612,#7499,#7500);
#5925=AXIS2_PLACEMENT_3D('',#9613,#7501,#7502);
#5926=AXIS2_PLACEMENT_3D('',#9615,#7503,#7504);
#5927=AXIS2_PLACEMENT_3D('',#9617,#7506,#7507);
#5928=AXIS2_PLACEMENT_3D('',#9619,#7508,#7509);
#5929=AXIS2_PLACEMENT_3D('',#9620,#7510,#7511);
#5930=AXIS2_PLACEMENT_3D('',#9621,#7512,#7513);
#5931=AXIS2_PLACEMENT_3D('',#9623,#7514,#7515);
#5932=AXIS2_PLACEMENT_3D('',#9625,#7517,#7518);
#5933=AXIS2_PLACEMENT_3D('',#9627,#7519,#7520);
#5934=AXIS2_PLACEMENT_3D('',#9628,#7521,#7522);
#5935=AXIS2_PLACEMENT_3D('',#9629,#7523,#7524);
#5936=AXIS2_PLACEMENT_3D('',#9631,#7525,#7526);
#5937=AXIS2_PLACEMENT_3D('',#9633,#7528,#7529);
#5938=AXIS2_PLACEMENT_3D('',#9635,#7530,#7531);
#5939=AXIS2_PLACEMENT_3D('',#9636,#7532,#7533);
#5940=AXIS2_PLACEMENT_3D('',#9637,#7534,#7535);
#5941=AXIS2_PLACEMENT_3D('',#9639,#7536,#7537);
#5942=AXIS2_PLACEMENT_3D('',#9641,#7539,#7540);
#5943=AXIS2_PLACEMENT_3D('',#9642,#7541,#7542);
#5944=AXIS2_PLACEMENT_3D('',#9643,#7543,#7544);
#5945=AXIS2_PLACEMENT_3D('',#9649,#7548,#7549);
#5946=AXIS2_PLACEMENT_3D('',#9651,#7550,#7551);
#5947=AXIS2_PLACEMENT_3D('',#9653,#7553,#7554);
#5948=AXIS2_PLACEMENT_3D('',#9655,#7555,#7556);
#5949=AXIS2_PLACEMENT_3D('',#9656,#7557,#7558);
#5950=AXIS2_PLACEMENT_3D('',#9657,#7559,#7560);
#5951=AXIS2_PLACEMENT_3D('',#9659,#7561,#7562);
#5952=AXIS2_PLACEMENT_3D('',#9661,#7564,#7565);
#5953=AXIS2_PLACEMENT_3D('',#9663,#7566,#7567);
#5954=AXIS2_PLACEMENT_3D('',#9664,#7568,#7569);
#5955=AXIS2_PLACEMENT_3D('',#9665,#7570,#7571);
#5956=AXIS2_PLACEMENT_3D('',#9667,#7572,#7573);
#5957=AXIS2_PLACEMENT_3D('',#9669,#7575,#7576);
#5958=AXIS2_PLACEMENT_3D('',#9671,#7577,#7578);
#5959=AXIS2_PLACEMENT_3D('',#9672,#7579,#7580);
#5960=AXIS2_PLACEMENT_3D('',#9673,#7581,#7582);
#5961=AXIS2_PLACEMENT_3D('',#9675,#7583,#7584);
#5962=AXIS2_PLACEMENT_3D('',#9677,#7586,#7587);
#5963=AXIS2_PLACEMENT_3D('',#9679,#7588,#7589);
#5964=AXIS2_PLACEMENT_3D('',#9680,#7590,#7591);
#5965=AXIS2_PLACEMENT_3D('',#9681,#7592,#7593);
#5966=AXIS2_PLACEMENT_3D('',#9683,#7595,#7596);
#5967=AXIS2_PLACEMENT_3D('',#9689,#7600,#7601);
#5968=AXIS2_PLACEMENT_3D('',#9691,#7602,#7603);
#5969=AXIS2_PLACEMENT_3D('',#9693,#7605,#7606);
#5970=AXIS2_PLACEMENT_3D('',#9696,#7608,#7609);
#5971=AXIS2_PLACEMENT_3D('',#9697,#7610,#7611);
#5972=AXIS2_PLACEMENT_3D('',#9710,#7613,#7614);
#5973=AXIS2_PLACEMENT_3D('',#9723,#7616,#7617);
#5974=AXIS2_PLACEMENT_3D('',#9736,#7619,#7620);
#5975=AXIS2_PLACEMENT_3D('',#9740,#7622,#7623);
#5976=AXIS2_PLACEMENT_3D('',#9744,#7625,#7626);
#5977=AXIS2_PLACEMENT_3D('',#9747,#7628,#7629);
#5978=AXIS2_PLACEMENT_3D('',#9749,#7630,#7631);
#5979=AXIS2_PLACEMENT_3D('',#9750,#7632,#7633);
#5980=AXIS2_PLACEMENT_3D('',#9761,#7634,#7635);
#5981=AXIS2_PLACEMENT_3D('',#9774,#7637,#7638);
#5982=AXIS2_PLACEMENT_3D('',#9776,#7639,#7640);
#5983=AXIS2_PLACEMENT_3D('',#9780,#7642,#7643);
#5984=AXIS2_PLACEMENT_3D('',#9783,#7645,#7646);
#5985=AXIS2_PLACEMENT_3D('',#9788,#7649,#7650);
#5986=AXIS2_PLACEMENT_3D('',#9789,#7651,#7652);
#5987=AXIS2_PLACEMENT_3D('',#9802,#7654,#7655);
#5988=AXIS2_PLACEMENT_3D('',#9805,#7657,#7658);
#5989=AXIS2_PLACEMENT_3D('',#9806,#7659,#7660);
#5990=AXIS2_PLACEMENT_3D('',#9807,#7661,#7662);
#5991=AXIS2_PLACEMENT_3D('',#9808,#7663,#7664);
#5992=AXIS2_PLACEMENT_3D('',#9809,#7665,#7666);
#5993=AXIS2_PLACEMENT_3D('',#9810,#7667,#7668);
#5994=AXIS2_PLACEMENT_3D('',#9812,#7670,#7671);
#5995=AXIS2_PLACEMENT_3D('',#9814,#7673,#7674);
#5996=AXIS2_PLACEMENT_3D('',#9827,#7676,#7677);
#5997=AXIS2_PLACEMENT_3D('',#9840,#7678,#7679);
#5998=AXIS2_PLACEMENT_3D('',#9843,#7681,#7682);
#5999=AXIS2_PLACEMENT_3D('',#9844,#7683,#7684);
#6000=AXIS2_PLACEMENT_3D('',#9846,#7686,#7687);
#6001=AXIS2_PLACEMENT_3D('',#9859,#7689,#7690);
#6002=AXIS2_PLACEMENT_3D('',#9872,#7691,#7692);
#6003=AXIS2_PLACEMENT_3D('',#9875,#7694,#7695);
#6004=AXIS2_PLACEMENT_3D('',#9876,#7696,#7697);
#6005=AXIS2_PLACEMENT_3D('',#9878,#7699,#7700);
#6006=AXIS2_PLACEMENT_3D('',#9880,#7702,#7703);
#6007=AXIS2_PLACEMENT_3D('',#9882,#7705,#7706);
#6008=AXIS2_PLACEMENT_3D('',#9895,#7708,#7709);
#6009=AXIS2_PLACEMENT_3D('',#9908,#7711,#7712);
#6010=AXIS2_PLACEMENT_3D('',#9910,#7714,#7715);
#6011=AXIS2_PLACEMENT_3D('',#9912,#7717,#7718);
#6012=AXIS2_PLACEMENT_3D('',#9915,#7721,#7722);
#6013=AXIS2_PLACEMENT_3D('',#9916,#7723,#7724);
#6014=AXIS2_PLACEMENT_3D('',#9917,#7725,#7726);
#6015=AXIS2_PLACEMENT_3D('',#9919,#7727,#7728);
#6016=AXIS2_PLACEMENT_3D('',#9922,#7730,#7731);
#6017=AXIS2_PLACEMENT_3D('',#9923,#7732,#7733);
#6018=AXIS2_PLACEMENT_3D('',#9926,#7734,#7735);
#6019=AXIS2_PLACEMENT_3D('',#9930,#7737,#7738);
#6020=AXIS2_PLACEMENT_3D('',#9932,#7740,#7741);
#6021=AXIS2_PLACEMENT_3D('',#9935,#7744,#7745);
#6022=AXIS2_PLACEMENT_3D('',#9938,#7748,#7749);
#6023=AXIS2_PLACEMENT_3D('',#9939,#7750,#7751);
#6024=AXIS2_PLACEMENT_3D('',#9940,#7752,#7753);
#6025=AXIS2_PLACEMENT_3D('',#9941,#7754,#7755);
#6026=AXIS2_PLACEMENT_3D('',#9942,#7756,#7757);
#6027=DIRECTION('axis',(0.,0.,1.));
#6028=DIRECTION('refdir',(1.,0.,0.));
#6029=DIRECTION('axis',(0.,0.,1.));
#6030=DIRECTION('refdir',(1.,0.,0.));
#6031=DIRECTION('center_axis',(-0.577350269189627,0.577350269189625,-0.577350269189626));
#6032=DIRECTION('ref_axis',(-0.707106781186547,2.77555756156289E-16,0.707106781186548));
#6033=DIRECTION('center_axis',(-0.581238193719096,-0.813733471206735,-1.29060805091696E-16));
#6034=DIRECTION('ref_axis',(0.813733471206735,-0.581238193719096,0.));
#6035=DIRECTION('center_axis',(-0.581238193719096,-0.813733471206735,-1.29060805091696E-16));
#6036=DIRECTION('ref_axis',(0.813733471206735,-0.581238193719096,0.));
#6037=DIRECTION('center_axis',(0.813733471206735,0.581238193719096,0.));
#6038=DIRECTION('ref_axis',(0.581238193719096,-0.813733471206735,0.));
#6039=DIRECTION('center_axis',(-0.577350269189626,0.577350269189626,-0.577350269189626));
#6040=DIRECTION('ref_axis',(-0.408248290463863,0.408248290463863,0.816496580927726));
#6041=DIRECTION('',(-0.577350269189626,0.577350269189626,-0.577350269189626));
#6042=DIRECTION('center_axis',(0.,0.,-1.));
#6043=DIRECTION('ref_axis',(-0.707106781186547,0.707106781186548,0.));
#6044=DIRECTION('',(0.577350269189626,-0.577350269189626,0.577350269189626));
#6045=DIRECTION('center_axis',(-0.577350269189626,-0.577350269189626,0.577350269189626));
#6046=DIRECTION('ref_axis',(0.408248290463863,0.408248290463863,0.816496580927726));
#6047=DIRECTION('center_axis',(0.,0.,-1.));
#6048=DIRECTION('ref_axis',(0.707106781186548,0.707106781186547,8.01234452659818E-17));
#6049=DIRECTION('',(-0.577350269189626,-0.577350269189626,0.577350269189626));
#6050=DIRECTION('center_axis',(-0.577350269189626,-0.577350269189626,0.577350269189626));
#6051=DIRECTION('ref_axis',(0.707106781186548,0.,0.707106781186548));
#6052=DIRECTION('',(0.577350269189626,0.577350269189626,-0.577350269189626));
#6053=DIRECTION('center_axis',(-0.813733471206735,0.581238193719096,-1.80685127128374E-16));
#6054=DIRECTION('ref_axis',(-0.581238193719096,-0.813733471206735,0.));
#6055=DIRECTION('center_axis',(0.581238193719096,-0.813733471206735,0.));
#6056=DIRECTION('ref_axis',(-0.813733471206735,-0.581238193719097,0.));
#6057=DIRECTION('center_axis',(0.581238193719096,-0.813733471206735,0.));
#6058=DIRECTION('ref_axis',(-0.813733471206735,-0.581238193719097,0.));
#6059=DIRECTION('center_axis',(0.577350269189626,-0.577350269189626,-0.577350269189626));
#6060=DIRECTION('ref_axis',(0.707106781186547,-2.77555756156289E-16,0.707106781186548));
#6061=DIRECTION('center_axis',(0.581238193719096,0.813733471206735,1.29060805091696E-16));
#6062=DIRECTION('ref_axis',(-0.813733471206735,0.581238193719097,0.));
#6063=DIRECTION('center_axis',(0.581238193719096,0.813733471206735,1.29060805091696E-16));
#6064=DIRECTION('ref_axis',(-0.813733471206735,0.581238193719097,0.));
#6065=DIRECTION('center_axis',(-0.813733471206735,-0.581238193719096,0.));
#6066=DIRECTION('ref_axis',(-0.581238193719096,0.813733471206735,0.));
#6067=DIRECTION('center_axis',(0.577350269189626,-0.577350269189626,-0.577350269189626));
#6068=DIRECTION('ref_axis',(0.408248290463863,-0.408248290463863,0.816496580927726));
#6069=DIRECTION('',(0.577350269189626,-0.577350269189626,-0.577350269189626));
#6070=DIRECTION('center_axis',(0.,0.,-1.));
#6071=DIRECTION('ref_axis',(0.707106781186548,-0.707106781186547,8.01234452659818E-17));
#6072=DIRECTION('',(-0.577350269189626,0.577350269189626,0.577350269189626));
#6073=DIRECTION('center_axis',(0.577350269189626,0.577350269189626,0.577350269189626));
#6074=DIRECTION('ref_axis',(-0.408248290463863,-0.408248290463864,0.816496580927726));
#6075=DIRECTION('center_axis',(0.,0.,-1.));
#6076=DIRECTION('ref_axis',(-0.707106781186547,-0.707106781186548,0.));
#6077=DIRECTION('',(0.577350269189626,0.577350269189626,0.577350269189626));
#6078=DIRECTION('center_axis',(0.577350269189627,0.577350269189624,0.577350269189627));
#6079=DIRECTION('ref_axis',(-0.707106781186548,2.77555756156289E-16,0.707106781186547));
#6080=DIRECTION('',(-0.577350269189626,-0.577350269189626,-0.577350269189626));
#6081=DIRECTION('center_axis',(0.813733471206735,-0.581238193719096,1.80685127128374E-16));
#6082=DIRECTION('ref_axis',(0.581238193719096,0.813733471206735,0.));
#6083=DIRECTION('center_axis',(-0.581238193719096,0.813733471206735,0.));
#6084=DIRECTION('ref_axis',(0.813733471206735,0.581238193719097,0.));
#6085=DIRECTION('center_axis',(-0.581238193719096,0.813733471206735,0.));
#6086=DIRECTION('ref_axis',(0.813733471206735,0.581238193719097,0.));
#6087=DIRECTION('center_axis',(0.,-0.707106781186548,-0.707106781186547));
#6088=DIRECTION('ref_axis',(0.,0.707106781186547,-0.707106781186548));
#6089=DIRECTION('',(1.,0.,0.));
#6090=DIRECTION('',(0.,-0.707106781186547,0.707106781186548));
#6091=DIRECTION('',(1.,0.,0.));
#6092=DIRECTION('center_axis',(0.707106781186548,0.,-0.707106781186547));
#6093=DIRECTION('ref_axis',(-0.707106781186547,0.,-0.707106781186548));
#6094=DIRECTION('',(0.,1.,0.));
#6095=DIRECTION('',(0.707106781186547,0.,0.707106781186548));
#6096=DIRECTION('',(0.,1.,0.));
#6097=DIRECTION('center_axis',(-0.707106781186547,0.,-0.707106781186548));
#6098=DIRECTION('ref_axis',(-0.707106781186548,0.,0.707106781186547));
#6099=DIRECTION('',(0.,1.,0.));
#6100=DIRECTION('',(-0.707106781186548,0.,0.707106781186547));
#6101=DIRECTION('',(0.,1.,0.));
#6102=DIRECTION('center_axis',(1.,0.,0.));
#6103=DIRECTION('ref_axis',(0.,0.707106781186547,-0.707106781186547));
#6104=DIRECTION('',(1.,0.,0.));
#6105=DIRECTION('center_axis',(1.,0.,0.));
#6106=DIRECTION('ref_axis',(0.,0.707106781186547,-0.707106781186547));
#6107=DIRECTION('center_axis',(1.,0.,0.));
#6108=DIRECTION('ref_axis',(0.,-2.22044604925031E-16,1.));
#6109=DIRECTION('center_axis',(1.,0.,0.));
#6110=DIRECTION('ref_axis',(0.,0.707106781186547,-0.707106781186547));
#6111=DIRECTION('center_axis',(1.,0.,0.));
#6112=DIRECTION('ref_axis',(0.,0.707106781186547,-0.707106781186547));
#6113=DIRECTION('center_axis',(1.,0.,0.));
#6114=DIRECTION('ref_axis',(0.,0.707106781186547,-0.707106781186547));
#6115=DIRECTION('center_axis',(0.,1.,0.));
#6116=DIRECTION('ref_axis',(-2.22044604925031E-16,0.,1.));
#6117=DIRECTION('',(0.,1.,0.));
#6118=DIRECTION('center_axis',(0.,1.,0.));
#6119=DIRECTION('ref_axis',(-0.707106781186547,0.,-0.707106781186548));
#6120=DIRECTION('center_axis',(1.,0.,0.));
#6121=DIRECTION('ref_axis',(0.,0.707106781186547,-0.707106781186547));
#6122=DIRECTION('center_axis',(1.,0.,0.));
#6123=DIRECTION('ref_axis',(0.,0.707106781186547,-0.707106781186547));
#6124=DIRECTION('',(1.,0.,0.));
#6125=DIRECTION('center_axis',(1.,0.,0.));
#6126=DIRECTION('ref_axis',(0.,1.11022302462516E-16,1.));
#6127=DIRECTION('center_axis',(1.,0.,0.));
#6128=DIRECTION('ref_axis',(0.,0.707106781186547,-0.707106781186547));
#6129=DIRECTION('center_axis',(0.707106781186548,0.,-0.707106781186547));
#6130=DIRECTION('ref_axis',(-0.707106781186547,0.,-0.707106781186548));
#6131=DIRECTION('',(0.,1.,0.));
#6132=DIRECTION('',(-0.707106781186547,0.,-0.707106781186548));
#6133=DIRECTION('center_axis',(0.,-1.,0.));
#6134=DIRECTION('ref_axis',(1.,0.,0.));
#6135=DIRECTION('center_axis',(0.,1.,0.));
#6136=DIRECTION('ref_axis',(1.,0.,0.));
#6137=DIRECTION('',(0.,1.,0.));
#6138=DIRECTION('center_axis',(0.,-1.,0.));
#6139=DIRECTION('ref_axis',(1.,0.,0.));
#6140=DIRECTION('center_axis',(0.,1.,0.));
#6141=DIRECTION('ref_axis',(1.,0.,0.));
#6142=DIRECTION('center_axis',(0.,-1.,0.));
#6143=DIRECTION('ref_axis',(1.,0.,0.));
#6144=DIRECTION('center_axis',(0.,-1.,0.));
#6145=DIRECTION('ref_axis',(1.,0.,0.));
#6146=DIRECTION('',(0.,-1.,0.));
#6147=DIRECTION('center_axis',(0.,-1.,0.));
#6148=DIRECTION('ref_axis',(1.,0.,0.));
#6149=DIRECTION('center_axis',(0.,1.,0.));
#6150=DIRECTION('ref_axis',(1.,0.,0.));
#6151=DIRECTION('center_axis',(-0.707106781186547,0.,-0.707106781186548));
#6152=DIRECTION('ref_axis',(-0.707106781186548,0.,0.707106781186547));
#6153=DIRECTION('',(0.,1.,0.));
#6154=DIRECTION('',(0.707106781186548,0.,-0.707106781186547));
#6155=DIRECTION('',(0.,1.,0.));
#6156=DIRECTION('center_axis',(0.,1.,0.));
#6157=DIRECTION('ref_axis',(-2.22044604925031E-16,0.,1.));
#6158=DIRECTION('center_axis',(0.,-1.,0.));
#6159=DIRECTION('ref_axis',(-0.707106781186547,0.,-0.707106781186548));
#6160=DIRECTION('center_axis',(0.,1.,0.));
#6161=DIRECTION('ref_axis',(1.,0.,0.));
#6162=DIRECTION('',(1.,0.,0.));
#6163=DIRECTION('',(1.,0.,0.));
#6164=DIRECTION('center_axis',(0.,1.,0.));
#6165=DIRECTION('ref_axis',(1.,0.,0.));
#6166=DIRECTION('',(-1.,0.,0.));
#6167=DIRECTION('',(-1.,0.,0.));
#6168=DIRECTION('center_axis',(0.,-0.707106781186548,-0.707106781186547));
#6169=DIRECTION('ref_axis',(0.,0.707106781186547,-0.707106781186548));
#6170=DIRECTION('',(1.,0.,0.));
#6171=DIRECTION('',(0.,0.707106781186547,-0.707106781186548));
#6172=DIRECTION('',(1.,0.,0.));
#6173=DIRECTION('center_axis',(1.,0.,0.));
#6174=DIRECTION('ref_axis',(0.,0.707106781186547,-0.707106781186547));
#6175=DIRECTION('center_axis',(1.,0.,0.));
#6176=DIRECTION('ref_axis',(0.,0.707106781186547,-0.707106781186547));
#6177=DIRECTION('center_axis',(0.,0.707106781186548,-0.707106781186547));
#6178=DIRECTION('ref_axis',(0.,0.707106781186547,0.707106781186548));
#6179=DIRECTION('',(1.,0.,0.));
#6180=DIRECTION('',(0.,0.707106781186547,0.707106781186548));
#6181=DIRECTION('center_axis',(1.,0.,0.));
#6182=DIRECTION('ref_axis',(0.,1.,0.));
#6183=DIRECTION('center_axis',(-1.,0.,0.));
#6184=DIRECTION('ref_axis',(0.,1.,0.));
#6185=DIRECTION('',(-1.,0.,0.));
#6186=DIRECTION('center_axis',(-1.,0.,0.));
#6187=DIRECTION('ref_axis',(0.,1.,0.));
#6188=DIRECTION('center_axis',(0.,0.,-1.));
#6189=DIRECTION('ref_axis',(-1.,0.,0.));
#6190=DIRECTION('',(0.,1.,0.));
#6191=DIRECTION('',(0.,-1.,0.));
#6192=DIRECTION('',(1.,0.,0.));
#6193=DIRECTION('center_axis',(0.,0.,-1.));
#6194=DIRECTION('ref_axis',(0.,1.,0.));
#6195=DIRECTION('',(1.,0.,0.));
#6196=DIRECTION('',(0.,1.,0.));
#6197=DIRECTION('center_axis',(0.,0.,-1.));
#6198=DIRECTION('ref_axis',(-1.,0.,0.));
#6199=DIRECTION('',(0.,1.,0.));
#6200=DIRECTION('',(0.,1.,0.));
#6201=DIRECTION('center_axis',(0.,0.,-1.));
#6202=DIRECTION('ref_axis',(0.,1.,0.));
#6203=DIRECTION('',(1.,0.,0.));
#6204=DIRECTION('',(0.,1.,0.));
#6205=DIRECTION('center_axis',(0.,0.707106781186548,-0.707106781186547));
#6206=DIRECTION('ref_axis',(0.,0.707106781186547,0.707106781186548));
#6207=DIRECTION('',(0.,0.707106781186547,0.707106781186548));
#6208=DIRECTION('center_axis',(1.,0.,0.));
#6209=DIRECTION('ref_axis',(0.,1.,0.));
#6210=DIRECTION('center_axis',(1.,0.,0.));
#6211=DIRECTION('ref_axis',(0.,1.,0.));
#6212=DIRECTION('axis',(0.,0.,1.));
#6213=DIRECTION('refdir',(1.,0.,0.));
#6214=DIRECTION('center_axis',(0.,-1.,0.));
#6215=DIRECTION('ref_axis',(-0.707106781186546,0.,-0.707106781186549));
#6216=DIRECTION('',(0.,-1.,0.));
#6217=DIRECTION('center_axis',(0.,-1.,0.));
#6218=DIRECTION('ref_axis',(-0.707106781186546,0.,-0.707106781186549));
#6219=DIRECTION('',(0.,1.,0.));
#6220=DIRECTION('center_axis',(-0.707106781186548,0.707106781186548,0.));
#6221=DIRECTION('ref_axis',(0.707106781186548,0.707106781186548,0.));
#6222=DIRECTION('center_axis',(0.,1.,0.));
#6223=DIRECTION('ref_axis',(0.707106781186548,0.,-0.707106781186548));
#6224=DIRECTION('',(0.,-1.,0.));
#6225=DIRECTION('center_axis',(0.,-1.,0.));
#6226=DIRECTION('ref_axis',(0.707106781186548,0.,-0.707106781186548));
#6227=DIRECTION('',(0.,1.,0.));
#6228=DIRECTION('center_axis',(0.707106781186548,0.707106781186548,0.));
#6229=DIRECTION('ref_axis',(0.707106781186548,-0.707106781186548,0.));
#6230=DIRECTION('center_axis',(1.,0.,0.));
#6231=DIRECTION('ref_axis',(0.,-0.707106781186551,-0.707106781186544));
#6232=DIRECTION('',(-1.,0.,0.));
#6233=DIRECTION('',(1.,0.,0.));
#6234=DIRECTION('center_axis',(1.,0.,0.));
#6235=DIRECTION('ref_axis',(0.,0.,-1.));
#6236=DIRECTION('',(0.,0.,-1.));
#6237=DIRECTION('',(0.,1.,0.));
#6238=DIRECTION('',(0.,0.,1.));
#6239=DIRECTION('center_axis',(0.,1.,0.));
#6240=DIRECTION('ref_axis',(0.,0.,1.));
#6241=DIRECTION('',(-8.45884209238214E-16,0.,1.));
#6242=DIRECTION('',(1.,0.,0.));
#6243=DIRECTION('',(8.88178419700124E-16,0.,-1.));
#6244=DIRECTION('',(1.,0.,8.88178419700124E-16));
#6245=DIRECTION('',(1.77635683940025E-15,0.,1.));
#6246=DIRECTION('',(1.,0.,0.));
#6247=DIRECTION('center_axis',(-1.,0.,-8.45884209238214E-16));
#6248=DIRECTION('ref_axis',(-8.45884209238214E-16,0.,1.));
#6249=DIRECTION('',(-8.45884209238214E-16,0.,1.));
#6250=DIRECTION('',(0.,1.,0.));
#6251=DIRECTION('center_axis',(1.,0.,0.));
#6252=DIRECTION('ref_axis',(0.,-0.707106781186549,-0.707106781186546));
#6253=DIRECTION('',(-1.,0.,0.));
#6254=DIRECTION('center_axis',(-1.,0.,0.));
#6255=DIRECTION('ref_axis',(0.,-0.707106781186549,-0.707106781186546));
#6256=DIRECTION('',(1.,0.,0.));
#6257=DIRECTION('center_axis',(0.707106781186548,-0.707106781186548,0.));
#6258=DIRECTION('ref_axis',(-0.707106781186548,-0.707106781186548,0.));
#6259=DIRECTION('center_axis',(-1.,0.,0.));
#6260=DIRECTION('ref_axis',(0.,0.707106781186548,-0.707106781186548));
#6261=DIRECTION('',(-1.,0.,0.));
#6262=DIRECTION('center_axis',(-1.,0.,0.));
#6263=DIRECTION('ref_axis',(0.,0.707106781186548,-0.707106781186548));
#6264=DIRECTION('',(1.,0.,0.));
#6265=DIRECTION('center_axis',(0.707106781186548,0.707106781186548,0.));
#6266=DIRECTION('ref_axis',(0.707106781186548,-0.707106781186548,0.));
#6267=DIRECTION('center_axis',(0.,-1.,0.));
#6268=DIRECTION('ref_axis',(-0.707106781186548,0.,-0.707106781186548));
#6269=DIRECTION('',(0.,-1.,0.));
#6270=DIRECTION('',(0.,1.,0.));
#6271=DIRECTION('center_axis',(0.,0.,-1.));
#6272=DIRECTION('ref_axis',(1.,0.,0.));
#6273=DIRECTION('center_axis',(0.,0.,-1.));
#6274=DIRECTION('ref_axis',(0.707106781186547,0.707106781186547,0.));
#6275=DIRECTION('',(1.,-4.60196072383485E-17,0.));
#6276=DIRECTION('center_axis',(0.,0.,-1.));
#6277=DIRECTION('ref_axis',(-0.707106781186547,0.707106781186547,0.));
#6278=DIRECTION('',(-2.4168120263949E-16,1.,0.));
#6279=DIRECTION('center_axis',(0.,0.,-1.));
#6280=DIRECTION('ref_axis',(-0.707106781186548,-0.707106781186547,0.));
#6281=DIRECTION('',(-1.,4.60196072383485E-17,0.));
#6282=DIRECTION('center_axis',(0.,0.,-1.));
#6283=DIRECTION('ref_axis',(0.707106781186547,-0.707106781186547,0.));
#6284=DIRECTION('',(1.20840601319745E-16,-1.,0.));
#6285=DIRECTION('',(-1.,0.,0.));
#6286=DIRECTION('center_axis',(0.,0.,1.));
#6287=DIRECTION('ref_axis',(-0.707106781186548,0.707106781186547,0.));
#6288=DIRECTION('',(-1.,7.65671051465625E-17,0.));
#6289=DIRECTION('center_axis',(0.,0.,1.));
#6290=DIRECTION('ref_axis',(0.707106781186547,0.707106781186547,0.));
#6291=DIRECTION('',(0.,1.,0.));
#6292=DIRECTION('center_axis',(0.,0.,1.));
#6293=DIRECTION('ref_axis',(0.707106781186547,-0.707106781186548,0.));
#6294=DIRECTION('',(1.,0.,0.));
#6295=DIRECTION('center_axis',(0.,0.,1.));
#6296=DIRECTION('ref_axis',(-0.707106781186549,-0.707106781186546,0.));
#6297=DIRECTION('',(0.,-1.,0.));
#6298=DIRECTION('center_axis',(0.,0.,1.));
#6299=DIRECTION('ref_axis',(-1.,0.,0.));
#6300=DIRECTION('center_axis',(0.,0.,1.));
#6301=DIRECTION('ref_axis',(-1.,0.,0.));
#6302=DIRECTION('',(-3.79276051283971E-17,1.,0.));
#6303=DIRECTION('center_axis',(0.,0.,1.));
#6304=DIRECTION('ref_axis',(0.894427196331114,-0.447213584837561,0.));
#6305=DIRECTION('',(1.,0.,0.));
#6306=DIRECTION('center_axis',(0.,0.,1.));
#6307=DIRECTION('ref_axis',(-0.894427196331123,-0.447213584837544,0.));
#6308=DIRECTION('',(3.79276051283971E-17,-1.,0.));
#6309=DIRECTION('center_axis',(0.,0.,1.));
#6310=DIRECTION('ref_axis',(-0.894427196331114,0.447213584837561,0.));
#6311=DIRECTION('',(-1.,0.,0.));
#6312=DIRECTION('center_axis',(0.,0.,1.));
#6313=DIRECTION('ref_axis',(0.894427196331123,0.447213584837544,0.));
#6314=DIRECTION('',(0.,1.,0.));
#6315=DIRECTION('center_axis',(0.,0.,1.));
#6316=DIRECTION('ref_axis',(-1.,0.,0.));
#6317=DIRECTION('center_axis',(0.,0.,1.));
#6318=DIRECTION('ref_axis',(-1.,0.,0.));
#6319=DIRECTION('center_axis',(0.,0.,1.));
#6320=DIRECTION('ref_axis',(1.,0.,0.));
#6321=DIRECTION('center_axis',(1.,0.,0.));
#6322=DIRECTION('ref_axis',(0.,-1.,0.));
#6323=DIRECTION('center_axis',(0.,-1.,0.));
#6324=DIRECTION('ref_axis',(0.,0.,-1.));
#6325=DIRECTION('center_axis',(0.,0.,-1.));
#6326=DIRECTION('ref_axis',(-0.707106781186548,0.707106781186547,0.));
#6327=DIRECTION('center_axis',(0.,1.,0.));
#6328=DIRECTION('ref_axis',(0.707106781186551,0.,-0.707106781186544));
#6329=DIRECTION('center_axis',(-4.44089209850062E-15,-1.,0.));
#6330=DIRECTION('ref_axis',(0.,0.,-1.));
#6331=DIRECTION('',(0.,1.,0.));
#6332=DIRECTION('center_axis',(0.,0.,1.));
#6333=DIRECTION('ref_axis',(1.,0.,0.));
#6334=DIRECTION('center_axis',(1.,0.,0.));
#6335=DIRECTION('ref_axis',(0.,0.,-1.));
#6336=DIRECTION('center_axis',(0.,0.,-1.));
#6337=DIRECTION('ref_axis',(-0.707106781186549,-0.707106781186546,0.));
#6338=DIRECTION('center_axis',(-1.,0.,0.));
#6339=DIRECTION('ref_axis',(0.,0.707106781186551,-0.707106781186544));
#6340=DIRECTION('center_axis',(1.,0.,0.));
#6341=DIRECTION('ref_axis',(0.,0.,-1.));
#6342=DIRECTION('',(-1.,0.,0.));
#6343=DIRECTION('center_axis',(0.,0.,1.));
#6344=DIRECTION('ref_axis',(1.,0.,0.));
#6345=DIRECTION('center_axis',(0.,1.,0.));
#6346=DIRECTION('ref_axis',(0.,0.,-1.));
#6347=DIRECTION('center_axis',(0.,0.,-1.));
#6348=DIRECTION('ref_axis',(0.707106781186547,-0.707106781186548,0.));
#6349=DIRECTION('center_axis',(0.,-1.,0.));
#6350=DIRECTION('ref_axis',(-0.707106781186549,0.,-0.707106781186546));
#6351=DIRECTION('center_axis',(0.,1.,0.));
#6352=DIRECTION('ref_axis',(0.,0.,-1.));
#6353=DIRECTION('',(0.,-1.,0.));
#6354=DIRECTION('center_axis',(0.,0.,1.));
#6355=DIRECTION('ref_axis',(1.,0.,0.));
#6356=DIRECTION('center_axis',(-1.,0.,0.));
#6357=DIRECTION('ref_axis',(0.,0.,-1.));
#6358=DIRECTION('center_axis',(0.,0.,-1.));
#6359=DIRECTION('ref_axis',(0.707106781186547,0.707106781186547,0.));
#6360=DIRECTION('center_axis',(1.,-7.65671051465625E-17,0.));
#6361=DIRECTION('ref_axis',(-1.96261557335472E-16,-0.707106781186549,-0.707106781186546));
#6362=DIRECTION('',(1.,-7.65671051465625E-17,0.));
#6363=DIRECTION('center_axis',(1.,0.,0.));
#6364=DIRECTION('ref_axis',(0.,1.,0.));
#6365=DIRECTION('',(0.,0.,-1.));
#6366=DIRECTION('',(0.,1.,0.));
#6367=DIRECTION('',(0.,0.,1.));
#6368=DIRECTION('center_axis',(0.,0.,1.));
#6369=DIRECTION('ref_axis',(0.707106781186547,0.707106781186547,0.));
#6370=DIRECTION('',(0.,0.,1.));
#6371=DIRECTION('center_axis',(0.,0.,-1.));
#6372=DIRECTION('ref_axis',(0.707106781186547,0.707106781186547,0.));
#6373=DIRECTION('center_axis',(7.65671051465625E-17,1.,0.));
#6374=DIRECTION('ref_axis',(-1.,7.65671051465625E-17,0.));
#6375=DIRECTION('',(0.,0.,-1.));
#6376=DIRECTION('',(-1.,7.65671051465625E-17,0.));
#6377=DIRECTION('center_axis',(0.,0.,1.));
#6378=DIRECTION('ref_axis',(-0.707106781186546,0.707106781186549,0.));
#6379=DIRECTION('',(0.,0.,1.));
#6380=DIRECTION('center_axis',(0.,0.,-1.));
#6381=DIRECTION('ref_axis',(-0.707106781186546,0.707106781186549,0.));
#6382=DIRECTION('center_axis',(0.,0.,1.));
#6383=DIRECTION('ref_axis',(0.707106781186548,-0.707106781186548,0.));
#6384=DIRECTION('center_axis',(0.,0.,1.));
#6385=DIRECTION('ref_axis',(0.707106781186548,-0.707106781186548,0.));
#6386=DIRECTION('',(0.,0.,1.));
#6387=DIRECTION('center_axis',(0.,0.,1.));
#6388=DIRECTION('ref_axis',(0.707106781186548,-0.707106781186548,0.));
#6389=DIRECTION('',(0.,0.,-1.));
#6390=DIRECTION('center_axis',(-1.,0.,0.));
#6391=DIRECTION('ref_axis',(0.,-1.,0.));
#6392=DIRECTION('',(0.,-1.,0.));
#6393=DIRECTION('',(0.,0.,1.));
#6394=DIRECTION('',(0.,1.,0.));
#6395=DIRECTION('center_axis',(0.,0.,1.));
#6396=DIRECTION('ref_axis',(-0.707106781186548,-0.707106781186548,0.));
#6397=DIRECTION('center_axis',(0.,0.,1.));
#6398=DIRECTION('ref_axis',(-0.707106781186548,-0.707106781186548,0.));
#6399=DIRECTION('',(0.,0.,1.));
#6400=DIRECTION('center_axis',(0.,0.,1.));
#6401=DIRECTION('ref_axis',(-0.707106781186548,-0.707106781186548,0.));
#6402=DIRECTION('',(0.,0.,-1.));
#6403=DIRECTION('center_axis',(0.,1.,0.));
#6404=DIRECTION('ref_axis',(-1.,0.,0.));
#6405=DIRECTION('',(1.,0.,0.));
#6406=DIRECTION('',(-1.,0.,0.));
#6407=DIRECTION('center_axis',(0.,0.,1.));
#6408=DIRECTION('ref_axis',(-0.707106781186546,0.707106781186549,0.));
#6409=DIRECTION('center_axis',(0.,0.,1.));
#6410=DIRECTION('ref_axis',(-0.707106781186546,0.707106781186549,0.));
#6411=DIRECTION('',(0.,0.,1.));
#6412=DIRECTION('center_axis',(0.,0.,1.));
#6413=DIRECTION('ref_axis',(-0.707106781186546,0.707106781186549,0.));
#6414=DIRECTION('',(0.,0.,-1.));
#6415=DIRECTION('center_axis',(1.,0.,0.));
#6416=DIRECTION('ref_axis',(0.,1.,0.));
#6417=DIRECTION('',(0.,-1.,0.));
#6418=DIRECTION('',(0.,1.,0.));
#6419=DIRECTION('center_axis',(0.,0.,1.));
#6420=DIRECTION('ref_axis',(0.707106781186549,0.707106781186546,0.));
#6421=DIRECTION('center_axis',(0.,0.,1.));
#6422=DIRECTION('ref_axis',(0.707106781186549,0.707106781186546,0.));
#6423=DIRECTION('center_axis',(0.,0.,1.));
#6424=DIRECTION('ref_axis',(0.707106781186549,0.707106781186546,0.));
#6425=DIRECTION('',(0.,0.,-1.));
#6426=DIRECTION('center_axis',(0.,-1.,0.));
#6427=DIRECTION('ref_axis',(1.,0.,0.));
#6428=DIRECTION('',(-1.,0.,0.));
#6429=DIRECTION('',(1.,0.,0.));
#6430=DIRECTION('center_axis',(0.,0.,1.));
#6431=DIRECTION('ref_axis',(1.,0.,0.));
#6432=DIRECTION('',(0.,-1.,0.));
#6433=DIRECTION('center_axis',(0.,0.,-1.));
#6434=DIRECTION('ref_axis',(-0.70710678118655,-0.707106781186545,0.));
#6435=DIRECTION('',(1.,0.,0.));
#6436=DIRECTION('center_axis',(0.,0.,-1.));
#6437=DIRECTION('ref_axis',(0.707106781186546,-0.707106781186549,0.));
#6438=DIRECTION('center_axis',(0.,0.,1.));
#6439=DIRECTION('ref_axis',(0.707106781186546,-0.707106781186549,0.));
#6440=DIRECTION('',(0.,0.,-1.));
#6441=DIRECTION('center_axis',(0.,-1.,0.));
#6442=DIRECTION('ref_axis',(1.,0.,0.));
#6443=DIRECTION('',(0.,0.,1.));
#6444=DIRECTION('center_axis',(0.,0.,1.));
#6445=DIRECTION('ref_axis',(-0.70710678118655,-0.707106781186545,0.));
#6446=DIRECTION('',(0.,0.,-1.));
#6447=DIRECTION('center_axis',(-1.,0.,0.));
#6448=DIRECTION('ref_axis',(0.,-1.,0.));
#6449=DIRECTION('center_axis',(0.,0.,-1.));
#6450=DIRECTION('ref_axis',(1.,0.,0.));
#6451=DIRECTION('center_axis',(0.,0.,1.));
#6452=DIRECTION('ref_axis',(-1.,0.,0.));
#6453=DIRECTION('center_axis',(0.,0.,1.));
#6454=DIRECTION('ref_axis',(-1.,0.,0.));
#6455=DIRECTION('',(-0.707106781186554,-8.65956056235501E-17,-0.707106781186541));
#6456=DIRECTION('center_axis',(0.,0.,-1.));
#6457=DIRECTION('ref_axis',(-1.,0.,0.));
#6458=DIRECTION('center_axis',(0.,0.,-1.));
#6459=DIRECTION('ref_axis',(-1.,0.,0.));
#6460=DIRECTION('',(0.,0.,-1.));
#6461=DIRECTION('center_axis',(0.,0.,-1.));
#6462=DIRECTION('ref_axis',(-1.,0.,0.));
#6463=DIRECTION('center_axis',(0.,0.,1.));
#6464=DIRECTION('ref_axis',(-1.,0.,0.));
#6465=DIRECTION('center_axis',(0.,0.,1.));
#6466=DIRECTION('ref_axis',(-1.,0.,0.));
#6467=DIRECTION('',(-0.707106781186554,-8.65956056235501E-17,-0.707106781186541));
#6468=DIRECTION('center_axis',(0.,0.,-1.));
#6469=DIRECTION('ref_axis',(-1.,0.,0.));
#6470=DIRECTION('center_axis',(0.,0.,-1.));
#6471=DIRECTION('ref_axis',(-1.,0.,0.));
#6472=DIRECTION('',(0.,0.,-1.));
#6473=DIRECTION('center_axis',(0.,0.,-1.));
#6474=DIRECTION('ref_axis',(-1.,0.,0.));
#6475=DIRECTION('center_axis',(0.,0.,1.));
#6476=DIRECTION('ref_axis',(-1.,0.,0.));
#6477=DIRECTION('center_axis',(0.,0.,1.));
#6478=DIRECTION('ref_axis',(-1.,0.,0.));
#6479=DIRECTION('',(-0.707106781186548,-8.65956056235493E-17,-0.707106781186548));
#6480=DIRECTION('center_axis',(0.,0.,-1.));
#6481=DIRECTION('ref_axis',(-1.,0.,0.));
#6482=DIRECTION('center_axis',(0.,0.,-1.));
#6483=DIRECTION('ref_axis',(-1.,0.,0.));
#6484=DIRECTION('',(0.,0.,-1.));
#6485=DIRECTION('center_axis',(0.,0.,-1.));
#6486=DIRECTION('ref_axis',(-1.,0.,0.));
#6487=DIRECTION('center_axis',(0.,0.,1.));
#6488=DIRECTION('ref_axis',(-1.,0.,0.));
#6489=DIRECTION('center_axis',(0.,0.,1.));
#6490=DIRECTION('ref_axis',(-1.,0.,0.));
#6491=DIRECTION('',(-0.707106781186548,-8.65956056235493E-17,-0.707106781186548));
#6492=DIRECTION('center_axis',(0.,0.,-1.));
#6493=DIRECTION('ref_axis',(-1.,0.,0.));
#6494=DIRECTION('center_axis',(0.,0.,-1.));
#6495=DIRECTION('ref_axis',(-1.,0.,0.));
#6496=DIRECTION('',(0.,0.,-1.));
#6497=DIRECTION('center_axis',(0.,0.,-1.));
#6498=DIRECTION('ref_axis',(-1.,0.,0.));
#6499=DIRECTION('center_axis',(0.,0.,-1.));
#6500=DIRECTION('ref_axis',(-1.,0.,0.));
#6501=DIRECTION('center_axis',(0.,0.,-1.));
#6502=DIRECTION('ref_axis',(-1.,0.,0.));
#6503=DIRECTION('center_axis',(0.,-1.,0.));
#6504=DIRECTION('ref_axis',(1.,0.,0.));
#6505=DIRECTION('center_axis',(0.,0.,1.));
#6506=DIRECTION('ref_axis',(-1.,0.,0.));
#6507=DIRECTION('',(0.,0.,-1.));
#6508=DIRECTION('center_axis',(0.,0.,-1.));
#6509=DIRECTION('ref_axis',(-1.,0.,0.));
#6510=DIRECTION('center_axis',(0.,0.,-1.));
#6511=DIRECTION('ref_axis',(-1.,0.,0.));
#6512=DIRECTION('center_axis',(0.,-1.,0.));
#6513=DIRECTION('ref_axis',(1.,0.,0.));
#6514=DIRECTION('center_axis',(0.,0.,1.));
#6515=DIRECTION('ref_axis',(-1.,0.,0.));
#6516=DIRECTION('',(0.,0.,-1.));
#6517=DIRECTION('center_axis',(0.,0.,-1.));
#6518=DIRECTION('ref_axis',(-1.,0.,0.));
#6519=DIRECTION('center_axis',(0.,0.,-1.));
#6520=DIRECTION('ref_axis',(-1.,0.,0.));
#6521=DIRECTION('center_axis',(-1.38777878078145E-16,-1.,0.));
#6522=DIRECTION('ref_axis',(1.,-1.38777878078145E-16,0.));
#6523=DIRECTION('center_axis',(0.,0.,1.));
#6524=DIRECTION('ref_axis',(-1.,0.,0.));
#6525=DIRECTION('',(0.,0.,-1.));
#6526=DIRECTION('center_axis',(0.,0.,-1.));
#6527=DIRECTION('ref_axis',(-1.,0.,0.));
#6528=DIRECTION('center_axis',(0.,0.,-1.));
#6529=DIRECTION('ref_axis',(-1.,0.,0.));
#6530=DIRECTION('center_axis',(-1.38777878078144E-16,-1.,0.));
#6531=DIRECTION('ref_axis',(1.,-1.38777878078144E-16,0.));
#6532=DIRECTION('center_axis',(0.,0.,1.));
#6533=DIRECTION('ref_axis',(-1.,0.,0.));
#6534=DIRECTION('',(0.,0.,-1.));
#6535=DIRECTION('center_axis',(0.,0.,1.));
#6536=DIRECTION('ref_axis',(1.,0.,0.));
#6537=DIRECTION('center_axis',(0.,0.,1.));
#6538=DIRECTION('ref_axis',(1.,0.,0.));
#6539=DIRECTION('center_axis',(0.,0.,1.));
#6540=DIRECTION('ref_axis',(1.,0.,0.));
#6541=DIRECTION('center_axis',(0.,0.,1.));
#6542=DIRECTION('ref_axis',(1.,0.,0.));
#6543=DIRECTION('center_axis',(0.,0.,-1.));
#6544=DIRECTION('ref_axis',(0.707106781186547,0.707106781186547,0.));
#6545=DIRECTION('center_axis',(0.,0.,1.));
#6546=DIRECTION('ref_axis',(0.707106781186547,0.707106781186547,0.));
#6547=DIRECTION('',(0.,0.,1.));
#6548=DIRECTION('',(0.,0.,-1.));
#6549=DIRECTION('center_axis',(4.60196072383485E-17,1.,0.));
#6550=DIRECTION('ref_axis',(1.,-4.60196072383485E-17,0.));
#6551=DIRECTION('',(1.,-4.60196072383485E-17,0.));
#6552=DIRECTION('',(0.,0.,-1.));
#6553=DIRECTION('center_axis',(0.,0.,-1.));
#6554=DIRECTION('ref_axis',(-0.707106781186547,0.707106781186547,0.));
#6555=DIRECTION('center_axis',(0.,0.,1.));
#6556=DIRECTION('ref_axis',(-0.707106781186547,0.707106781186547,0.));
#6557=DIRECTION('',(0.,0.,1.));
#6558=DIRECTION('center_axis',(0.,0.,-1.));
#6559=DIRECTION('ref_axis',(-0.707106781186548,-0.707106781186547,0.));
#6560=DIRECTION('center_axis',(0.,0.,1.));
#6561=DIRECTION('ref_axis',(-0.707106781186548,-0.707106781186547,0.));
#6562=DIRECTION('',(0.,0.,1.));
#6563=DIRECTION('',(0.,0.,-1.));
#6564=DIRECTION('center_axis',(-4.60196072383485E-17,-1.,0.));
#6565=DIRECTION('ref_axis',(-1.,4.60196072383485E-17,0.));
#6566=DIRECTION('',(-1.,4.60196072383485E-17,0.));
#6567=DIRECTION('',(0.,0.,-1.));
#6568=DIRECTION('center_axis',(0.,0.,-1.));
#6569=DIRECTION('ref_axis',(0.707106781186547,-0.707106781186547,0.));
#6570=DIRECTION('center_axis',(0.,0.,1.));
#6571=DIRECTION('ref_axis',(0.707106781186547,-0.707106781186547,0.));
#6572=DIRECTION('',(0.,0.,1.));
#6573=DIRECTION('center_axis',(1.,0.,0.));
#6574=DIRECTION('ref_axis',(0.,1.,0.));
#6575=DIRECTION('center_axis',(1.,0.,0.));
#6576=DIRECTION('ref_axis',(0.,1.,0.));
#6577=DIRECTION('',(1.,0.,0.));
#6578=DIRECTION('center_axis',(1.,0.,0.));
#6579=DIRECTION('ref_axis',(0.,1.,0.));
#6580=DIRECTION('center_axis',(-1.,0.,0.));
#6581=DIRECTION('ref_axis',(0.,0.,1.));
#6582=DIRECTION('center_axis',(1.,0.,0.));
#6583=DIRECTION('ref_axis',(0.,1.,0.));
#6584=DIRECTION('center_axis',(1.,0.,0.));
#6585=DIRECTION('ref_axis',(0.,1.,0.));
#6586=DIRECTION('',(1.,0.,0.));
#6587=DIRECTION('center_axis',(1.,0.,0.));
#6588=DIRECTION('ref_axis',(0.,1.,0.));
#6589=DIRECTION('center_axis',(-1.,0.,0.));
#6590=DIRECTION('ref_axis',(0.,0.,1.));
#6591=DIRECTION('center_axis',(0.,1.,0.));
#6592=DIRECTION('ref_axis',(1.,0.,0.));
#6593=DIRECTION('center_axis',(0.,1.,0.));
#6594=DIRECTION('ref_axis',(1.,0.,0.));
#6595=DIRECTION('',(0.,1.,0.));
#6596=DIRECTION('center_axis',(0.,1.,0.));
#6597=DIRECTION('ref_axis',(1.,0.,0.));
#6598=DIRECTION('center_axis',(0.,-1.,0.));
#6599=DIRECTION('ref_axis',(0.,0.,-1.));
#6600=DIRECTION('center_axis',(0.,1.,0.));
#6601=DIRECTION('ref_axis',(1.,0.,0.));
#6602=DIRECTION('center_axis',(0.,1.,0.));
#6603=DIRECTION('ref_axis',(1.,0.,0.));
#6604=DIRECTION('',(0.,1.,0.));
#6605=DIRECTION('center_axis',(0.,1.,0.));
#6606=DIRECTION('ref_axis',(1.,0.,0.));
#6607=DIRECTION('center_axis',(0.,-1.,0.));
#6608=DIRECTION('ref_axis',(0.,0.,-1.));
#6609=DIRECTION('center_axis',(0.,0.,1.));
#6610=DIRECTION('ref_axis',(1.,0.,0.));
#6611=DIRECTION('',(-1.,0.,0.));
#6612=DIRECTION('',(0.,1.,0.));
#6613=DIRECTION('center_axis',(-1.,0.,1.77635683940025E-15));
#6614=DIRECTION('ref_axis',(1.77635683940025E-15,0.,1.));
#6615=DIRECTION('',(-1.77635683940025E-15,0.,-1.));
#6616=DIRECTION('',(0.,1.,0.));
#6617=DIRECTION('center_axis',(-8.88178419700124E-16,0.,1.));
#6618=DIRECTION('ref_axis',(1.,0.,8.88178419700124E-16));
#6619=DIRECTION('',(1.,0.,8.88178419700124E-16));
#6620=DIRECTION('',(0.,1.,0.));
#6621=DIRECTION('center_axis',(1.,0.,8.88178419700124E-16));
#6622=DIRECTION('ref_axis',(8.88178419700124E-16,0.,-1.));
#6623=DIRECTION('',(8.88178419700124E-16,0.,-1.));
#6624=DIRECTION('',(0.,1.,0.));
#6625=DIRECTION('center_axis',(0.,0.,1.));
#6626=DIRECTION('ref_axis',(1.,0.,0.));
#6627=DIRECTION('',(1.,0.,0.));
#6628=DIRECTION('center_axis',(0.,1.,0.));
#6629=DIRECTION('ref_axis',(1.,0.,0.));
#6630=DIRECTION('center_axis',(0.,-1.,-8.45884209238215E-16));
#6631=DIRECTION('ref_axis',(0.,8.45884209238215E-16,-1.));
#6632=DIRECTION('',(0.,8.45884209238215E-16,-1.));
#6633=DIRECTION('',(1.,0.,0.));
#6634=DIRECTION('',(0.,-8.45884209238215E-16,1.));
#6635=DIRECTION('center_axis',(0.,8.88178419700126E-15,1.));
#6636=DIRECTION('ref_axis',(0.,-1.,8.88178419700126E-15));
#6637=DIRECTION('',(0.,1.,-8.88178419700126E-15));
#6638=DIRECTION('',(0.,-1.,8.88178419700126E-15));
#6639=DIRECTION('',(1.,0.,0.));
#6640=DIRECTION('center_axis',(0.,1.,8.88178419700128E-16));
#6641=DIRECTION('ref_axis',(0.,-8.88178419700128E-16,1.));
#6642=DIRECTION('',(0.,8.88178419700128E-16,-1.));
#6643=DIRECTION('',(0.,-8.88178419700128E-16,1.));
#6644=DIRECTION('',(1.,0.,0.));
#6645=DIRECTION('center_axis',(0.,8.88178419700125E-16,1.));
#6646=DIRECTION('ref_axis',(0.,-1.,8.88178419700125E-16));
#6647=DIRECTION('',(0.,-1.,8.88178419700125E-16));
#6648=DIRECTION('',(0.,-1.,8.88178419700125E-16));
#6649=DIRECTION('',(1.,0.,0.));
#6650=DIRECTION('center_axis',(0.,-1.,0.));
#6651=DIRECTION('ref_axis',(0.,0.,-1.));
#6652=DIRECTION('',(0.,0.,-1.));
#6653=DIRECTION('',(0.,0.,-1.));
#6654=DIRECTION('',(1.,0.,0.));
#6655=DIRECTION('center_axis',(0.,-8.88178419700132E-15,1.));
#6656=DIRECTION('ref_axis',(0.,-1.,-8.88178419700132E-15));
#6657=DIRECTION('',(0.,-1.,-8.88178419700132E-15));
#6658=DIRECTION('',(0.,-1.,-8.88178419700132E-15));
#6659=DIRECTION('',(1.,0.,0.));
#6660=DIRECTION('center_axis',(0.,1.,1.90323947078598E-15));
#6661=DIRECTION('ref_axis',(0.,-1.90323947078598E-15,1.));
#6662=DIRECTION('',(0.,-1.90323947078598E-15,1.));
#6663=DIRECTION('',(0.,-1.90323947078598E-15,1.));
#6664=DIRECTION('center_axis',(1.,0.,0.));
#6665=DIRECTION('ref_axis',(0.,0.,-1.));
#6666=DIRECTION('center_axis',(1.,0.,0.));
#6667=DIRECTION('ref_axis',(0.,1.,0.));
#6668=DIRECTION('center_axis',(-3.79276051283971E-17,1.,0.));
#6669=DIRECTION('ref_axis',(-0.677109488984706,0.,-0.735882286732647));
#6670=DIRECTION('center_axis',(0.,-1.,0.));
#6671=DIRECTION('ref_axis',(-0.99654575824488,0.,-0.0830454798537393));
#6672=DIRECTION('center_axis',(2.22814259242945E-16,1.,0.));
#6673=DIRECTION('ref_axis',(0.,0.,-1.));
#6674=DIRECTION('',(3.79276051283971E-17,-1.,0.));
#6675=DIRECTION('center_axis',(-1.,4.44474536762809E-15,0.));
#6676=DIRECTION('ref_axis',(0.,0.,-1.));
#6677=DIRECTION('center_axis',(-0.362128143689334,-0.181064066448538,-0.914373562275964));
#6678=DIRECTION('ref_axis',(0.817840581705791,0.40892027866611,-0.404871570514359));
#6679=DIRECTION('center_axis',(-1.,0.,0.));
#6680=DIRECTION('ref_axis',(0.,-0.69223170128446,-0.721675322937415));
#6681=DIRECTION('center_axis',(-1.,0.,0.));
#6682=DIRECTION('ref_axis',(0.,0.,-1.));
#6683=DIRECTION('',(1.,0.,0.));
#6684=DIRECTION('center_axis',(-2.22814259242945E-15,-1.,0.));
#6685=DIRECTION('ref_axis',(0.,0.,-1.));
#6686=DIRECTION('center_axis',(0.362128143689343,-0.181064066448536,-0.914373562275961));
#6687=DIRECTION('ref_axis',(-0.817840581705781,0.408920278666124,-0.404871570514366));
#6688=DIRECTION('center_axis',(3.79276051283971E-17,-1.,0.));
#6689=DIRECTION('ref_axis',(0.677109488984707,0.,-0.735882286732647));
#6690=DIRECTION('center_axis',(-2.22814259242945E-16,-1.,0.));
#6691=DIRECTION('ref_axis',(0.,0.,-1.));
#6692=DIRECTION('',(-3.79276051283971E-17,1.,0.));
#6693=DIRECTION('center_axis',(1.,-3.55579629410247E-15,0.));
#6694=DIRECTION('ref_axis',(0.,0.,-1.));
#6695=DIRECTION('center_axis',(0.362128143689333,0.18106406644854,-0.914373562275964));
#6696=DIRECTION('ref_axis',(-0.817840581705791,-0.40892027866611,-0.404871570514359));
#6697=DIRECTION('center_axis',(1.,0.,0.));
#6698=DIRECTION('ref_axis',(0.,0.69223170128446,-0.721675322937415));
#6699=DIRECTION('center_axis',(1.,0.,0.));
#6700=DIRECTION('ref_axis',(0.,0.,-1.));
#6701=DIRECTION('',(-1.,0.,0.));
#6702=DIRECTION('center_axis',(-0.362128143689347,0.181064066448528,-0.914373562275961));
#6703=DIRECTION('ref_axis',(0.817840581705781,-0.408920278666124,-0.404871570514366));
#6704=DIRECTION('center_axis',(-0.0829739813687584,-0.0414869894479705,
-0.995687776425101));
#6705=DIRECTION('ref_axis',(-0.703449320091213,-0.705275673664606,0.0880072622011767));
#6706=DIRECTION('',(0.0829739813687584,0.0414869894479705,0.995687776425101));
#6707=DIRECTION('',(0.0829739813687584,0.0414869894479705,0.995687776425101));
#6708=DIRECTION('center_axis',(0.,0.999133073143958,-0.0416305434736447));
#6709=DIRECTION('ref_axis',(0.,0.0416305434736447,0.999133073143958));
#6710=DIRECTION('',(0.0829739813687584,-0.0414869894479705,-0.995687776425101));
#6711=DIRECTION('',(-1.,0.,0.));
#6712=DIRECTION('center_axis',(0.0829739813687584,-0.0414869894479705,-0.995687776425101));
#6713=DIRECTION('ref_axis',(0.703449320091213,-0.705275673664606,0.0880072622011736));
#6714=DIRECTION('',(-0.0829739813687584,0.0414869894479705,0.995687776425101));
#6715=DIRECTION('center_axis',(-0.99654575824488,-3.77965940110909E-17,
-0.08304547985374));
#6716=DIRECTION('ref_axis',(-0.08304547985374,0.,0.99654575824488));
#6717=DIRECTION('',(-0.0829739813687584,-0.0414869894479705,0.995687776425101));
#6718=DIRECTION('center_axis',(0.99654575824488,3.77965940110909E-17,0.08304547985374));
#6719=DIRECTION('ref_axis',(0.08304547985374,-5.76243773904167E-18,-0.99654575824488));
#6720=DIRECTION('',(0.,-1.,0.));
#6721=DIRECTION('center_axis',(0.99654575824488,3.77965940110909E-17,0.08304547985374));
#6722=DIRECTION('ref_axis',(0.08304547985374,5.76243773904167E-18,-0.99654575824488));
#6723=DIRECTION('center_axis',(-1.,-2.4168120263949E-16,0.));
#6724=DIRECTION('ref_axis',(-2.4168120263949E-16,1.,0.));
#6725=DIRECTION('',(-2.4168120263949E-16,1.,0.));
#6726=DIRECTION('center_axis',(1.,1.20840601319745E-16,0.));
#6727=DIRECTION('ref_axis',(1.20840601319745E-16,-1.,0.));
#6728=DIRECTION('',(1.20840601319745E-16,-1.,0.));
#6729=DIRECTION('center_axis',(0.,0.,-1.));
#6730=DIRECTION('ref_axis',(-1.,0.,0.));
#6731=DIRECTION('center_axis',(-0.757124433371324,0.,-0.653270688453225));
#6732=DIRECTION('ref_axis',(-0.461932133755678,-0.707106781186548,0.535367821038887));
#6733=DIRECTION('center_axis',(-0.757124433371323,0.,-0.653270688453227));
#6734=DIRECTION('ref_axis',(0.,-1.,0.));
#6735=DIRECTION('',(-0.757124433371324,0.,-0.653270688453225));
#6736=DIRECTION('center_axis',(0.757124433371323,0.,0.653270688453227));
#6737=DIRECTION('ref_axis',(-0.653270688453227,0.,0.757124433371323));
#6738=DIRECTION('',(0.757124433371324,0.,0.653270688453225));
#6739=DIRECTION('center_axis',(0.,-1.,0.));
#6740=DIRECTION('ref_axis',(0.,0.,-1.));
#6741=DIRECTION('center_axis',(0.757124433371324,0.,-0.653270688453226));
#6742=DIRECTION('ref_axis',(0.653270688453225,0.,0.757124433371324));
#6743=DIRECTION('center_axis',(0.,-1.,0.));
#6744=DIRECTION('ref_axis',(0.,0.,-1.));
#6745=DIRECTION('center_axis',(0.,1.,0.));
#6746=DIRECTION('ref_axis',(0.,0.,-1.));
#6747=DIRECTION('center_axis',(0.757124433371324,0.,-0.653270688453225));
#6748=DIRECTION('ref_axis',(0.461932133755681,-0.707106781186547,0.535367821038885));
#6749=DIRECTION('center_axis',(0.757124433371324,0.,-0.653270688453226));
#6750=DIRECTION('ref_axis',(0.653270688453225,0.,0.757124433371324));
#6751=DIRECTION('',(0.757124433371324,0.,-0.653270688453225));
#6752=DIRECTION('',(-0.757124433371324,0.,0.653270688453225));
#6753=DIRECTION('center_axis',(0.,-1.,0.));
#6754=DIRECTION('ref_axis',(0.,0.,-1.));
#6755=DIRECTION('center_axis',(-4.16333634234433E-16,0.,-1.));
#6756=DIRECTION('ref_axis',(1.,0.,-4.16333634234433E-16));
#6757=DIRECTION('center_axis',(0.,-1.,0.));
#6758=DIRECTION('ref_axis',(-0.909194887923713,0.,-0.416370815227709));
#6759=DIRECTION('center_axis',(0.,1.,0.));
#6760=DIRECTION('ref_axis',(-0.909194887923713,0.,-0.416370815227709));
#6761=DIRECTION('center_axis',(0.,0.,-1.));
#6762=DIRECTION('ref_axis',(0.707106781186547,-0.707106781186548,0.));
#6763=DIRECTION('center_axis',(0.,0.,-1.));
#6764=DIRECTION('ref_axis',(1.,0.,0.));
#6765=DIRECTION('',(0.,0.,-1.));
#6766=DIRECTION('',(0.,0.,1.));
#6767=DIRECTION('center_axis',(1.,0.,0.));
#6768=DIRECTION('ref_axis',(0.,5.66553889764798E-16,1.));
#6769=DIRECTION('center_axis',(0.,-2.98023228317845E-8,1.));
#6770=DIRECTION('ref_axis',(1.,0.,0.));
#6771=DIRECTION('center_axis',(1.,0.,0.));
#6772=DIRECTION('ref_axis',(0.,5.05321551566888E-16,1.));
#6773=DIRECTION('center_axis',(-1.,0.,0.));
#6774=DIRECTION('ref_axis',(0.,5.05321551566888E-16,1.));
#6775=DIRECTION('center_axis',(0.,0.,1.));
#6776=DIRECTION('ref_axis',(0.707106781186547,0.707106781186548,0.));
#6777=DIRECTION('center_axis',(0.,0.,1.));
#6778=DIRECTION('ref_axis',(1.,0.,0.));
#6779=DIRECTION('',(0.,0.,1.));
#6780=DIRECTION('',(0.,0.,-1.));
#6781=DIRECTION('center_axis',(0.,1.,0.));
#6782=DIRECTION('ref_axis',(0.,0.,1.));
#6783=DIRECTION('center_axis',(-0.757124433371325,0.,0.653270688453225));
#6784=DIRECTION('ref_axis',(0.653270688453225,0.,0.757124433371325));
#6785=DIRECTION('center_axis',(0.,1.,0.));
#6786=DIRECTION('ref_axis',(-0.909194887923713,0.,-0.416370815227709));
#6787=DIRECTION('center_axis',(0.,-1.,0.));
#6788=DIRECTION('ref_axis',(-0.909194887923713,0.,-0.416370815227709));
#6789=DIRECTION('center_axis',(0.757124433371324,0.,-0.653270688453225));
#6790=DIRECTION('ref_axis',(0.461932133755681,0.707106781186547,0.535367821038886));
#6791=DIRECTION('center_axis',(-0.757124433371324,0.,0.653270688453226));
#6792=DIRECTION('ref_axis',(0.653270688453226,0.,0.757124433371324));
#6793=DIRECTION('',(-0.757124433371324,0.,0.653270688453225));
#6794=DIRECTION('',(0.757124433371324,0.,-0.653270688453225));
#6795=DIRECTION('center_axis',(0.,-1.,0.));
#6796=DIRECTION('ref_axis',(0.,0.,-1.));
#6797=DIRECTION('center_axis',(-0.757124433371324,0.,-0.653270688453226));
#6798=DIRECTION('ref_axis',(-0.653270688453226,0.,0.757124433371324));
#6799=DIRECTION('center_axis',(0.,1.,0.));
#6800=DIRECTION('ref_axis',(0.,0.,-1.));
#6801=DIRECTION('center_axis',(0.,-1.,0.));
#6802=DIRECTION('ref_axis',(0.,0.,-1.));
#6803=DIRECTION('center_axis',(-0.757124433371324,0.,-0.653270688453225));
#6804=DIRECTION('ref_axis',(-0.461932133755683,0.707106781186546,0.535367821038886));
#6805=DIRECTION('center_axis',(-0.757124433371323,0.,-0.653270688453227));
#6806=DIRECTION('ref_axis',(-0.653270688453227,5.55111512312578E-16,0.757124433371323));
#6807=DIRECTION('',(-0.757124433371324,0.,-0.653270688453225));
#6808=DIRECTION('',(0.757124433371324,0.,0.653270688453225));
#6809=DIRECTION('center_axis',(0.,1.,0.));
#6810=DIRECTION('ref_axis',(0.,0.,1.));
#6811=DIRECTION('center_axis',(-1.38777878078144E-16,0.,-1.));
#6812=DIRECTION('ref_axis',(-1.,0.,1.38777878078144E-16));
#6813=DIRECTION('center_axis',(0.,1.,0.));
#6814=DIRECTION('ref_axis',(0.909194887923713,0.,-0.416370815227709));
#6815=DIRECTION('center_axis',(0.,-1.,0.));
#6816=DIRECTION('ref_axis',(0.909194887923713,0.,-0.416370815227709));
#6817=DIRECTION('center_axis',(0.,0.,1.));
#6818=DIRECTION('ref_axis',(-0.707106781186549,0.707106781186546,0.));
#6819=DIRECTION('center_axis',(0.,0.,-1.));
#6820=DIRECTION('ref_axis',(-1.,0.,0.));
#6821=DIRECTION('',(0.,0.,-1.));
#6822=DIRECTION('',(0.,0.,1.));
#6823=DIRECTION('center_axis',(1.,0.,0.));
#6824=DIRECTION('ref_axis',(0.,-1.22464679914735E-16,1.));
#6825=DIRECTION('center_axis',(0.,2.98023228317845E-8,1.));
#6826=DIRECTION('ref_axis',(-1.,0.,0.));
#6827=DIRECTION('center_axis',(-1.,0.,0.));
#6828=DIRECTION('ref_axis',(0.,5.05321551566888E-16,1.));
#6829=DIRECTION('center_axis',(1.,0.,0.));
#6830=DIRECTION('ref_axis',(0.,5.05321551566888E-16,1.));
#6831=DIRECTION('center_axis',(0.,0.,-1.));
#6832=DIRECTION('ref_axis',(-0.707106781186549,-0.707106781186546,0.));
#6833=DIRECTION('center_axis',(2.77555756156289E-16,0.,1.));
#6834=DIRECTION('ref_axis',(-1.,0.,2.77555756156289E-16));
#6835=DIRECTION('',(0.,0.,1.));
#6836=DIRECTION('',(0.,0.,-1.));
#6837=DIRECTION('center_axis',(0.,-1.,0.));
#6838=DIRECTION('ref_axis',(0.,0.,-1.));
#6839=DIRECTION('center_axis',(0.,1.,0.));
#6840=DIRECTION('ref_axis',(0.909194887923713,0.,-0.416370815227709));
#6841=DIRECTION('center_axis',(0.,-1.,0.));
#6842=DIRECTION('ref_axis',(0.909194887923713,0.,-0.416370815227709));
#6843=DIRECTION('center_axis',(0.,-1.,0.));
#6844=DIRECTION('ref_axis',(0.,0.,1.));
#6845=DIRECTION('',(-1.,0.,0.));
#6846=DIRECTION('',(0.,0.,1.));
#6847=DIRECTION('center_axis',(0.,-1.,0.));
#6848=DIRECTION('ref_axis',(0.945131835026669,0.,-0.326689170954781));
#6849=DIRECTION('',(0.617528671255666,0.,0.786548371161756));
#6850=DIRECTION('center_axis',(0.,1.,0.));
#6851=DIRECTION('ref_axis',(-0.945131835026669,0.,0.326689170954781));
#6852=DIRECTION('',(0.,0.,1.));
#6853=DIRECTION('',(1.,0.,0.));
#6854=DIRECTION('',(0.,0.,-1.));
#6855=DIRECTION('center_axis',(0.,1.,0.));
#6856=DIRECTION('ref_axis',(0.945131835026668,0.,0.326689170954782));
#6857=DIRECTION('',(0.617528671255666,0.,-0.786548371161756));
#6858=DIRECTION('center_axis',(0.,-1.,0.));
#6859=DIRECTION('ref_axis',(-0.945131835026669,0.,-0.326689170954781));
#6860=DIRECTION('',(0.,0.,-1.));
#6861=DIRECTION('',(1.,0.,0.));
#6862=DIRECTION('center_axis',(1.,0.,0.));
#6863=DIRECTION('ref_axis',(0.,0.999999999999999,2.98023219436061E-8));
#6864=DIRECTION('',(-1.,0.,0.));
#6865=DIRECTION('center_axis',(1.,0.,0.));
#6866=DIRECTION('ref_axis',(0.,5.05321551566888E-16,1.));
#6867=DIRECTION('center_axis',(1.,0.,0.));
#6868=DIRECTION('ref_axis',(0.,1.,0.));
#6869=DIRECTION('',(0.,-1.,0.));
#6870=DIRECTION('center_axis',(-1.,0.,0.));
#6871=DIRECTION('ref_axis',(0.,1.,0.));
#6872=DIRECTION('center_axis',(0.,1.,0.));
#6873=DIRECTION('ref_axis',(-0.909194887923713,0.,-0.41637081522771));
#6874=DIRECTION('',(0.,1.,0.));
#6875=DIRECTION('center_axis',(0.,0.,-1.));
#6876=DIRECTION('ref_axis',(0.707106781186546,-0.707106781186549,0.));
#6877=DIRECTION('center_axis',(0.,0.,-1.));
#6878=DIRECTION('ref_axis',(1.,0.,0.));
#6879=DIRECTION('',(0.,0.,-1.));
#6880=DIRECTION('',(0.,0.,1.));
#6881=DIRECTION('center_axis',(0.,-1.,0.));
#6882=DIRECTION('ref_axis',(0.,0.,-1.));
#6883=DIRECTION('center_axis',(-0.617528671255667,0.,-0.786548371161755));
#6884=DIRECTION('ref_axis',(0.786548371161755,0.,-0.617528671255667));
#6885=DIRECTION('center_axis',(0.,-1.,0.));
#6886=DIRECTION('ref_axis',(-0.945131835026669,0.,0.326689170954781));
#6887=DIRECTION('center_axis',(0.,1.,0.));
#6888=DIRECTION('ref_axis',(-0.945131835026669,0.,0.326689170954781));
#6889=DIRECTION('center_axis',(-0.617528671255666,0.,-0.786548371161756));
#6890=DIRECTION('ref_axis',(0.556173686979712,-0.707106781186547,-0.436658711022));
#6891=DIRECTION('center_axis',(-0.617528671255664,0.,-0.786548371161758));
#6892=DIRECTION('ref_axis',(0.786548371161758,5.55111512312579E-16,-0.617528671255664));
#6893=DIRECTION('',(-0.617528671255666,0.,-0.786548371161756));
#6894=DIRECTION('',(0.617528671255666,0.,0.786548371161756));
#6895=DIRECTION('center_axis',(0.,0.,-1.));
#6896=DIRECTION('ref_axis',(1.,0.,0.));
#6897=DIRECTION('center_axis',(0.,1.,0.));
#6898=DIRECTION('ref_axis',(0.945131835026669,0.,-0.326689170954781));
#6899=DIRECTION('center_axis',(0.,-1.,0.));
#6900=DIRECTION('ref_axis',(0.945131835026669,0.,-0.326689170954781));
#6901=DIRECTION('center_axis',(0.,0.,-1.));
#6902=DIRECTION('ref_axis',(0.707106781186546,-0.707106781186549,0.));
#6903=DIRECTION('center_axis',(0.,0.,-1.));
#6904=DIRECTION('ref_axis',(1.,0.,0.));
#6905=DIRECTION('',(0.,0.,-1.));
#6906=DIRECTION('',(0.,0.,1.));
#6907=DIRECTION('center_axis',(1.,0.,0.));
#6908=DIRECTION('ref_axis',(0.,5.66553889764798E-16,1.));
#6909=DIRECTION('center_axis',(0.,-2.98023228317845E-8,1.));
#6910=DIRECTION('ref_axis',(1.,0.,0.));
#6911=DIRECTION('center_axis',(-1.,0.,0.));
#6912=DIRECTION('ref_axis',(0.,5.05321551566888E-16,1.));
#6913=DIRECTION('center_axis',(0.,0.,1.));
#6914=DIRECTION('ref_axis',(0.707106781186546,0.707106781186549,0.));
#6915=DIRECTION('center_axis',(-2.7755575615629E-16,0.,1.));
#6916=DIRECTION('ref_axis',(1.,0.,2.7755575615629E-16));
#6917=DIRECTION('',(0.,0.,-1.));
#6918=DIRECTION('center_axis',(0.617528671255665,0.,0.786548371161757));
#6919=DIRECTION('ref_axis',(0.786548371161757,0.,-0.617528671255665));
#6920=DIRECTION('center_axis',(0.,1.,0.));
#6921=DIRECTION('ref_axis',(0.945131835026669,0.,-0.326689170954781));
#6922=DIRECTION('center_axis',(-0.617528671255666,0.,-0.786548371161756));
#6923=DIRECTION('ref_axis',(0.556173686979712,0.707106781186547,-0.436658711022));
#6924=DIRECTION('center_axis',(0.617528671255665,0.,0.786548371161757));
#6925=DIRECTION('ref_axis',(0.786548371161757,0.,-0.617528671255665));
#6926=DIRECTION('',(-0.617528671255666,0.,-0.786548371161756));
#6927=DIRECTION('center_axis',(0.,1.,0.));
#6928=DIRECTION('ref_axis',(0.,0.,1.));
#6929=DIRECTION('center_axis',(0.,0.,1.));
#6930=DIRECTION('ref_axis',(1.,0.,0.));
#6931=DIRECTION('center_axis',(0.,-1.,0.));
#6932=DIRECTION('ref_axis',(-0.945131835026669,0.,0.326689170954781));
#6933=DIRECTION('center_axis',(0.,0.,-1.));
#6934=DIRECTION('ref_axis',(0.707106781186546,0.707106781186549,0.));
#6935=DIRECTION('',(0.,0.,-1.));
#6936=DIRECTION('center_axis',(0.0829739813687584,0.0414869894479705,-0.995687776425101));
#6937=DIRECTION('ref_axis',(0.703449320091213,0.705275673664606,0.0880072622011767));
#6938=DIRECTION('',(-0.0829739813687584,-0.0414869894479705,0.995687776425101));
#6939=DIRECTION('center_axis',(0.,1.,0.));
#6940=DIRECTION('ref_axis',(0.,0.,-1.));
#6941=DIRECTION('',(1.,0.,0.));
#6942=DIRECTION('',(0.,0.,1.));
#6943=DIRECTION('center_axis',(0.,1.,0.));
#6944=DIRECTION('ref_axis',(-0.945131835026669,0.,-0.326689170954781));
#6945=DIRECTION('',(-0.617528671255666,0.,0.786548371161756));
#6946=DIRECTION('center_axis',(0.,-1.,0.));
#6947=DIRECTION('ref_axis',(0.945131835026668,0.,0.326689170954782));
#6948=DIRECTION('',(0.,0.,1.));
#6949=DIRECTION('center_axis',(0.,-0.999133073143958,-0.0416305434736447));
#6950=DIRECTION('ref_axis',(0.,0.0416305434736447,-0.999133073143958));
#6951=DIRECTION('',(-0.0829739813687584,0.0414869894479705,-0.995687776425101));
#6952=DIRECTION('center_axis',(0.,0.,-1.));
#6953=DIRECTION('ref_axis',(-0.707106781186548,-0.707106781186547,0.));
#6954=DIRECTION('center_axis',(0.,0.,-1.));
#6955=DIRECTION('ref_axis',(0.,-1.,0.));
#6956=DIRECTION('',(0.,0.,-1.));
#6957=DIRECTION('center_axis',(-0.99654575824488,-3.77965940110909E-17,
0.08304547985374));
#6958=DIRECTION('ref_axis',(-0.08304547985374,0.,-0.99654575824488));
#6959=DIRECTION('center_axis',(0.,-1.,0.));
#6960=DIRECTION('ref_axis',(0.,0.,-1.));
#6961=DIRECTION('center_axis',(0.617528671255666,0.,-0.786548371161756));
#6962=DIRECTION('ref_axis',(0.,-1.,0.));
#6963=DIRECTION('center_axis',(0.,1.,0.));
#6964=DIRECTION('ref_axis',(0.945131835026669,0.,0.326689170954782));
#6965=DIRECTION('center_axis',(0.617528671255666,0.,-0.786548371161756));
#6966=DIRECTION('ref_axis',(-0.556173686979712,-0.707106781186547,-0.436658711022));
#6967=DIRECTION('center_axis',(0.617528671255667,0.,-0.786548371161755));
#6968=DIRECTION('ref_axis',(0.,-1.,0.));
#6969=DIRECTION('',(0.617528671255666,0.,-0.786548371161756));
#6970=DIRECTION('center_axis',(0.,0.,-1.));
#6971=DIRECTION('ref_axis',(0.,-1.,0.));
#6972=DIRECTION('center_axis',(0.,-1.,0.));
#6973=DIRECTION('ref_axis',(-0.945131835026669,0.,-0.326689170954781));
#6974=DIRECTION('center_axis',(0.,0.,-1.));
#6975=DIRECTION('ref_axis',(-0.707106781186548,-0.707106781186547,0.));
#6976=DIRECTION('center_axis',(0.,0.,-1.));
#6977=DIRECTION('ref_axis',(0.,-1.,0.));
#6978=DIRECTION('',(0.,0.,-1.));
#6979=DIRECTION('center_axis',(1.,0.,0.));
#6980=DIRECTION('ref_axis',(0.,5.66553889764798E-16,1.));
#6981=DIRECTION('center_axis',(0.,-2.98023228317845E-8,1.));
#6982=DIRECTION('ref_axis',(0.,1.,2.98023228317845E-8));
#6983=DIRECTION('center_axis',(1.,0.,0.));
#6984=DIRECTION('ref_axis',(0.,5.05321551566888E-16,1.));
#6985=DIRECTION('center_axis',(-1.,0.,0.));
#6986=DIRECTION('ref_axis',(0.,5.05321551566888E-16,1.));
#6987=DIRECTION('center_axis',(0.,0.,1.));
#6988=DIRECTION('ref_axis',(-0.707106781186548,0.707106781186547,0.));
#6989=DIRECTION('center_axis',(2.77555756156289E-16,0.,1.));
#6990=DIRECTION('ref_axis',(0.,1.,0.));
#6991=DIRECTION('',(0.,0.,1.));
#6992=DIRECTION('center_axis',(-0.617528671255666,0.,0.786548371161756));
#6993=DIRECTION('ref_axis',(0.,1.,0.));
#6994=DIRECTION('center_axis',(0.,1.,0.));
#6995=DIRECTION('ref_axis',(-0.945131835026669,0.,-0.326689170954781));
#6996=DIRECTION('center_axis',(0.617528671255666,0.,-0.786548371161756));
#6997=DIRECTION('ref_axis',(-0.556173686979711,0.707106781186548,-0.436658711022001));
#6998=DIRECTION('center_axis',(-0.617528671255666,0.,0.786548371161756));
#6999=DIRECTION('ref_axis',(0.,1.,0.));
#7000=DIRECTION('',(-0.617528671255666,0.,0.786548371161756));
#7001=DIRECTION('center_axis',(0.,1.,0.));
#7002=DIRECTION('ref_axis',(0.,0.,1.));
#7003=DIRECTION('center_axis',(0.,0.,1.));
#7004=DIRECTION('ref_axis',(0.,1.,0.));
#7005=DIRECTION('center_axis',(0.,-1.,0.));
#7006=DIRECTION('ref_axis',(0.945131835026669,0.,0.326689170954782));
#7007=DIRECTION('center_axis',(0.,0.,-1.));
#7008=DIRECTION('ref_axis',(-0.707106781186548,0.707106781186547,0.));
#7009=DIRECTION('',(0.,0.,1.));
#7010=DIRECTION('center_axis',(-0.99654575824488,-3.77965940110909E-17,
0.08304547985374));
#7011=DIRECTION('ref_axis',(-0.08304547985374,0.,-0.99654575824488));
#7012=DIRECTION('center_axis',(-0.0829739813687584,0.0414869894479705,-0.995687776425101));
#7013=DIRECTION('ref_axis',(-0.703449320091213,0.705275673664606,0.0880072622011736));
#7014=DIRECTION('',(0.0829739813687584,-0.0414869894479705,0.995687776425101));
#7015=DIRECTION('center_axis',(1.,0.,0.));
#7016=DIRECTION('ref_axis',(0.,1.,0.));
#7017=DIRECTION('',(0.,1.,-2.08572755947623E-16));
#7018=DIRECTION('center_axis',(-1.,0.,0.));
#7019=DIRECTION('ref_axis',(0.,1.,0.));
#7020=DIRECTION('center_axis',(0.,1.,-2.08572755947623E-16));
#7021=DIRECTION('ref_axis',(-0.945131835026669,0.,-0.326689170954781));
#7022=DIRECTION('',(0.,-1.,2.08572755947623E-16));
#7023=DIRECTION('center_axis',(0.786548371161756,1.28799656840468E-16,0.617528671255666));
#7024=DIRECTION('ref_axis',(0.617528671255666,0.,-0.786548371161756));
#7025=DIRECTION('',(0.,1.,-2.08572755947623E-16));
#7026=DIRECTION('center_axis',(0.,-1.,2.08572755947623E-16));
#7027=DIRECTION('ref_axis',(0.945131835026669,6.81384607242827E-17,0.326689170954781));
#7028=DIRECTION('',(0.,-1.,2.08572755947623E-16));
#7029=DIRECTION('center_axis',(-1.,0.,0.));
#7030=DIRECTION('ref_axis',(0.,1.,0.));
#7031=DIRECTION('',(0.,1.,0.));
#7032=DIRECTION('center_axis',(0.99654575824488,3.77965940110909E-17,-0.08304547985374));
#7033=DIRECTION('ref_axis',(-0.08304547985374,0.,-0.99654575824488));
#7034=DIRECTION('center_axis',(-0.653270688453225,0.,-0.757124433371324));
#7035=DIRECTION('ref_axis',(-0.757124433371324,0.,0.653270688453225));
#7036=DIRECTION('',(0.,-1.,0.));
#7037=DIRECTION('center_axis',(0.,1.,0.));
#7038=DIRECTION('ref_axis',(0.909194887923713,0.,-0.416370815227709));
#7039=DIRECTION('',(0.,-1.,0.));
#7040=DIRECTION('',(0.,1.,0.));
#7041=DIRECTION('center_axis',(1.,0.,0.));
#7042=DIRECTION('ref_axis',(0.,1.,0.));
#7043=DIRECTION('center_axis',(-1.,0.,0.));
#7044=DIRECTION('ref_axis',(0.,1.,0.));
#7045=DIRECTION('center_axis',(0.,1.,-2.08572755947623E-16));
#7046=DIRECTION('ref_axis',(0.945131835026669,0.,-0.32668917095478));
#7047=DIRECTION('',(0.,1.,-2.08572755947623E-16));
#7048=DIRECTION('',(0.,-1.,2.08572755947623E-16));
#7049=DIRECTION('center_axis',(0.786548371161756,-1.28799656840468E-16,
-0.617528671255666));
#7050=DIRECTION('ref_axis',(-0.617528671255666,0.,-0.786548371161756));
#7051=DIRECTION('',(0.,-1.,2.08572755947623E-16));
#7052=DIRECTION('center_axis',(0.,-1.,2.08572755947623E-16));
#7053=DIRECTION('ref_axis',(-0.945131835026669,0.,0.32668917095478));
#7054=DIRECTION('',(0.,1.,-2.08572755947623E-16));
#7055=DIRECTION('center_axis',(1.,0.,0.));
#7056=DIRECTION('ref_axis',(0.,-1.,0.));
#7057=DIRECTION('center_axis',(0.,1.,0.));
#7058=DIRECTION('ref_axis',(-0.653270688453225,0.,-0.757124433371324));
#7059=DIRECTION('',(0.,-1.,0.));
#7060=DIRECTION('center_axis',(-0.653270688453225,0.,0.757124433371324));
#7061=DIRECTION('ref_axis',(0.757124433371324,0.,0.653270688453225));
#7062=DIRECTION('center_axis',(1.,0.,0.));
#7063=DIRECTION('ref_axis',(0.,1.,0.));
#7064=DIRECTION('',(1.,0.,0.));
#7065=DIRECTION('center_axis',(-1.,0.,0.));
#7066=DIRECTION('ref_axis',(0.,1.,0.));
#7067=DIRECTION('center_axis',(1.,0.,0.));
#7068=DIRECTION('ref_axis',(0.,1.,0.));
#7069=DIRECTION('center_axis',(1.,0.,0.));
#7070=DIRECTION('ref_axis',(0.,1.,0.));
#7071=DIRECTION('',(-1.,0.,0.));
#7072=DIRECTION('center_axis',(1.,0.,0.));
#7073=DIRECTION('ref_axis',(0.,0.999999999999999,2.98023219436061E-8));
#7074=DIRECTION('axis',(0.,0.,1.));
#7075=DIRECTION('refdir',(1.,0.,0.));
#7076=DIRECTION('center_axis',(0.,0.,-1.));
#7077=DIRECTION('ref_axis',(-1.,0.,0.));
#7078=DIRECTION('center_axis',(0.,-1.,0.));
#7079=DIRECTION('ref_axis',(1.,0.,0.));
#7080=DIRECTION('center_axis',(0.,0.,-1.));
#7081=DIRECTION('ref_axis',(-0.707106781186548,0.707106781186548,0.));
#7082=DIRECTION('center_axis',(1.,0.,0.));
#7083=DIRECTION('ref_axis',(0.,0.,1.));
#7084=DIRECTION('center_axis',(0.,0.,1.));
#7085=DIRECTION('ref_axis',(-0.707106781186548,0.707106781186548,0.));
#7086=DIRECTION('center_axis',(-1.,0.,0.));
#7087=DIRECTION('ref_axis',(0.,-0.707106781186547,0.707106781186548));
#7088=DIRECTION('center_axis',(1.,0.,0.));
#7089=DIRECTION('ref_axis',(0.,0.,1.));
#7090=DIRECTION('',(-1.,0.,0.));
#7091=DIRECTION('',(1.,0.,0.));
#7092=DIRECTION('center_axis',(0.,0.,-1.));
#7093=DIRECTION('ref_axis',(-1.,0.,0.));
#7094=DIRECTION('center_axis',(0.,-1.,0.));
#7095=DIRECTION('ref_axis',(0.,0.,1.));
#7096=DIRECTION('center_axis',(0.,0.,1.));
#7097=DIRECTION('ref_axis',(0.707106781186548,0.707106781186548,0.));
#7098=DIRECTION('center_axis',(0.,0.,-1.));
#7099=DIRECTION('ref_axis',(0.707106781186548,0.707106781186548,0.));
#7100=DIRECTION('center_axis',(0.,1.,0.));
#7101=DIRECTION('ref_axis',(-0.707106781186546,0.,0.707106781186549));
#7102=DIRECTION('center_axis',(0.,-1.,0.));
#7103=DIRECTION('ref_axis',(0.,0.,1.));
#7104=DIRECTION('',(0.,1.,0.));
#7105=DIRECTION('',(0.,-1.,0.));
#7106=DIRECTION('center_axis',(0.,0.,-1.));
#7107=DIRECTION('ref_axis',(-1.,0.,0.));
#7108=DIRECTION('center_axis',(-1.,0.,0.));
#7109=DIRECTION('ref_axis',(0.,0.,1.));
#7110=DIRECTION('center_axis',(0.,0.,1.));
#7111=DIRECTION('ref_axis',(0.707106781186547,-0.707106781186548,0.));
#7112=DIRECTION('center_axis',(0.,0.,-1.));
#7113=DIRECTION('ref_axis',(0.707106781186547,-0.707106781186548,0.));
#7114=DIRECTION('center_axis',(1.,0.,0.));
#7115=DIRECTION('ref_axis',(0.,0.707106781186547,0.707106781186548));
#7116=DIRECTION('center_axis',(-1.,0.,0.));
#7117=DIRECTION('ref_axis',(0.,0.,1.));
#7118=DIRECTION('',(1.,0.,0.));
#7119=DIRECTION('',(-1.,0.,0.));
#7120=DIRECTION('center_axis',(0.,0.,-1.));
#7121=DIRECTION('ref_axis',(-1.,0.,0.));
#7122=DIRECTION('center_axis',(0.,1.,0.));
#7123=DIRECTION('ref_axis',(0.,0.,1.));
#7124=DIRECTION('center_axis',(0.,0.,1.));
#7125=DIRECTION('ref_axis',(-0.707106781186547,-0.707106781186548,0.));
#7126=DIRECTION('center_axis',(0.,0.,-1.));
#7127=DIRECTION('ref_axis',(-0.707106781186547,-0.707106781186548,0.));
#7128=DIRECTION('center_axis',(0.,-1.,0.));
#7129=DIRECTION('ref_axis',(0.707106781186546,0.,0.707106781186549));
#7130=DIRECTION('',(0.,1.,0.));
#7131=DIRECTION('',(0.,-1.,0.));
#7132=DIRECTION('center_axis',(0.,1.,0.));
#7133=DIRECTION('ref_axis',(1.,0.,0.));
#7134=DIRECTION('',(0.,0.,1.));
#7135=DIRECTION('center_axis',(0.,1.,0.));
#7136=DIRECTION('ref_axis',(0.,0.,-1.));
#7137=DIRECTION('',(0.,0.,-1.));
#7138=DIRECTION('center_axis',(0.,-1.,0.));
#7139=DIRECTION('ref_axis',(1.,0.,0.));
#7140=DIRECTION('center_axis',(0.,0.,1.));
#7141=DIRECTION('ref_axis',(-0.707106781186553,-0.707106781186542,0.));
#7142=DIRECTION('',(0.,0.,-1.));
#7143=DIRECTION('center_axis',(0.,0.,-1.));
#7144=DIRECTION('ref_axis',(0.,-1.,0.));
#7145=DIRECTION('center_axis',(-1.,0.,0.));
#7146=DIRECTION('ref_axis',(0.,0.,1.));
#7147=DIRECTION('',(0.,0.,1.));
#7148=DIRECTION('',(0.,1.,0.));
#7149=DIRECTION('center_axis',(0.,0.,1.));
#7150=DIRECTION('ref_axis',(-0.707106781186546,0.707106781186549,0.));
#7151=DIRECTION('',(0.,0.,-1.));
#7152=DIRECTION('center_axis',(0.,0.,-1.));
#7153=DIRECTION('ref_axis',(-1.,0.,0.));
#7154=DIRECTION('center_axis',(0.,0.,1.));
#7155=DIRECTION('ref_axis',(0.70710678118654,-0.707106781186555,0.));
#7156=DIRECTION('center_axis',(-2.7755575615629E-16,0.,1.));
#7157=DIRECTION('ref_axis',(0.,-1.,0.));
#7158=DIRECTION('',(0.,0.,1.));
#7159=DIRECTION('center_axis',(0.,1.,0.));
#7160=DIRECTION('ref_axis',(0.,0.,-1.));
#7161=DIRECTION('center_axis',(0.,-1.,0.));
#7162=DIRECTION('ref_axis',(0.,0.,-1.));
#7163=DIRECTION('center_axis',(0.,0.,-1.));
#7164=DIRECTION('ref_axis',(0.70710678118654,0.707106781186555,0.));
#7165=DIRECTION('',(0.,0.,-1.));
#7166=DIRECTION('center_axis',(-2.7755575615629E-16,0.,1.));
#7167=DIRECTION('ref_axis',(1.,0.,2.7755575615629E-16));
#7168=DIRECTION('',(0.,0.,1.));
#7169=DIRECTION('center_axis',(0.,1.,0.));
#7170=DIRECTION('ref_axis',(0.,0.,-1.));
#7171=DIRECTION('center_axis',(0.,-1.,0.));
#7172=DIRECTION('ref_axis',(0.,0.,-1.));
#7173=DIRECTION('center_axis',(0.,1.,0.));
#7174=DIRECTION('ref_axis',(0.,0.,-1.));
#7175=DIRECTION('center_axis',(0.,1.,0.));
#7176=DIRECTION('ref_axis',(1.,0.,1.11022302462516E-16));
#7177=DIRECTION('',(0.,1.,0.));
#7178=DIRECTION('center_axis',(1.,0.,0.));
#7179=DIRECTION('ref_axis',(0.,0.,-1.));
#7180=DIRECTION('center_axis',(0.,0.,1.));
#7181=DIRECTION('ref_axis',(0.707106781186548,0.707106781186548,0.));
#7182=DIRECTION('center_axis',(0.,0.,1.));
#7183=DIRECTION('ref_axis',(0.707106781186548,0.707106781186548,0.));
#7184=DIRECTION('',(0.,0.,1.));
#7185=DIRECTION('center_axis',(0.,0.,1.));
#7186=DIRECTION('ref_axis',(0.707106781186548,0.707106781186548,0.));
#7187=DIRECTION('',(0.,0.,-1.));
#7188=DIRECTION('center_axis',(0.,-1.,0.));
#7189=DIRECTION('ref_axis',(1.,0.,0.));
#7190=DIRECTION('',(1.,0.,0.));
#7191=DIRECTION('',(0.,0.,1.));
#7192=DIRECTION('',(-1.,0.,0.));
#7193=DIRECTION('center_axis',(0.,0.,1.));
#7194=DIRECTION('ref_axis',(0.707106781186548,-0.707106781186548,0.));
#7195=DIRECTION('center_axis',(0.,0.,1.));
#7196=DIRECTION('ref_axis',(0.707106781186548,-0.707106781186548,0.));
#7197=DIRECTION('',(0.,0.,1.));
#7198=DIRECTION('center_axis',(0.,0.,1.));
#7199=DIRECTION('ref_axis',(0.707106781186548,-0.707106781186548,0.));
#7200=DIRECTION('',(0.,0.,-1.));
#7201=DIRECTION('center_axis',(-1.,0.,0.));
#7202=DIRECTION('ref_axis',(0.,-1.,0.));
#7203=DIRECTION('',(0.,1.,0.));
#7204=DIRECTION('',(0.,-1.,0.));
#7205=DIRECTION('center_axis',(0.,0.,1.));
#7206=DIRECTION('ref_axis',(-0.707106781186548,-0.707106781186548,0.));
#7207=DIRECTION('center_axis',(0.,0.,1.));
#7208=DIRECTION('ref_axis',(-0.707106781186548,-0.707106781186548,0.));
#7209=DIRECTION('',(0.,0.,1.));
#7210=DIRECTION('center_axis',(0.,0.,1.));
#7211=DIRECTION('ref_axis',(-0.707106781186548,-0.707106781186548,0.));
#7212=DIRECTION('',(0.,0.,-1.));
#7213=DIRECTION('center_axis',(0.,1.,0.));
#7214=DIRECTION('ref_axis',(-1.,0.,0.));
#7215=DIRECTION('',(1.,0.,0.));
#7216=DIRECTION('',(-1.,0.,0.));
#7217=DIRECTION('center_axis',(0.,0.,1.));
#7218=DIRECTION('ref_axis',(-0.707106781186548,0.707106781186548,0.));
#7219=DIRECTION('center_axis',(0.,0.,1.));
#7220=DIRECTION('ref_axis',(-0.707106781186548,0.707106781186548,0.));
#7221=DIRECTION('',(0.,0.,1.));
#7222=DIRECTION('center_axis',(0.,0.,1.));
#7223=DIRECTION('ref_axis',(-0.707106781186548,0.707106781186548,0.));
#7224=DIRECTION('',(0.,0.,-1.));
#7225=DIRECTION('center_axis',(1.,0.,0.));
#7226=DIRECTION('ref_axis',(0.,1.,0.));
#7227=DIRECTION('',(0.,-1.,0.));
#7228=DIRECTION('',(0.,1.,0.));
#7229=DIRECTION('center_axis',(0.,0.,1.));
#7230=DIRECTION('ref_axis',(-0.707106781186554,-0.707106781186541,0.));
#7231=DIRECTION('center_axis',(0.,0.,-1.));
#7232=DIRECTION('ref_axis',(-0.707106781186554,-0.707106781186541,0.));
#7233=DIRECTION('',(0.,0.,-1.));
#7234=DIRECTION('center_axis',(0.,0.,-1.));
#7235=DIRECTION('ref_axis',(-0.707106781186554,-0.707106781186541,0.));
#7236=DIRECTION('center_axis',(-1.,0.,0.));
#7237=DIRECTION('ref_axis',(0.,-1.,0.));
#7238=DIRECTION('',(0.,-1.,0.));
#7239=DIRECTION('',(0.,0.,1.));
#7240=DIRECTION('',(0.,1.,0.));
#7241=DIRECTION('center_axis',(0.,0.,1.));
#7242=DIRECTION('ref_axis',(1.,0.,0.));
#7243=DIRECTION('',(1.,0.,0.));
#7244=DIRECTION('center_axis',(0.,0.,-1.));
#7245=DIRECTION('ref_axis',(0.707106781186543,-0.707106781186553,0.));
#7246=DIRECTION('',(0.,1.,0.));
#7247=DIRECTION('center_axis',(0.,0.,-1.));
#7248=DIRECTION('ref_axis',(0.707106781186544,0.707106781186551,0.));
#7249=DIRECTION('',(-1.,0.,0.));
#7250=DIRECTION('center_axis',(0.,0.,-1.));
#7251=DIRECTION('ref_axis',(-0.707106781186548,0.707106781186548,0.));
#7252=DIRECTION('',(0.,-1.,0.));
#7253=DIRECTION('center_axis',(0.,0.,-1.));
#7254=DIRECTION('ref_axis',(-0.707106781186535,-0.70710678118656,0.));
#7255=DIRECTION('',(1.,0.,0.));
#7256=DIRECTION('center_axis',(0.,0.,-1.));
#7257=DIRECTION('ref_axis',(0.707106781186548,-0.707106781186548,0.));
#7258=DIRECTION('',(0.,1.,0.));
#7259=DIRECTION('center_axis',(0.,0.,-1.));
#7260=DIRECTION('ref_axis',(0.707106781186548,0.707106781186548,0.));
#7261=DIRECTION('',(-1.,0.,0.));
#7262=DIRECTION('center_axis',(0.,0.,-1.));
#7263=DIRECTION('ref_axis',(-0.707106781186544,0.707106781186551,0.));
#7264=DIRECTION('center_axis',(0.,0.,1.));
#7265=DIRECTION('ref_axis',(-0.707106781186544,0.707106781186551,0.));
#7266=DIRECTION('',(0.,0.,-1.));
#7267=DIRECTION('center_axis',(0.,0.,-1.));
#7268=DIRECTION('ref_axis',(-0.707106781186544,0.707106781186551,0.));
#7269=DIRECTION('center_axis',(0.,1.,0.));
#7270=DIRECTION('ref_axis',(-1.,0.,0.));
#7271=DIRECTION('',(-1.,0.,0.));
#7272=DIRECTION('',(0.,0.,1.));
#7273=DIRECTION('',(1.,0.,0.));
#7274=DIRECTION('',(0.,0.,-1.));
#7275=DIRECTION('',(0.,0.,1.));
#7276=DIRECTION('center_axis',(0.,0.,1.));
#7277=DIRECTION('ref_axis',(0.707106781186544,0.707106781186551,0.));
#7278=DIRECTION('',(0.,0.,-1.));
#7279=DIRECTION('center_axis',(0.,0.,-1.));
#7280=DIRECTION('ref_axis',(0.707106781186544,0.707106781186551,0.));
#7281=DIRECTION('center_axis',(1.,0.,0.));
#7282=DIRECTION('ref_axis',(0.,1.,0.));
#7283=DIRECTION('',(0.,0.,1.));
#7284=DIRECTION('',(0.,-1.,0.));
#7285=DIRECTION('center_axis',(0.,0.,1.));
#7286=DIRECTION('ref_axis',(0.707106781186543,-0.707106781186553,0.));
#7287=DIRECTION('',(0.,0.,-1.));
#7288=DIRECTION('center_axis',(0.,0.,-1.));
#7289=DIRECTION('ref_axis',(0.707106781186543,-0.707106781186553,0.));
#7290=DIRECTION('center_axis',(0.,-1.,0.));
#7291=DIRECTION('ref_axis',(1.,0.,0.));
#7292=DIRECTION('',(-1.,0.,0.));
#7293=DIRECTION('center_axis',(0.,0.,1.));
#7294=DIRECTION('ref_axis',(-0.707106781186535,-0.70710678118656,0.));
#7295=DIRECTION('',(0.,0.,-1.));
#7296=DIRECTION('center_axis',(0.,0.,1.));
#7297=DIRECTION('ref_axis',(-0.707106781186535,-0.70710678118656,0.));
#7298=DIRECTION('',(0.,0.,1.));
#7299=DIRECTION('center_axis',(-1.,0.,0.));
#7300=DIRECTION('ref_axis',(0.,-1.,0.));
#7301=DIRECTION('',(0.,0.,1.));
#7302=DIRECTION('',(0.,1.,0.));
#7303=DIRECTION('center_axis',(0.,0.,1.));
#7304=DIRECTION('ref_axis',(0.707106781186548,-0.707106781186548,0.));
#7305=DIRECTION('',(0.,0.,-1.));
#7306=DIRECTION('center_axis',(0.,0.,1.));
#7307=DIRECTION('ref_axis',(0.707106781186548,-0.707106781186548,0.));
#7308=DIRECTION('',(0.,0.,1.));
#7309=DIRECTION('center_axis',(1.,0.,0.));
#7310=DIRECTION('ref_axis',(0.,1.,0.));
#7311=DIRECTION('',(0.,-1.,0.));
#7312=DIRECTION('',(0.,-1.,0.));
#7313=DIRECTION('',(0.,0.,-1.));
#7314=DIRECTION('center_axis',(0.,0.,1.));
#7315=DIRECTION('ref_axis',(0.707106781186548,0.707106781186548,0.));
#7316=DIRECTION('center_axis',(0.,0.,1.));
#7317=DIRECTION('ref_axis',(0.707106781186548,0.707106781186548,0.));
#7318=DIRECTION('center_axis',(0.,0.,1.));
#7319=DIRECTION('ref_axis',(-0.707106781186548,0.707106781186548,0.));
#7320=DIRECTION('center_axis',(0.,0.,1.));
#7321=DIRECTION('ref_axis',(-0.707106781186548,0.707106781186548,0.));
#7322=DIRECTION('center_axis',(0.,0.,1.));
#7323=DIRECTION('ref_axis',(-1.,0.,0.));
#7324=DIRECTION('',(-1.,0.,0.));
#7325=DIRECTION('center_axis',(0.,0.,-1.));
#7326=DIRECTION('ref_axis',(0.707106781186548,-0.707106781186548,0.));
#7327=DIRECTION('',(0.,-1.,0.));
#7328=DIRECTION('center_axis',(0.,0.,-1.));
#7329=DIRECTION('ref_axis',(0.707106781186548,0.707106781186548,0.));
#7330=DIRECTION('',(1.,0.,0.));
#7331=DIRECTION('center_axis',(0.,0.,-1.));
#7332=DIRECTION('ref_axis',(-0.707106781186549,0.707106781186546,0.));
#7333=DIRECTION('',(0.,1.,0.));
#7334=DIRECTION('center_axis',(0.,0.,-1.));
#7335=DIRECTION('ref_axis',(-0.707106781186548,-0.707106781186547,0.));
#7336=DIRECTION('',(-1.,0.,0.));
#7337=DIRECTION('',(-3.28692043842088E-32,-1.,0.));
#7338=DIRECTION('',(-1.,0.,0.));
#7339=DIRECTION('',(0.,1.,0.));
#7340=DIRECTION('center_axis',(0.,0.,-1.));
#7341=DIRECTION('ref_axis',(-0.707106781186548,-0.707106781186547,0.));
#7342=DIRECTION('',(-1.,-1.22464679914735E-16,0.));
#7343=DIRECTION('center_axis',(0.,0.,-1.));
#7344=DIRECTION('ref_axis',(0.707106781186547,-0.707106781186548,0.));
#7345=DIRECTION('',(0.,-1.,0.));
#7346=DIRECTION('center_axis',(0.,0.,-1.));
#7347=DIRECTION('ref_axis',(0.707106781186546,0.707106781186549,0.));
#7348=DIRECTION('',(1.,0.,0.));
#7349=DIRECTION('center_axis',(0.,0.,-1.));
#7350=DIRECTION('ref_axis',(-0.707106781186546,0.707106781186549,0.));
#7351=DIRECTION('',(0.,1.,0.));
#7352=DIRECTION('',(1.,1.58603289232165E-16,0.));
#7353=DIRECTION('',(-3.28692043842088E-32,-1.,0.));
#7354=DIRECTION('center_axis',(0.,0.,-1.));
#7355=DIRECTION('ref_axis',(0.707106781186547,0.707106781186548,0.));
#7356=DIRECTION('',(1.,0.,0.));
#7357=DIRECTION('center_axis',(0.,0.,-1.));
#7358=DIRECTION('ref_axis',(-0.707106781186548,0.707106781186547,0.));
#7359=DIRECTION('',(3.28692043842088E-32,1.,0.));
#7360=DIRECTION('center_axis',(0.,0.,-1.));
#7361=DIRECTION('ref_axis',(-0.707106781186547,-0.707106781186548,0.));
#7362=DIRECTION('',(-1.,1.83697019872103E-16,0.));
#7363=DIRECTION('center_axis',(0.,0.,-1.));
#7364=DIRECTION('ref_axis',(0.707106781186547,-0.707106781186548,0.));
#7365=DIRECTION('center_axis',(0.,0.,-1.));
#7366=DIRECTION('ref_axis',(-1.,0.,0.));
#7367=DIRECTION('center_axis',(-1.,0.,0.));
#7368=DIRECTION('ref_axis',(0.,-1.,0.));
#7369=DIRECTION('center_axis',(0.,-1.,0.));
#7370=DIRECTION('ref_axis',(0.,0.,1.));
#7371=DIRECTION('center_axis',(0.,0.,1.));
#7372=DIRECTION('ref_axis',(0.707106781186548,0.707106781186548,0.));
#7373=DIRECTION('center_axis',(0.,1.,0.));
#7374=DIRECTION('ref_axis',(-0.707106781186547,0.,0.707106781186548));
#7375=DIRECTION('center_axis',(0.,-1.,0.));
#7376=DIRECTION('ref_axis',(0.,0.,1.));
#7377=DIRECTION('',(0.,1.,0.));
#7378=DIRECTION('center_axis',(0.,0.,-1.));
#7379=DIRECTION('ref_axis',(-1.,0.,0.));
#7380=DIRECTION('center_axis',(-1.,0.,0.));
#7381=DIRECTION('ref_axis',(0.,3.72529118664033E-8,0.999999999999999));
#7382=DIRECTION('center_axis',(0.,0.,1.));
#7383=DIRECTION('ref_axis',(0.707106781186548,-0.707106781186548,0.));
#7384=DIRECTION('center_axis',(1.,0.,0.));
#7385=DIRECTION('ref_axis',(0.,0.707106781186546,0.707106781186549));
#7386=DIRECTION('center_axis',(-1.,0.,0.));
#7387=DIRECTION('ref_axis',(0.,0.,1.));
#7388=DIRECTION('',(1.,0.,0.));
#7389=DIRECTION('',(-1.,0.,0.));
#7390=DIRECTION('center_axis',(0.,0.,-1.));
#7391=DIRECTION('ref_axis',(-1.,0.,0.));
#7392=DIRECTION('center_axis',(0.,1.,0.));
#7393=DIRECTION('ref_axis',(0.,0.,1.));
#7394=DIRECTION('center_axis',(0.,0.,1.));
#7395=DIRECTION('ref_axis',(-0.707106781186548,-0.707106781186547,0.));
#7396=DIRECTION('center_axis',(0.,-1.,0.));
#7397=DIRECTION('ref_axis',(0.707106781186547,0.,0.707106781186548));
#7398=DIRECTION('center_axis',(0.,1.,0.));
#7399=DIRECTION('ref_axis',(0.,0.,1.));
#7400=DIRECTION('',(0.,-1.,0.));
#7401=DIRECTION('center_axis',(0.,0.,-1.));
#7402=DIRECTION('ref_axis',(-1.,0.,0.));
#7403=DIRECTION('center_axis',(1.,0.,0.));
#7404=DIRECTION('ref_axis',(0.,0.,1.));
#7405=DIRECTION('center_axis',(0.,0.,1.));
#7406=DIRECTION('ref_axis',(-0.707106781186549,0.707106781186546,0.));
#7407=DIRECTION('center_axis',(-1.,0.,0.));
#7408=DIRECTION('ref_axis',(0.,-0.707106781186549,0.707106781186546));
#7409=DIRECTION('',(-1.,0.,0.));
#7410=DIRECTION('center_axis',(1.,0.,0.));
#7411=DIRECTION('ref_axis',(0.,1.,0.));
#7412=DIRECTION('',(0.,0.,1.));
#7413=DIRECTION('center_axis',(1.,0.,0.));
#7414=DIRECTION('ref_axis',(0.,0.,-1.));
#7415=DIRECTION('',(0.,0.,-1.));
#7416=DIRECTION('center_axis',(1.,0.,0.));
#7417=DIRECTION('ref_axis',(0.,1.,0.));
#7418=DIRECTION('center_axis',(0.,0.,-1.));
#7419=DIRECTION('ref_axis',(-0.707106781186549,0.707106781186546,0.));
#7420=DIRECTION('',(0.,0.,-1.));
#7421=DIRECTION('center_axis',(0.,-2.7755575615629E-16,1.));
#7422=DIRECTION('ref_axis',(0.,1.,2.7755575615629E-16));
#7423=DIRECTION('center_axis',(0.,1.,0.));
#7424=DIRECTION('ref_axis',(0.,0.,-1.));
#7425=DIRECTION('',(0.,0.,1.));
#7426=DIRECTION('',(-1.,0.,0.));
#7427=DIRECTION('center_axis',(0.,0.,1.));
#7428=DIRECTION('ref_axis',(0.707106781186549,0.707106781186546,0.));
#7429=DIRECTION('',(0.,0.,-1.));
#7430=DIRECTION('center_axis',(0.,-2.7755575615629E-16,1.));
#7431=DIRECTION('ref_axis',(1.,0.,0.));
#7432=DIRECTION('center_axis',(-1.,0.,0.));
#7433=DIRECTION('ref_axis',(0.,0.,-1.));
#7434=DIRECTION('center_axis',(0.,0.,-1.));
#7435=DIRECTION('ref_axis',(0.,-1.,0.));
#7436=DIRECTION('center_axis',(-1.,0.,0.));
#7437=DIRECTION('ref_axis',(0.,0.,-1.));
#7438=DIRECTION('center_axis',(0.,0.,1.));
#7439=DIRECTION('ref_axis',(-0.707106781186543,-0.707106781186552,0.));
#7440=DIRECTION('',(0.,0.,1.));
#7441=DIRECTION('center_axis',(0.,-1.,0.));
#7442=DIRECTION('ref_axis',(0.,0.,1.));
#7443=DIRECTION('',(-1.,0.,0.));
#7444=DIRECTION('',(0.,0.,-1.));
#7445=DIRECTION('center_axis',(-1.,0.,0.));
#7446=DIRECTION('ref_axis',(0.,-1.,-5.55111504040772E-17));
#7447=DIRECTION('center_axis',(1.,0.,0.));
#7448=DIRECTION('ref_axis',(0.,0.,-1.));
#7449=DIRECTION('center_axis',(1.,0.,0.));
#7450=DIRECTION('ref_axis',(0.,0.,-1.));
#7451=DIRECTION('center_axis',(0.,0.,-1.));
#7452=DIRECTION('ref_axis',(1.,0.,0.));
#7453=DIRECTION('center_axis',(-1.,0.,0.));
#7454=DIRECTION('ref_axis',(0.,0.,-1.));
#7455=DIRECTION('center_axis',(0.,0.,1.));
#7456=DIRECTION('ref_axis',(0.707106781186543,-0.707106781186552,0.));
#7457=DIRECTION('',(0.,0.,1.));
#7458=DIRECTION('center_axis',(1.,0.,0.));
#7459=DIRECTION('ref_axis',(0.,1.,0.));
#7460=DIRECTION('center_axis',(-1.,0.,0.));
#7461=DIRECTION('ref_axis',(0.,1.,0.));
#7462=DIRECTION('center_axis',(-1.,0.,0.));
#7463=DIRECTION('ref_axis',(0.,1.,0.));
#7464=DIRECTION('',(1.,0.,0.));
#7465=DIRECTION('center_axis',(0.,1.,0.));
#7466=DIRECTION('ref_axis',(1.,0.,0.));
#7467=DIRECTION('center_axis',(0.,-1.,0.));
#7468=DIRECTION('ref_axis',(1.,0.,0.));
#7469=DIRECTION('',(0.,-1.,0.));
#7470=DIRECTION('center_axis',(0.,1.,0.));
#7471=DIRECTION('ref_axis',(1.,0.,0.));
#7472=DIRECTION('center_axis',(0.,0.,-1.));
#7473=DIRECTION('ref_axis',(-1.,0.,0.));
#7474=DIRECTION('center_axis',(0.832050294337844,0.554700196225229,0.));
#7475=DIRECTION('ref_axis',(-0.554700196225229,0.832050294337843,0.));
#7476=DIRECTION('center_axis',(-0.554700196225229,-0.832050294337844,0.));
#7477=DIRECTION('ref_axis',(-0.832050294337843,0.554700196225229,0.));
#7478=DIRECTION('center_axis',(5.55111512312578E-16,5.55111512312578E-16,
-1.));
#7479=DIRECTION('ref_axis',(0.,1.,5.55111512312578E-16));
#7480=DIRECTION('center_axis',(0.554700196225229,-0.832050294337843,0.));
#7481=DIRECTION('ref_axis',(0.832050294337843,0.554700196225229,0.));
#7482=DIRECTION('center_axis',(-0.832050294337844,0.554700196225229,0.));
#7483=DIRECTION('ref_axis',(0.554700196225229,0.832050294337844,0.));
#7484=DIRECTION('center_axis',(0.,0.,-1.));
#7485=DIRECTION('ref_axis',(1.,0.,0.));
#7486=DIRECTION('center_axis',(-0.832050294337844,-0.554700196225229,-4.10560619742228E-16));
#7487=DIRECTION('ref_axis',(0.554700196225229,-0.832050294337844,0.));
#7488=DIRECTION('center_axis',(0.554700196225229,0.832050294337844,0.));
#7489=DIRECTION('ref_axis',(0.832050294337844,-0.554700196225229,0.));
#7490=DIRECTION('center_axis',(0.,0.,-1.));
#7491=DIRECTION('ref_axis',(-1.11022302462515E-15,-1.,0.));
#7492=DIRECTION('center_axis',(-0.554700196225229,0.832050294337844,0.));
#7493=DIRECTION('ref_axis',(-0.832050294337844,-0.554700196225229,0.));
#7494=DIRECTION('center_axis',(0.832050294337843,-0.554700196225229,0.));
#7495=DIRECTION('ref_axis',(-0.554700196225229,-0.832050294337843,0.));
#7496=DIRECTION('center_axis',(-3.28692043842088E-32,-1.,0.));
#7497=DIRECTION('ref_axis',(-0.707106781186548,0.,0.707106781186548));
#7498=DIRECTION('',(3.28692043842088E-32,1.,0.));
#7499=DIRECTION('center_axis',(0.,1.,0.));
#7500=DIRECTION('ref_axis',(-1.,0.,-1.85037170770859E-16));
#7501=DIRECTION('center_axis',(3.28692043842088E-32,1.,0.));
#7502=DIRECTION('ref_axis',(-0.707106781186548,0.,0.707106781186548));
#7503=DIRECTION('center_axis',(1.85037170770859E-16,-1.,0.));
#7504=DIRECTION('ref_axis',(0.,0.,1.));
#7505=DIRECTION('',(3.28692043842088E-32,1.,0.));
#7506=DIRECTION('center_axis',(0.,0.,-1.));
#7507=DIRECTION('ref_axis',(-1.,0.,0.));
#7508=DIRECTION('center_axis',(-1.,1.85037170770859E-16,0.));
#7509=DIRECTION('ref_axis',(0.,0.,1.));
#7510=DIRECTION('center_axis',(0.,0.,1.));
#7511=DIRECTION('ref_axis',(0.707106781186547,-0.707106781186548,0.));
#7512=DIRECTION('center_axis',(-1.,1.83697019872103E-16,0.));
#7513=DIRECTION('ref_axis',(0.,0.707106781186548,0.707106781186547));
#7514=DIRECTION('center_axis',(-1.,0.,0.));
#7515=DIRECTION('ref_axis',(0.,0.,1.));
#7516=DIRECTION('',(-1.,1.83697019872103E-16,-1.22464679914735E-16));
#7517=DIRECTION('center_axis',(0.,0.,-1.));
#7518=DIRECTION('ref_axis',(-1.,0.,0.));
#7519=DIRECTION('center_axis',(0.,1.,0.));
#7520=DIRECTION('ref_axis',(0.,0.,1.));
#7521=DIRECTION('center_axis',(0.,0.,1.));
#7522=DIRECTION('ref_axis',(-0.707106781186547,-0.707106781186548,0.));
#7523=DIRECTION('center_axis',(3.28692043842088E-32,1.,0.));
#7524=DIRECTION('ref_axis',(0.707106781186548,0.,0.707106781186548));
#7525=DIRECTION('center_axis',(0.,1.,0.));
#7526=DIRECTION('ref_axis',(0.,0.,1.));
#7527=DIRECTION('',(-3.28692043842088E-32,-1.,0.));
#7528=DIRECTION('center_axis',(0.,0.,-1.));
#7529=DIRECTION('ref_axis',(-1.,0.,0.));
#7530=DIRECTION('center_axis',(1.,-2.77555756156289E-16,0.));
#7531=DIRECTION('ref_axis',(0.,0.,1.));
#7532=DIRECTION('center_axis',(0.,0.,1.));
#7533=DIRECTION('ref_axis',(-0.707106781186548,0.707106781186547,0.));
#7534=DIRECTION('center_axis',(1.,0.,0.));
#7535=DIRECTION('ref_axis',(0.,-0.707106781186547,0.707106781186548));
#7536=DIRECTION('center_axis',(1.,0.,0.));
#7537=DIRECTION('ref_axis',(0.,0.,1.));
#7538=DIRECTION('',(1.,0.,1.22464679914735E-16));
#7539=DIRECTION('center_axis',(0.,0.,-1.));
#7540=DIRECTION('ref_axis',(-1.,0.,0.));
#7541=DIRECTION('center_axis',(0.,0.,1.));
#7542=DIRECTION('ref_axis',(0.707106781186547,0.707106781186548,0.));
#7543=DIRECTION('center_axis',(1.,1.58603289232165E-16,0.));
#7544=DIRECTION('ref_axis',(0.,-0.707106781186547,0.707106781186548));
#7545=DIRECTION('',(-1.,-1.58603289232165E-16,0.));
#7546=DIRECTION('',(1.,1.58603289232165E-16,1.22464679914735E-16));
#7547=DIRECTION('',(-1.,-1.58603289232165E-16,0.));
#7548=DIRECTION('center_axis',(0.,-1.,0.));
#7549=DIRECTION('ref_axis',(0.707106781186548,0.,0.707106781186547));
#7550=DIRECTION('center_axis',(0.,1.,0.));
#7551=DIRECTION('ref_axis',(0.,0.,1.));
#7552=DIRECTION('',(0.,-1.,0.));
#7553=DIRECTION('center_axis',(0.,0.,-1.));
#7554=DIRECTION('ref_axis',(-1.,0.,0.));
#7555=DIRECTION('center_axis',(1.,0.,0.));
#7556=DIRECTION('ref_axis',(0.,0.,1.));
#7557=DIRECTION('center_axis',(0.,0.,1.));
#7558=DIRECTION('ref_axis',(-0.707106781186546,0.707106781186549,0.));
#7559=DIRECTION('center_axis',(-1.,0.,0.));
#7560=DIRECTION('ref_axis',(0.,-0.707106781186548,0.707106781186547));
#7561=DIRECTION('center_axis',(1.,0.,0.));
#7562=DIRECTION('ref_axis',(0.,0.,1.));
#7563=DIRECTION('',(1.,0.,1.22464679914735E-16));
#7564=DIRECTION('center_axis',(0.,0.,-1.));
#7565=DIRECTION('ref_axis',(-1.,0.,0.));
#7566=DIRECTION('center_axis',(0.,-1.,0.));
#7567=DIRECTION('ref_axis',(0.,0.,1.));
#7568=DIRECTION('center_axis',(0.,0.,1.));
#7569=DIRECTION('ref_axis',(0.707106781186546,0.707106781186549,0.));
#7570=DIRECTION('center_axis',(0.,1.,0.));
#7571=DIRECTION('ref_axis',(-0.707106781186547,0.,0.707106781186548));
#7572=DIRECTION('center_axis',(-1.8503717077086E-16,-1.,0.));
#7573=DIRECTION('ref_axis',(0.,0.,1.));
#7574=DIRECTION('',(0.,1.,0.));
#7575=DIRECTION('center_axis',(0.,0.,-1.));
#7576=DIRECTION('ref_axis',(-1.,0.,0.));
#7577=DIRECTION('center_axis',(-1.,0.,0.));
#7578=DIRECTION('ref_axis',(0.,0.,1.));
#7579=DIRECTION('center_axis',(0.,0.,1.));
#7580=DIRECTION('ref_axis',(0.707106781186547,-0.707106781186548,0.));
#7581=DIRECTION('center_axis',(1.,1.22464679914735E-16,0.));
#7582=DIRECTION('ref_axis',(0.,0.707106781186548,0.707106781186547));
#7583=DIRECTION('center_axis',(-1.,0.,0.));
#7584=DIRECTION('ref_axis',(0.,0.,1.));
#7585=DIRECTION('',(-1.,-1.22464679914735E-16,-1.22464679914735E-16));
#7586=DIRECTION('center_axis',(0.,0.,-1.));
#7587=DIRECTION('ref_axis',(-1.,0.,0.));
#7588=DIRECTION('center_axis',(9.25185853854298E-17,1.,0.));
#7589=DIRECTION('ref_axis',(0.,0.,1.));
#7590=DIRECTION('center_axis',(0.,0.,1.));
#7591=DIRECTION('ref_axis',(-0.707106781186548,-0.707106781186547,0.));
#7592=DIRECTION('center_axis',(0.,1.,0.));
#7593=DIRECTION('ref_axis',(0.707106781186548,0.,0.707106781186547));
#7594=DIRECTION('',(0.,-1.,0.));
#7595=DIRECTION('center_axis',(-1.,0.,0.));
#7596=DIRECTION('ref_axis',(0.,0.707106781186548,0.707106781186548));
#7597=DIRECTION('',(1.,0.,0.));
#7598=DIRECTION('',(-1.,0.,-1.22464679914735E-16));
#7599=DIRECTION('',(1.,0.,0.));
#7600=DIRECTION('center_axis',(0.,-1.,0.));
#7601=DIRECTION('ref_axis',(-1.,0.,-1.22464679914735E-16));
#7602=DIRECTION('center_axis',(0.,-1.,0.));
#7603=DIRECTION('ref_axis',(0.707106781186547,0.,0.707106781186548));
#7604=DIRECTION('',(1.22464679914735E-16,0.,-1.));
#7605=DIRECTION('center_axis',(0.,-1.,0.));
#7606=DIRECTION('ref_axis',(-1.,0.,-1.22464679914735E-16));
#7607=DIRECTION('',(-1.22464679914735E-16,0.,1.));
#7608=DIRECTION('center_axis',(0.,-1.,0.));
#7609=DIRECTION('ref_axis',(-0.707106781186548,0.,0.707106781186547));
#7610=DIRECTION('center_axis',(1.22464679914735E-16,0.,-1.));
#7611=DIRECTION('ref_axis',(-0.707106781186548,0.707106781186548,-8.65956056235493E-17));
#7612=DIRECTION('',(1.22464679914735E-16,0.,-1.));
#7613=DIRECTION('center_axis',(1.22464679914735E-16,0.,-1.));
#7614=DIRECTION('ref_axis',(0.707106781186548,-0.707106781186547,8.65956056235494E-17));
#7615=DIRECTION('',(-1.22464679914735E-16,0.,1.));
#7616=DIRECTION('center_axis',(1.22464679914735E-16,0.,-1.));
#7617=DIRECTION('ref_axis',(-0.707106781186549,-0.707106781186546,-8.65956056235496E-17));
#7618=DIRECTION('',(1.22464679914735E-16,0.,-1.));
#7619=DIRECTION('center_axis',(1.,-3.28692043842088E-32,1.22464679914735E-16));
#7620=DIRECTION('ref_axis',(-3.28692043842088E-32,-1.,-4.02531659396415E-48));
#7621=DIRECTION('',(-1.22464679914735E-16,0.,1.));
#7622=DIRECTION('center_axis',(-1.,3.28692043842088E-32,-1.22464679914735E-16));
#7623=DIRECTION('ref_axis',(-1.20751802831222E-16,-0.166666666666667,0.986013297183269));
#7624=DIRECTION('',(-1.22464679914735E-16,0.,1.));
#7625=DIRECTION('center_axis',(1.,-3.28692043842088E-32,1.22464679914735E-16));
#7626=DIRECTION('ref_axis',(-3.28692043842088E-32,-1.,-4.02531659396415E-48));
#7627=DIRECTION('',(-1.22464679914735E-16,3.59189802084609E-16,1.));
#7628=DIRECTION('center_axis',(-1.,3.28692043842088E-32,-1.22464679914735E-16));
#7629=DIRECTION('ref_axis',(-1.20751802831222E-16,0.166666666666667,0.986013297183269));
#7630=DIRECTION('center_axis',(-1.,3.28692043842088E-32,-1.22464679914735E-16));
#7631=DIRECTION('ref_axis',(-3.28692043842088E-32,-1.,-4.02531659396415E-48));
#7632=DIRECTION('center_axis',(1.22464679914735E-16,0.,-1.));
#7633=DIRECTION('ref_axis',(-0.707106781186546,0.707106781186549,-8.65956056235491E-17));
#7634=DIRECTION('center_axis',(1.22464679914735E-16,0.,-1.));
#7635=DIRECTION('ref_axis',(0.707106781186548,0.707106781186548,8.65956056235493E-17));
#7636=DIRECTION('',(1.22464679914735E-16,0.,-1.));
#7637=DIRECTION('center_axis',(1.,-3.28692043842088E-32,1.22464679914735E-16));
#7638=DIRECTION('ref_axis',(-3.28692043842088E-32,-1.,-4.02531659396415E-48));
#7639=DIRECTION('center_axis',(1.,-3.28692043842088E-32,1.22464679914735E-16));
#7640=DIRECTION('ref_axis',(-1.20751802831222E-16,0.166666666666667,0.986013297183269));
#7641=DIRECTION('',(-1.22464679914735E-16,3.59189802084609E-16,1.));
#7642=DIRECTION('center_axis',(-1.,3.28692043842088E-32,-1.22464679914735E-16));
#7643=DIRECTION('ref_axis',(-3.28692043842088E-32,-1.,-4.02531659396415E-48));
#7644=DIRECTION('',(1.22464679914735E-16,0.,-1.));
#7645=DIRECTION('center_axis',(1.,-3.28692043842088E-32,1.22464679914735E-16));
#7646=DIRECTION('ref_axis',(-1.20751802831222E-16,-0.166666666666667,0.986013297183269));
#7647=DIRECTION('',(-1.22464679914735E-16,0.,1.));
#7648=DIRECTION('',(3.28692043842088E-32,1.,4.02531659396415E-48));
#7649=DIRECTION('center_axis',(1.,-3.28692043842088E-32,1.22464679914735E-16));
#7650=DIRECTION('ref_axis',(-3.28692043842088E-32,-1.,-4.02531659396415E-48));
#7651=DIRECTION('center_axis',(1.22464679914735E-16,0.,-1.));
#7652=DIRECTION('ref_axis',(-0.707106781186548,-0.707106781186548,-8.65956056235493E-17));
#7653=DIRECTION('',(1.22464679914735E-16,0.,-1.));
#7654=DIRECTION('center_axis',(-1.58603289232165E-16,1.,-1.94233010492413E-32));
#7655=DIRECTION('ref_axis',(1.,1.58603289232165E-16,1.22464679914735E-16));
#7656=DIRECTION('',(-1.22464679914735E-16,0.,1.));
#7657=DIRECTION('center_axis',(-1.58603289232165E-16,1.,-1.94233010492413E-32));
#7658=DIRECTION('ref_axis',(0.707106781186547,0.,0.707106781186548));
#7659=DIRECTION('center_axis',(-1.58603289232165E-16,1.,-1.94233010492413E-32));
#7660=DIRECTION('ref_axis',(1.,1.58603289232165E-16,1.22464679914735E-16));
#7661=DIRECTION('center_axis',(-1.58603289232165E-16,1.,-1.94233010492413E-32));
#7662=DIRECTION('ref_axis',(-0.707106781186548,0.,0.707106781186547));
#7663=DIRECTION('center_axis',(0.,-1.,0.));
#7664=DIRECTION('ref_axis',(1.,0.,0.));
#7665=DIRECTION('center_axis',(0.,0.,1.));
#7666=DIRECTION('ref_axis',(1.,0.,0.));
#7667=DIRECTION('center_axis',(-1.,3.28692043842088E-32,-1.22464679914735E-16));
#7668=DIRECTION('ref_axis',(-1.20751802831222E-16,0.166666666666667,0.986013297183269));
#7669=DIRECTION('',(1.,-3.28692043842088E-32,1.22464679914735E-16));
#7670=DIRECTION('center_axis',(1.,-3.28692043842088E-32,1.22464679914735E-16));
#7671=DIRECTION('ref_axis',(-1.20751802831222E-16,-0.166666666666667,0.986013297183269));
#7672=DIRECTION('',(-1.,3.28692043842088E-32,-1.22464679914735E-16));
#7673=DIRECTION('center_axis',(1.22464679914735E-16,0.,-1.));
#7674=DIRECTION('ref_axis',(-0.707106781186547,0.707106781186548,-8.65956056235493E-17));
#7675=DIRECTION('',(-1.22464679914735E-16,0.,1.));
#7676=DIRECTION('center_axis',(1.,0.,1.22464679914735E-16));
#7677=DIRECTION('ref_axis',(-1.20751802831222E-16,-0.166666666666667,0.986013297183269));
#7678=DIRECTION('center_axis',(1.,0.,1.22464679914735E-16));
#7679=DIRECTION('ref_axis',(-1.20751802831222E-16,-0.166666666666667,0.986013297183269));
#7680=DIRECTION('',(-1.,0.,-1.22464679914735E-16));
#7681=DIRECTION('center_axis',(-1.,0.,-1.22464679914735E-16));
#7682=DIRECTION('ref_axis',(-1.20751802831222E-16,-0.166666666666667,0.986013297183269));
#7683=DIRECTION('center_axis',(1.22464679914735E-16,0.,-1.));
#7684=DIRECTION('ref_axis',(0.707106781186547,0.707106781186548,8.65956056235493E-17));
#7685=DIRECTION('',(1.22464679914735E-16,0.,-1.));
#7686=DIRECTION('center_axis',(1.22464679914735E-16,0.,-1.));
#7687=DIRECTION('ref_axis',(0.707106781186548,-0.707106781186548,8.65956056235493E-17));
#7688=DIRECTION('',(-1.22464679914735E-16,0.,1.));
#7689=DIRECTION('center_axis',(-1.,-1.58000640528653E-47,-1.22464679914735E-16));
#7690=DIRECTION('ref_axis',(-1.20751802831222E-16,0.166666666666667,0.986013297183269));
#7691=DIRECTION('center_axis',(-1.,0.,-1.22464679914735E-16));
#7692=DIRECTION('ref_axis',(-1.20751802831222E-16,0.166666666666667,0.986013297183269));
#7693=DIRECTION('',(1.,1.58000640528653E-47,1.22464679914735E-16));
#7694=DIRECTION('center_axis',(1.,0.,1.22464679914735E-16));
#7695=DIRECTION('ref_axis',(-1.20751802831222E-16,0.166666666666667,0.986013297183269));
#7696=DIRECTION('center_axis',(1.22464679914735E-16,0.,-1.));
#7697=DIRECTION('ref_axis',(-0.707106781186547,-0.707106781186548,-8.65956056235493E-17));
#7698=DIRECTION('',(1.22464679914735E-16,0.,-1.));
#7699=DIRECTION('center_axis',(3.28692043842088E-32,1.,4.02531659396415E-48));
#7700=DIRECTION('ref_axis',(-0.707106781186548,0.,0.707106781186547));
#7701=DIRECTION('',(-3.28692043842088E-32,-1.,-4.02531659396415E-48));
#7702=DIRECTION('center_axis',(1.22464679914735E-16,0.,-1.));
#7703=DIRECTION('ref_axis',(-1.,0.,-1.22464679914735E-16));
#7704=DIRECTION('',(0.,1.,0.));
#7705=DIRECTION('center_axis',(1.22464679914735E-16,0.,-1.));
#7706=DIRECTION('ref_axis',(0.707106781186547,-0.707106781186548,8.65956056235492E-17));
#7707=DIRECTION('',(1.22464679914735E-16,0.,-1.));
#7708=DIRECTION('center_axis',(0.,1.,0.));
#7709=DIRECTION('ref_axis',(0.707106781186547,0.,0.707106781186548));
#7710=DIRECTION('',(0.,-1.,0.));
#7711=DIRECTION('center_axis',(1.22464679914735E-16,0.,-1.));
#7712=DIRECTION('ref_axis',(0.707106781186547,0.707106781186548,8.65956056235492E-17));
#7713=DIRECTION('',(-1.22464679914735E-16,0.,1.));
#7714=DIRECTION('center_axis',(-1.,3.28692043842088E-32,-1.22464679914735E-16));
#7715=DIRECTION('ref_axis',(-3.28692043842088E-32,-1.,-4.02531659396415E-48));
#7716=DIRECTION('',(-1.,3.28692043842088E-32,-1.22464679914735E-16));
#7717=DIRECTION('center_axis',(-1.,3.28692043842088E-32,-1.22464679914735E-16));
#7718=DIRECTION('ref_axis',(-3.28692043842088E-32,-1.,-4.02531659396415E-48));
#7719=DIRECTION('',(1.,-3.28692043842088E-32,1.22464679914735E-16));
#7720=DIRECTION('',(1.,-3.28692043842088E-32,1.22464679914735E-16));
#7721=DIRECTION('center_axis',(-3.28692043842088E-32,-1.,-4.02531659396415E-48));
#7722=DIRECTION('ref_axis',(1.22464679914735E-16,0.,-1.));
#7723=DIRECTION('center_axis',(7.68572685251376E-32,1.,-3.59189802084609E-16));
#7724=DIRECTION('ref_axis',(-1.22464679914735E-16,3.59189802084609E-16,
1.));
#7725=DIRECTION('center_axis',(-1.,0.,-1.22464679914735E-16));
#7726=DIRECTION('ref_axis',(0.,-1.,0.));
#7727=DIRECTION('center_axis',(1.,0.,1.22464679914735E-16));
#7728=DIRECTION('ref_axis',(0.,-1.,0.));
#7729=DIRECTION('',(1.,0.,1.22464679914735E-16));
#7730=DIRECTION('center_axis',(-1.,0.,-1.22464679914735E-16));
#7731=DIRECTION('ref_axis',(0.,-1.,0.));
#7732=DIRECTION('center_axis',(-1.,0.,-1.22464679914735E-16));
#7733=DIRECTION('ref_axis',(0.,-1.,0.));
#7734=DIRECTION('center_axis',(1.,0.,1.22464679914735E-16));
#7735=DIRECTION('ref_axis',(0.,-1.,0.));
#7736=DIRECTION('',(-1.,0.,-1.22464679914735E-16));
#7737=DIRECTION('center_axis',(-1.,0.,-1.22464679914735E-16));
#7738=DIRECTION('ref_axis',(0.,-1.,0.));
#7739=DIRECTION('',(-1.,0.,-1.22464679914735E-16));
#7740=DIRECTION('center_axis',(0.,1.,0.));
#7741=DIRECTION('ref_axis',(1.22464679914735E-16,0.,-1.));
#7742=DIRECTION('',(-1.22464679914735E-16,0.,1.));
#7743=DIRECTION('',(1.22464679914735E-16,0.,-1.));
#7744=DIRECTION('center_axis',(-4.39880641409288E-32,-1.,3.59189802084609E-16));
#7745=DIRECTION('ref_axis',(-1.22464679914735E-16,3.59189802084609E-16,
1.));
#7746=DIRECTION('',(-1.22464679914735E-16,3.59189802084609E-16,1.));
#7747=DIRECTION('',(-1.22464679914735E-16,3.59189802084609E-16,1.));
#7748=DIRECTION('center_axis',(1.,0.,1.22464679914735E-16));
#7749=DIRECTION('ref_axis',(0.,-1.,0.));
#7750=DIRECTION('center_axis',(1.,0.,1.22464679914735E-16));
#7751=DIRECTION('ref_axis',(0.,-1.,0.));
#7752=DIRECTION('',(2.82521974021189E-19,-0.00461393398027731,-0.999989355749963));
#7753=DIRECTION('',(6.12316881850308E-17,-0.999989355749963,0.00461393398027731));
#7754=DIRECTION('',(1.10815079395726E-17,2.3081364607732E-18,1.));
#7755=DIRECTION('',(1.,0.,0.));
#7756=DIRECTION('',(-1.16576434701955E-18,0.00461393398027731,0.999989355749963));
#7757=DIRECTION('',(6.12316881850308E-17,-0.999989355749963,0.00461393398027731));
#7758=CARTESIAN_POINT('',(0.,0.,0.));
#7759=CARTESIAN_POINT('',(0.,0.,0.));
#7760=CARTESIAN_POINT('Ctrl Pts',(7.,5.55111512312578E-16,5.));
#7761=CARTESIAN_POINT('Ctrl Pts',(7.78539816339745,-0.560998688141034,5.));
#7762=CARTESIAN_POINT('Ctrl Pts',(9.35595290158649,-1.6828235011332,4.80937389774641));
#7763=CARTESIAN_POINT('Ctrl Pts',(11.4479080721382,-3.1770771943844,3.98388028213086));
#7764=CARTESIAN_POINT('Ctrl Pts',(13.0399463855456,-4.31424741824683,2.71083031964628));
#7765=CARTESIAN_POINT('Ctrl Pts',(13.9549744503856,-4.96783889313257,1.13388633510761));
#7766=CARTESIAN_POINT('Ctrl Pts',(14.0884723922565,-5.06319456589753,-0.570493104264354));
#7767=CARTESIAN_POINT('Ctrl Pts',(13.4273001295081,-4.59092866393439,-2.2108292888683));
#7768=CARTESIAN_POINT('Ctrl Pts',(12.5051078355756,-3.93221988255402,-3.13884792931145));
#7769=CARTESIAN_POINT('Ctrl Pts',(11.9497474683058,-3.53553390593274,-3.53553390593274));
#7770=CARTESIAN_POINT('Ctrl Pts',(7.,3.55686663108834E-16,5.));
#7771=CARTESIAN_POINT('Ctrl Pts',(7.74265540620575,-0.603741445332733,5.));
#7772=CARTESIAN_POINT('Ctrl Pts',(9.22781743134799,-1.81109561323693,4.77918220924957));
#7773=CARTESIAN_POINT('Ctrl Pts',(11.1774932752613,-3.36381955941481,3.84657733281715));
#7774=CARTESIAN_POINT('Ctrl Pts',(12.6070591075265,-4.44889969717474,2.49056890961145));
#7775=CARTESIAN_POINT('Ctrl Pts',(13.3676654550143,-4.97809125990695,0.981451620957668));
#7776=CARTESIAN_POINT('Ctrl Pts',(13.4715668955884,-5.04553998463962,-0.488652897868155));
#7777=CARTESIAN_POINT('Ctrl Pts',(12.9385770868683,-4.68700290353328,-1.98844805057685));
#7778=CARTESIAN_POINT('Ctrl Pts',(12.1267118396143,-4.08427232088601,-2.94929527686701));
#7779=CARTESIAN_POINT('Ctrl Pts',(11.6240205273123,-3.69839737642948,-3.37267043543599));
#7780=CARTESIAN_POINT('Ctrl Pts',(7.,6.69317700228261E-18,5.));
#7781=CARTESIAN_POINT('Ctrl Pts',(7.66785558112028,-0.678541270418203,5.));
#7782=CARTESIAN_POINT('Ctrl Pts',(9.00334688582147,-2.03540778202325,4.75623035717711));
#7783=CARTESIAN_POINT('Ctrl Pts',(10.7032965283608,-3.77057251086655,3.73904470530764));
#7784=CARTESIAN_POINT('Ctrl Pts',(11.8512261697173,-4.95595963079392,2.30575395188472));
#7785=CARTESIAN_POINT('Ctrl Pts',(12.3517776434654,-5.48649687997804,0.8470682429646));
#7786=CARTESIAN_POINT('Ctrl Pts',(12.4058543928962,-5.54564195274428,-0.415277786727254));
#7787=CARTESIAN_POINT('Ctrl Pts',(12.0868241128138,-5.20310462984973,-1.79842397020387));
#7788=CARTESIAN_POINT('Ctrl Pts',(11.467029234553,-4.55916755661788,-2.79382776454073));
#7789=CARTESIAN_POINT('Ctrl Pts',(11.0551275908358,-4.13504679023754,-3.24042691276754));
#7790=CARTESIAN_POINT('Ctrl Pts',(7.,-3.42300309104269E-16,5.));
#7791=CARTESIAN_POINT('Ctrl Pts',(7.59305575603481,-0.753341095503676,5.));
#7792=CARTESIAN_POINT('Ctrl Pts',(8.7789475514591,-2.2597772072184,4.7865415438638));
#7793=CARTESIAN_POINT('Ctrl Pts',(10.3166806898264,-4.24467538895588,3.88075537815886));
#7794=CARTESIAN_POINT('Ctrl Pts',(11.4149328789735,-5.71499396452769,2.54595483133953));
#7795=CARTESIAN_POINT('Ctrl Pts',(11.9763711751273,-6.51528025025041,1.02068906551487));
#7796=CARTESIAN_POINT('Ctrl Pts',(12.0507858194568,-6.62657394355062,-0.509574792104598));
#7797=CARTESIAN_POINT('Ctrl Pts',(11.6626541563296,-6.06044403266726,-2.04502708027684));
#7798=CARTESIAN_POINT('Ctrl Pts',(11.046508656616,-5.22154201985986,-2.99699582626358));
#7799=CARTESIAN_POINT('Ctrl Pts',(10.6576815088053,-4.70545226256072,-3.41338630306018));
#7800=CARTESIAN_POINT('Ctrl Pts',(7.,-4.91868946007077E-16,5.));
#7801=CARTESIAN_POINT('Ctrl Pts',(7.56099868814103,-0.785398163397449,5.));
#7802=CARTESIAN_POINT('Ctrl Pts',(8.68282350113321,-2.35595290158648,4.80937389774641));
#7803=CARTESIAN_POINT('Ctrl Pts',(10.1770771943844,-4.44790807213816,3.98388028213086));
#7804=CARTESIAN_POINT('Ctrl Pts',(11.3142474182468,-6.03994638554556,2.71083031964628));
#7805=CARTESIAN_POINT('Ctrl Pts',(11.9678388931326,-6.95497445038559,1.13388633510761));
#7806=CARTESIAN_POINT('Ctrl Pts',(12.0631945658975,-7.08847239225655,-0.570493104264355));
#7807=CARTESIAN_POINT('Ctrl Pts',(11.5909286639344,-6.42730012950815,-2.2108292888683));
#7808=CARTESIAN_POINT('Ctrl Pts',(10.932219882554,-5.50510783557563,-3.13884792931146));
#7809=CARTESIAN_POINT('Ctrl Pts',(10.5355339059327,-4.94974746830583,-3.53553390593274));
#7810=CARTESIAN_POINT('',(10.5355339059327,-4.94974746830583,-3.53553390593274));
#7811=CARTESIAN_POINT('',(11.9497474683058,-3.53553390593274,-3.53553390593274));
#7812=CARTESIAN_POINT('Origin',(11.9497474683058,-4.94974746830583,-4.94974746830583));
#7813=CARTESIAN_POINT('',(14.,-5.,-7.93016446160826E-16));
#7814=CARTESIAN_POINT('Origin',(7.,0.,0.));
#7815=CARTESIAN_POINT('',(7.,0.,5.));
#7816=CARTESIAN_POINT('Origin',(7.,0.,0.));
#7817=CARTESIAN_POINT('Origin',(7.,0.,0.));
#7818=CARTESIAN_POINT('Origin',(9.13316497887056,-2.13316497887056,-7.76632995774111));
#7819=CARTESIAN_POINT('',(9.07106792362418,-3.48528148599728,-4.99999988824129));
#7820=CARTESIAN_POINT('',(7.71895141649746,-2.13316497887056,-6.35211639536802));
#7821=CARTESIAN_POINT('',(10.4852814859973,-2.07106792362418,-4.99999988824129));
#7822=CARTESIAN_POINT('Origin',(11.8994950483704,-4.89949504837037,-4.99999988824129));
#7823=CARTESIAN_POINT('',(9.13316497887056,-0.71895141649746,-6.35211639536801));
#7824=CARTESIAN_POINT('Origin',(3.0216570152323,-3.9783429847677,-5.92115195184396));
#7825=CARTESIAN_POINT('',(3.51471851400272,-2.07106792362418,-4.99999988824129));
#7826=CARTESIAN_POINT('',(4.92893207637582,-3.48528148599728,-4.99999988824129));
#7827=CARTESIAN_POINT('Origin',(2.10050495162963,-4.89949504837037,-4.99999988824129));
#7828=CARTESIAN_POINT('',(3.46446609406726,-4.94974746830583,-3.53553390593274));
#7829=CARTESIAN_POINT('',(4.43587057760539,-3.9783429847677,-4.50693838947087));
#7830=CARTESIAN_POINT('',(2.05025253169417,-3.53553390593274,-3.53553390593274));
#7831=CARTESIAN_POINT('Origin',(2.05025253169417,-4.94974746830583,-4.94974746830583));
#7832=CARTESIAN_POINT('',(3.0216570152323,-2.56412942239461,-4.50693838947087));
#7833=CARTESIAN_POINT('Ctrl Pts',(2.05025253169417,-3.53553390593274,-3.53553390593274));
#7834=CARTESIAN_POINT('Ctrl Pts',(1.49489216442437,-3.93221988255402,-3.13884792931146));
#7835=CARTESIAN_POINT('Ctrl Pts',(0.573358712621941,-4.5904580624129,-2.21110090236445));
#7836=CARTESIAN_POINT('Ctrl Pts',(-0.0896598648453238,-5.0640427606038,
-0.56986929896946));
#7837=CARTESIAN_POINT('Ctrl Pts',(0.0467451604117193,-4.96661059970592,
1.13267407914831));
#7838=CARTESIAN_POINT('Ctrl Pts',(1.26024457235581,-4.09982530546014,3.24043384683963));
#7839=CARTESIAN_POINT('Ctrl Pts',(3.85277073502772,-2.24802090355162,4.71947315094863));
#7840=CARTESIAN_POINT('Ctrl Pts',(6.21460183660255,-0.560998688141034,5.));
#7841=CARTESIAN_POINT('Ctrl Pts',(7.,5.55111512312578E-16,5.));
#7842=CARTESIAN_POINT('Ctrl Pts',(2.37597947268766,-3.69839737642948,-3.37267043543599));
#7843=CARTESIAN_POINT('Ctrl Pts',(1.87328816038566,-4.08427232088601,-2.94929527686702));
#7844=CARTESIAN_POINT('Ctrl Pts',(1.06215560357618,-4.68649192106273,-1.99083628732191));
#7845=CARTESIAN_POINT('Ctrl Pts',(0.527751455353847,-5.04574908204751,-0.486489296487149));
#7846=CARTESIAN_POINT('Ctrl Pts',(0.633959098076573,-4.97678905997797,0.980810463321388));
#7847=CARTESIAN_POINT('Ctrl Pts',(1.63885766164554,-4.28206915627642,2.99951411150327));
#7848=CARTESIAN_POINT('Ctrl Pts',(4.02015924207736,-2.42707967726722,4.67896765260034));
#7849=CARTESIAN_POINT('Ctrl Pts',(6.25734459379425,-0.603741445332733,5.));
#7850=CARTESIAN_POINT('Ctrl Pts',(7.,5.55111512312578E-16,5.));
#7851=CARTESIAN_POINT('Ctrl Pts',(2.94490395591661,-4.13500811946672,-3.24035669524428));
#7852=CARTESIAN_POINT('Ctrl Pts',(2.53300231219944,-4.55912888584707,-2.79375754701747));
#7853=CARTESIAN_POINT('Ctrl Pts',(1.91460664736432,-5.20160988943383,-1.8010583394947));
#7854=CARTESIAN_POINT('Ctrl Pts',(1.59343870795274,-5.5463835076644,-0.411850736485496));
#7855=CARTESIAN_POINT('Ctrl Pts',(1.65150243616824,-5.48315674513748,0.844825309489296));
#7856=CARTESIAN_POINT('Ctrl Pts',(2.30306674520686,-4.79101843868601,2.8023299881287));
#7857=CARTESIAN_POINT('Ctrl Pts',(4.31310819939366,-2.72873518877873,4.65127314300143));
#7858=CARTESIAN_POINT('Ctrl Pts',(6.33214441887972,-0.678541270418203,5.));
#7859=CARTESIAN_POINT('Ctrl Pts',(7.,5.55111512312578E-16,5.));
#7860=CARTESIAN_POINT('Ctrl Pts',(3.34231849119471,-4.70545226256071,-3.41338630306018));
#7861=CARTESIAN_POINT('Ctrl Pts',(2.953491343384,-5.22154201985986,-2.99699582626358));
#7862=CARTESIAN_POINT('Ctrl Pts',(2.33801852482069,-6.05957088681647,-2.04631340597871));
#7863=CARTESIAN_POINT('Ctrl Pts',(1.94846486770699,-6.62773820129197,-0.507989467030902));
#7864=CARTESIAN_POINT('Ctrl Pts',(2.02548612754562,-6.51309567880479,1.019440022839));
#7865=CARTESIAN_POINT('Ctrl Pts',(2.76414007140944,-5.45518658464641,3.0600233560572));
#7866=CARTESIAN_POINT('Ctrl Pts',(4.61773082962722,-3.02164829430869,4.68869404179174));
#7867=CARTESIAN_POINT('Ctrl Pts',(6.40694424396519,-0.753341095503676,5.));
#7868=CARTESIAN_POINT('Ctrl Pts',(7.,5.55111512312578E-16,5.));
#7869=CARTESIAN_POINT('Ctrl Pts',(3.46446609406727,-4.94974746830583,-3.53553390593274));
#7870=CARTESIAN_POINT('Ctrl Pts',(3.06778011744598,-5.50510783557563,-3.13884792931146));
#7871=CARTESIAN_POINT('Ctrl Pts',(2.4095419375871,-6.42664128737806,-2.21110090236446));
#7872=CARTESIAN_POINT('Ctrl Pts',(1.9359572393962,-7.08965986484532,-0.56986929896946));
#7873=CARTESIAN_POINT('Ctrl Pts',(2.03338940029409,-6.95325483958829,1.13267407914831));
#7874=CARTESIAN_POINT('Ctrl Pts',(2.90017469453987,-5.73975542764419,3.24043384683963));
#7875=CARTESIAN_POINT('Ctrl Pts',(4.75197909644838,-3.14722926497228,4.71947315094863));
#7876=CARTESIAN_POINT('Ctrl Pts',(6.43900131185897,-0.785398163397449,5.));
#7877=CARTESIAN_POINT('Ctrl Pts',(7.,5.55111512312578E-16,5.));
#7878=CARTESIAN_POINT('Origin',(7.,0.,0.));
#7879=CARTESIAN_POINT('',(0.,-5.,0.));
#7880=CARTESIAN_POINT('Origin',(7.,0.,0.));
#7881=CARTESIAN_POINT('Origin',(7.,0.,0.));
#7882=CARTESIAN_POINT('Ctrl Pts',(7.,5.55111512312578E-16,5.));
#7883=CARTESIAN_POINT('Ctrl Pts',(6.21460183660255,0.560998688141035,5.));
#7884=CARTESIAN_POINT('Ctrl Pts',(4.64404329411139,1.68282621849186,4.80938897672466));
#7885=CARTESIAN_POINT('Ctrl Pts',(2.5521069227402,3.177066483757,3.98386723718069));
#7886=CARTESIAN_POINT('Ctrl Pts',(0.960036604606849,4.31425956813797,2.71083860687026));
#7887=CARTESIAN_POINT('Ctrl Pts',(0.0450434769828412,4.9678260878694,1.13387963943434));
#7888=CARTESIAN_POINT('Ctrl Pts',(-0.0884963328699803,5.0632116663357,-0.570496599768173));
#7889=CARTESIAN_POINT('Ctrl Pts',(0.572708409739153,4.59092256447203,-2.21083677488637));
#7890=CARTESIAN_POINT('Ctrl Pts',(1.49489216442437,3.93221988255402,-3.13884792931146));
#7891=CARTESIAN_POINT('Ctrl Pts',(2.05025253169417,3.53553390593274,-3.53553390593274));
#7892=CARTESIAN_POINT('Ctrl Pts',(7.,5.55111512312578E-16,5.));
#7893=CARTESIAN_POINT('Ctrl Pts',(6.25734459379425,0.603741445332734,5.));
#7894=CARTESIAN_POINT('Ctrl Pts',(4.7722169297355,1.81098233606445,4.77912801415799));
#7895=CARTESIAN_POINT('Ctrl Pts',(2.82258721186788,3.36364376829973,3.84655457003325));
#7896=CARTESIAN_POINT('Ctrl Pts',(1.39291408468122,4.44889565143942,2.49077942940079));
#7897=CARTESIAN_POINT('Ctrl Pts',(0.632191768470866,4.97845314710104,0.981697895404028));
#7898=CARTESIAN_POINT('Ctrl Pts',(0.528278518765326,5.04591969629978,-0.488717385433333));
#7899=CARTESIAN_POINT('Ctrl Pts',(1.06138496784521,4.68713436989134,-1.98885227668167));
#7900=CARTESIAN_POINT('Ctrl Pts',(1.87328816038566,4.08427232088601,-2.94929527686701));
#7901=CARTESIAN_POINT('Ctrl Pts',(2.37597947268766,3.69839737642948,-3.37267043543599));
#7902=CARTESIAN_POINT('Ctrl Pts',(7.,5.55111512312578E-16,5.));
#7903=CARTESIAN_POINT('Ctrl Pts',(6.33214441887972,0.678541270418203,5.));
#7904=CARTESIAN_POINT('Ctrl Pts',(4.99658013511075,2.03549852878733,4.75626852999126));
#7905=CARTESIAN_POINT('Ctrl Pts',(3.29672507302531,3.7705656742513,3.73896916660341));
#7906=CARTESIAN_POINT('Ctrl Pts',(2.14869303766571,4.95602675788539,2.30553105430753));
#7907=CARTESIAN_POINT('Ctrl Pts',(1.64847285701868,5.48615715931367,0.846943356689561));
#7908=CARTESIAN_POINT('Ctrl Pts',(1.59461692082341,5.54507015124617,-0.415060306202892));
#7909=CARTESIAN_POINT('Ctrl Pts',(1.91334063834879,5.20288680253631,-1.7984071797388));
#7910=CARTESIAN_POINT('Ctrl Pts',(2.53300230766416,4.55912889140652,-2.7937575571122));
#7911=CARTESIAN_POINT('Ctrl Pts',(2.94490395138133,4.13500812502618,-3.24035670533901));
#7912=CARTESIAN_POINT('Ctrl Pts',(7.,5.55111512312578E-16,5.));
#7913=CARTESIAN_POINT('Ctrl Pts',(6.40694424396519,0.753341095503676,5.));
#7914=CARTESIAN_POINT('Ctrl Pts',(5.22106901554696,2.25981532710947,4.78655544113019));
#7915=CARTESIAN_POINT('Ctrl Pts',(3.68337507819687,4.24468471500205,3.88073665497906));
#7916=CARTESIAN_POINT('Ctrl Pts',(2.58502008763794,5.71506286117693,2.54596678852085));
#7917=CARTESIAN_POINT('Ctrl Pts',(2.02354005488149,6.51521529279933,1.02071328325825));
#7918=CARTESIAN_POINT('Ctrl Pts',(1.94915242533488,6.62648307680224,-0.509541624712907));
#7919=CARTESIAN_POINT('Ctrl Pts',(2.33730428166576,6.0604193059659,-2.04512247931049));
#7920=CARTESIAN_POINT('Ctrl Pts',(2.953491343384,5.22154201985986,-2.99699582626358));
#7921=CARTESIAN_POINT('Ctrl Pts',(3.34231849119471,4.70545226256072,-3.41338630306018));
#7922=CARTESIAN_POINT('Ctrl Pts',(7.,5.55111512312578E-16,5.));
#7923=CARTESIAN_POINT('Ctrl Pts',(6.43900131185897,0.785398163397449,5.));
#7924=CARTESIAN_POINT('Ctrl Pts',(5.31717378150814,2.35595670588861,4.80938897672466));
#7925=CARTESIAN_POINT('Ctrl Pts',(3.822933516243,4.4478930772598,3.98386723718069));
#7926=CARTESIAN_POINT('Ctrl Pts',(2.68574043186204,6.03996339539315,2.71083860687026));
#7927=CARTESIAN_POINT('Ctrl Pts',(2.0321739121306,6.95495652301716,1.13387963943434));
#7928=CARTESIAN_POINT('Ctrl Pts',(1.9367883336643,7.08849633286998,-0.570496599768173));
#7929=CARTESIAN_POINT('Ctrl Pts',(2.40907743552797,6.42729159026085,-2.21083677488637));
#7930=CARTESIAN_POINT('Ctrl Pts',(3.06778011744598,5.50510783557563,-3.13884792931146));
#7931=CARTESIAN_POINT('Ctrl Pts',(3.46446609406726,4.94974746830583,-3.53553390593274));
#7932=CARTESIAN_POINT('',(3.46446609406726,4.94974746830583,-3.53553390593274));
#7933=CARTESIAN_POINT('',(2.05025253169417,3.53553390593274,-3.53553390593274));
#7934=CARTESIAN_POINT('Origin',(2.05025253169417,4.94974746830583,-4.94974746830583));
#7935=CARTESIAN_POINT('',(0.,5.,7.93016446160826E-16));
#7936=CARTESIAN_POINT('Origin',(7.,0.,0.));
#7937=CARTESIAN_POINT('Origin',(7.,0.,0.));
#7938=CARTESIAN_POINT('Origin',(7.,0.,0.));
#7939=CARTESIAN_POINT('Origin',(3.50981234266848,3.49018765733152,-6.40930727928015));
#7940=CARTESIAN_POINT('',(4.92893207637582,3.48528148599728,-4.99999988824129));
#7941=CARTESIAN_POINT('',(4.92402590504158,3.49018765733152,-4.99509371690705));
#7942=CARTESIAN_POINT('',(3.51471851400272,2.07106792362418,-4.99999988824129));
#7943=CARTESIAN_POINT('Origin',(2.10050495162963,4.89949504837037,-4.99999988824129));
#7944=CARTESIAN_POINT('',(3.50981234266848,2.07597409495842,-4.99509371690705));
#7945=CARTESIAN_POINT('Origin',(8.64500965143437,1.64500965143437,-8.2544852851773));
#7946=CARTESIAN_POINT('',(10.4852814859973,2.07106792362418,-4.99999988824129));
#7947=CARTESIAN_POINT('',(9.07106792362418,3.48528148599728,-4.99999988824129));
#7948=CARTESIAN_POINT('Origin',(11.8994950483704,4.89949504837037,-4.99999988824129));
#7949=CARTESIAN_POINT('',(10.5355339059327,4.94974746830584,-3.53553390593274));
#7950=CARTESIAN_POINT('',(7.23079608906128,1.64500965143437,-6.8402717228042));
#7951=CARTESIAN_POINT('',(11.9497474683058,3.53553390593274,-3.53553390593274));
#7952=CARTESIAN_POINT('Origin',(11.9497474683058,4.94974746830584,-4.94974746830583));
#7953=CARTESIAN_POINT('',(8.64500965143437,0.230796089061275,-6.8402717228042));
#7954=CARTESIAN_POINT('Ctrl Pts',(11.9497474683058,3.53553390593274,-3.53553390593274));
#7955=CARTESIAN_POINT('Ctrl Pts',(12.5051078355756,3.93221988255402,-3.13884792931146));
#7956=CARTESIAN_POINT('Ctrl Pts',(13.4266599006562,4.59047135761156,-2.21106093735558));
#7957=CARTESIAN_POINT('Ctrl Pts',(14.089648044092,5.06403431720856,-0.569900170245513));
#7958=CARTESIAN_POINT('Ctrl Pts',(13.9533095258785,4.96664966134177,1.13273564440525));
#7959=CARTESIAN_POINT('Ctrl Pts',(12.739666730688,4.09976195049146,3.24033813405904));
#7960=CARTESIAN_POINT('Ctrl Pts',(10.1472987414059,2.24807052957562,4.71952540727059));
#7961=CARTESIAN_POINT('Ctrl Pts',(7.78539816339745,0.560998688141035,5.));
#7962=CARTESIAN_POINT('Ctrl Pts',(7.,5.55111512312578E-16,5.));
#7963=CARTESIAN_POINT('Ctrl Pts',(11.6240205273123,3.69839737642948,-3.37267043543599));
#7964=CARTESIAN_POINT('Ctrl Pts',(12.1267118396143,4.08427232088601,-2.94929527686702));
#7965=CARTESIAN_POINT('Ctrl Pts',(12.937780394442,4.68632601862921,-1.99045676681962));
#7966=CARTESIAN_POINT('Ctrl Pts',(13.472027945466,5.04525195864398,-0.486359086531812));
#7967=CARTESIAN_POINT('Ctrl Pts',(13.3660262275396,4.97662181991332,0.980812369892875));
#7968=CARTESIAN_POINT('Ctrl Pts',(12.3611362723979,4.28215128359523,2.99909511400246));
#7969=CARTESIAN_POINT('Ctrl Pts',(9.9800326919893,2.42742386230411,4.67920182050806));
#7970=CARTESIAN_POINT('Ctrl Pts',(7.74265540620575,0.603741445332733,5.));
#7971=CARTESIAN_POINT('Ctrl Pts',(7.,6.48800835361545E-16,5.));
#7972=CARTESIAN_POINT('Ctrl Pts',(11.0551275908358,4.13504679023754,-3.24042691276754));
#7973=CARTESIAN_POINT('Ctrl Pts',(11.467029234553,4.55916755661788,-2.79382776454072));
#7974=CARTESIAN_POINT('Ctrl Pts',(12.085567627185,5.20184056526839,-1.80127456588188));
#7975=CARTESIAN_POINT('Ctrl Pts',(12.4067743062159,5.54670059859496,-0.411876438295945));
#7976=CARTESIAN_POINT('Ctrl Pts',(12.3490621628644,5.48379879489452,0.845485507246802));
#7977=CARTESIAN_POINT('Ctrl Pts',(11.6967414441675,4.79082424748618,2.8021015085411));
#7978=CARTESIAN_POINT('Ctrl Pts',(9.68707296743488,2.72887888792827,4.65144802816272));
#7979=CARTESIAN_POINT('Ctrl Pts',(7.66785558112028,0.678541270418204,5.));
#7980=CARTESIAN_POINT('Ctrl Pts',(7.,8.12757150697238E-16,5.));
#7981=CARTESIAN_POINT('Ctrl Pts',(10.6576815088053,4.70545226256072,-3.41338630306018));
#7982=CARTESIAN_POINT('Ctrl Pts',(11.046508656616,5.22154201985986,-2.99699582626358));
#7983=CARTESIAN_POINT('Ctrl Pts',(11.661944809297,6.05960573571014,-2.04625251587039));
#7984=CARTESIAN_POINT('Ctrl Pts',(12.0513826795764,6.62777800756731,-0.507979897265368));
#7985=CARTESIAN_POINT('Ctrl Pts',(11.974577070153,6.51326541205379,1.01962121443531));
#7986=CARTESIAN_POINT('Ctrl Pts',(11.2357674456718,5.45502995611159,3.05981498939127));
#7987=CARTESIAN_POINT('Ctrl Pts',(9.38245152242327,3.02172779169351,4.68880015183424));
#7988=CARTESIAN_POINT('Ctrl Pts',(7.59305575603481,0.753341095503677,5.));
#7989=CARTESIAN_POINT('Ctrl Pts',(7.,9.7671346603293E-16,5.));
#7990=CARTESIAN_POINT('Ctrl Pts',(10.5355339059327,4.94974746830583,-3.53553390593274));
#7991=CARTESIAN_POINT('Ctrl Pts',(10.932219882554,5.50510783557563,-3.13884792931146));
#7992=CARTESIAN_POINT('Ctrl Pts',(11.5904713576116,6.42665990065618,-2.21106093735558));
#7993=CARTESIAN_POINT('Ctrl Pts',(12.0640343172086,7.08964804409199,-0.569900170245513));
#7994=CARTESIAN_POINT('Ctrl Pts',(11.9666496613418,6.95330952587848,1.13273564440525));
#7995=CARTESIAN_POINT('Ctrl Pts',(11.0997619504915,5.73966673068804,3.24033813405904));
#7996=CARTESIAN_POINT('Ctrl Pts',(9.24807052957562,3.14729874140586,4.71952540727059));
#7997=CARTESIAN_POINT('Ctrl Pts',(7.56099868814103,0.78539816339745,5.));
#7998=CARTESIAN_POINT('Ctrl Pts',(7.,1.04698045831966E-15,5.));
#7999=CARTESIAN_POINT('Origin',(7.,0.,0.));
#8000=CARTESIAN_POINT('',(14.,5.,0.));
#8001=CARTESIAN_POINT('Origin',(7.,0.,0.));
#8002=CARTESIAN_POINT('Origin',(7.,0.,0.));
#8003=CARTESIAN_POINT('Origin',(0.,-3.53553390593274,-3.53553390593274));
#8004=CARTESIAN_POINT('',(0.,-3.53553390593274,-3.53553390593274));
#8005=CARTESIAN_POINT('',(0.,-3.53553390593274,-3.53553390593274));
#8006=CARTESIAN_POINT('',(0.,-2.07106792362418,-4.99999988824129));
#8007=CARTESIAN_POINT('',(0.,-2.07106792362418,-4.99999988824129));
#8008=CARTESIAN_POINT('',(0.,-2.07106792362418,-4.99999988824129));
#8009=CARTESIAN_POINT('Origin',(10.5355339059327,0.,-3.53553390593274));
#8010=CARTESIAN_POINT('',(10.5355339059327,-15.5,-3.53553390593274));
#8011=CARTESIAN_POINT('',(10.5355339059327,0.,-3.53553390593274));
#8012=CARTESIAN_POINT('',(9.07106792362418,-15.5,-4.99999988824129));
#8013=CARTESIAN_POINT('',(9.07106792362418,-15.5,-4.99999988824129));
#8014=CARTESIAN_POINT('',(9.07106792362418,0.,-4.99999988824129));
#8015=CARTESIAN_POINT('Origin',(4.92893207637582,0.,-4.99999988824129));
#8016=CARTESIAN_POINT('',(3.46446609406726,15.5,-3.53553390593274));
#8017=CARTESIAN_POINT('',(3.46446609406726,0.,-3.53553390593274));
#8018=CARTESIAN_POINT('',(4.92893207637582,15.5,-4.99999988824129));
#8019=CARTESIAN_POINT('',(4.92893207637582,15.5,-4.99999988824129));
#8020=CARTESIAN_POINT('',(4.92893207637582,0.,-4.99999988824129));
#8021=CARTESIAN_POINT('Origin',(0.,0.,0.));
#8022=CARTESIAN_POINT('',(0.,3.53553390593274,-3.53553390593274));
#8023=CARTESIAN_POINT('',(0.,3.53553390593274,-3.53553390593274));
#8024=CARTESIAN_POINT('Origin',(0.,0.,0.));
#8025=CARTESIAN_POINT('Origin',(0.,0.,0.));
#8026=CARTESIAN_POINT('Origin',(0.,0.,0.));
#8027=CARTESIAN_POINT('Origin',(0.,0.,0.));
#8028=CARTESIAN_POINT('Origin',(0.,0.,0.));
#8029=CARTESIAN_POINT('Origin',(7.,0.,0.));
#8030=CARTESIAN_POINT('',(10.5355339059327,15.5,-3.53553390593274));
#8031=CARTESIAN_POINT('',(10.5355339059327,0.,-3.53553390593274));
#8032=CARTESIAN_POINT('Origin',(7.,15.5,0.));
#8033=CARTESIAN_POINT('Origin',(0.,0.,0.));
#8034=CARTESIAN_POINT('',(14.,3.53553390593274,-3.53553390593274));
#8035=CARTESIAN_POINT('Origin',(14.,0.,0.));
#8036=CARTESIAN_POINT('',(0.,3.53553390593274,-3.53553390593274));
#8037=CARTESIAN_POINT('Origin',(0.,0.,0.));
#8038=CARTESIAN_POINT('Origin',(14.,0.,0.));
#8039=CARTESIAN_POINT('Origin',(10.5355339059327,0.,-3.53553390593274));
#8040=CARTESIAN_POINT('',(9.07106792362418,15.5,-4.99999988824129));
#8041=CARTESIAN_POINT('',(9.07106792362418,0.,-4.99999988824129));
#8042=CARTESIAN_POINT('',(9.07106792362418,15.5,-4.99999988824129));
#8043=CARTESIAN_POINT('Origin',(7.,-15.5,0.));
#8044=CARTESIAN_POINT('',(5.,-15.5,2.44929359829471E-16));
#8045=CARTESIAN_POINT('Origin',(7.,-15.5,0.));
#8046=CARTESIAN_POINT('',(5.,-3.5,2.44929359829471E-16));
#8047=CARTESIAN_POINT('',(5.,-15.5,-2.44929359829471E-16));
#8048=CARTESIAN_POINT('Origin',(7.,-3.5,0.));
#8049=CARTESIAN_POINT('Origin',(7.,-3.5,0.));
#8050=CARTESIAN_POINT('Origin',(7.,15.5,0.));
#8051=CARTESIAN_POINT('',(5.,15.5,2.44929359829471E-16));
#8052=CARTESIAN_POINT('Origin',(7.,15.5,0.));
#8053=CARTESIAN_POINT('',(5.,3.5,2.44929359829471E-16));
#8054=CARTESIAN_POINT('',(5.,15.5,-2.44929359829471E-16));
#8055=CARTESIAN_POINT('Origin',(7.,3.5,0.));
#8056=CARTESIAN_POINT('Origin',(7.,3.5,0.));
#8057=CARTESIAN_POINT('Origin',(4.92893207637582,0.,-4.99999988824129));
#8058=CARTESIAN_POINT('',(4.92893207637582,-15.5,-4.99999988824129));
#8059=CARTESIAN_POINT('',(4.92893207637582,0.,-4.99999988824129));
#8060=CARTESIAN_POINT('',(3.46446609406726,-15.5,-3.53553390593274));
#8061=CARTESIAN_POINT('',(4.92893207637582,-15.5,-4.99999988824129));
#8062=CARTESIAN_POINT('',(3.46446609406726,0.,-3.53553390593274));
#8063=CARTESIAN_POINT('Origin',(7.,0.,0.));
#8064=CARTESIAN_POINT('Origin',(7.,-15.5,0.));
#8065=CARTESIAN_POINT('Origin',(7.,-15.5,0.));
#8066=CARTESIAN_POINT('',(7.,-15.5,-4.99999988824129));
#8067=CARTESIAN_POINT('',(7.00000015646219,-15.5,-4.99999988824129));
#8068=CARTESIAN_POINT('',(6.99999984353781,-15.5,-4.99999988824129));
#8069=CARTESIAN_POINT('Origin',(7.,15.5,0.));
#8070=CARTESIAN_POINT('',(7.,15.5,-4.99999988824129));
#8071=CARTESIAN_POINT('',(6.99999984353781,15.5,-4.99999988824129));
#8072=CARTESIAN_POINT('',(7.00000015646219,15.5,-4.99999988824129));
#8073=CARTESIAN_POINT('Origin',(0.,-3.53553390593274,-3.53553390593274));
#8074=CARTESIAN_POINT('',(14.,-2.07106792362418,-4.99999988824129));
#8075=CARTESIAN_POINT('',(0.,-2.07106792362418,-4.99999988824129));
#8076=CARTESIAN_POINT('',(14.,-3.53553390593274,-3.53553390593274));
#8077=CARTESIAN_POINT('',(14.,-2.07106792362418,-4.99999988824129));
#8078=CARTESIAN_POINT('',(0.,-3.53553390593274,-3.53553390593274));
#8079=CARTESIAN_POINT('Origin',(0.,0.,0.));
#8080=CARTESIAN_POINT('Origin',(14.,0.,0.));
#8081=CARTESIAN_POINT('Origin',(0.,2.07106792362418,-4.99999988824129));
#8082=CARTESIAN_POINT('',(0.,2.07106792362418,-4.99999988824129));
#8083=CARTESIAN_POINT('',(0.,2.07106792362418,-4.99999988824129));
#8084=CARTESIAN_POINT('',(0.,2.07106792362418,-4.99999988824129));
#8085=CARTESIAN_POINT('Origin',(0.,0.,0.));
#8086=CARTESIAN_POINT('',(14.,-2.05,-2.51052593825207E-16));
#8087=CARTESIAN_POINT('Origin',(14.,0.,0.));
#8088=CARTESIAN_POINT('',(0.,-2.05,-2.51052593825207E-16));
#8089=CARTESIAN_POINT('',(0.,-2.05,-2.51052593825207E-16));
#8090=CARTESIAN_POINT('Origin',(0.,0.,0.));
#8091=CARTESIAN_POINT('Origin',(6.99894284008852,0.,-4.99999988824129));
#8092=CARTESIAN_POINT('',(6.99894284008852,-0.00105715990885241,-4.99999988824129));
#8093=CARTESIAN_POINT('',(6.99894284008852,0.,-4.99999988824129));
#8094=CARTESIAN_POINT('',(0.,1.31292661475785E-12,-4.99999988824129));
#8095=CARTESIAN_POINT('',(0.,0.,-4.99999988824129));
#8096=CARTESIAN_POINT('',(0.,-0.00105715990885241,-4.99999988824129));
#8097=CARTESIAN_POINT('Origin',(0.,-2.07106792362418,-4.99999988824129));
#8098=CARTESIAN_POINT('',(14.,1.31292661475785E-12,-4.99999988824129));
#8099=CARTESIAN_POINT('',(0.,-0.00105715990885241,-4.99999988824129));
#8100=CARTESIAN_POINT('',(14.,0.,-4.99999988824129));
#8101=CARTESIAN_POINT('Origin',(6.99894284008852,0.,-4.99999988824129));
#8102=CARTESIAN_POINT('',(6.99894284008852,0.,-4.99999988824129));
#8103=CARTESIAN_POINT('',(0.,0.,-4.99999988824129));
#8104=CARTESIAN_POINT('Origin',(0.,0.00105715991147827,-4.99999988824129));
#8105=CARTESIAN_POINT('',(14.,2.07106792362418,-4.99999988824129));
#8106=CARTESIAN_POINT('',(0.,2.07106792362418,-4.99999988824129));
#8107=CARTESIAN_POINT('',(14.,0.,-4.99999988824129));
#8108=CARTESIAN_POINT('Origin',(0.,2.07106792362418,-4.99999988824129));
#8109=CARTESIAN_POINT('',(14.,2.07106792362418,-4.99999988824129));
#8110=CARTESIAN_POINT('Origin',(14.,0.,0.));
#8111=CARTESIAN_POINT('Origin',(0.,0.,0.));
#8112=CARTESIAN_POINT('',(0.,0.,0.));
#8113=CARTESIAN_POINT('Origin',(-22.9999999999999,10.,-74.3738857507706));
#8114=CARTESIAN_POINT('',(-24.9999999999999,48.,-74.3738857507706));
#8115=CARTESIAN_POINT('',(-24.9999999999999,20.,-74.3738857507706));
#8116=CARTESIAN_POINT('',(-24.9999999999999,10.,-74.3738857507706));
#8117=CARTESIAN_POINT('',(-22.9999999999999,20.,-76.3738857507706));
#8118=CARTESIAN_POINT('Origin',(-22.9999999999999,20.,-74.3738857507706));
#8119=CARTESIAN_POINT('',(-22.9999999999999,50.,-76.3738857507706));
#8120=CARTESIAN_POINT('',(-22.9999999999999,10.,-76.3738857507706));
#8121=CARTESIAN_POINT('Origin',(-22.9999999999999,50.,-74.3738857507706));
#8122=CARTESIAN_POINT('Origin',(-52.9999999999999,10.,-74.3738857507706));
#8123=CARTESIAN_POINT('',(-52.9999999999999,50.,-76.3738857507706));
#8124=CARTESIAN_POINT('',(-52.9999999999999,20.,-76.3738857507706));
#8125=CARTESIAN_POINT('',(-52.9999999999999,10.,-76.3738857507706));
#8126=CARTESIAN_POINT('',(-50.9999999999999,20.,-74.3738857507706));
#8127=CARTESIAN_POINT('Origin',(-52.9999999999999,20.,-74.3738857507706));
#8128=CARTESIAN_POINT('',(-50.9999999999999,48.,-74.3738857507706));
#8129=CARTESIAN_POINT('',(-50.9999999999999,10.,-74.3738857507706));
#8130=CARTESIAN_POINT('Origin',(-52.9999999999999,50.,-74.3738857507706));
#8131=CARTESIAN_POINT('Origin',(-8.74999999999997,50.,-74.3738857507706));
#8132=CARTESIAN_POINT('',(-8.74999999999997,50.,-76.3738857507706));
#8133=CARTESIAN_POINT('',(-8.74999999999997,48.,-74.3738857507706));
#8134=CARTESIAN_POINT('Origin',(-24.9999999999999,20.,-55.3738857507706));
#8135=CARTESIAN_POINT('',(-24.9999999999999,48.,-55.3738857507706));
#8136=CARTESIAN_POINT('',(-24.9999999999999,48.,-76.3738857507706));
#8137=CARTESIAN_POINT('',(-24.9999999999999,20.,-55.3738857507706));
#8138=CARTESIAN_POINT('',(-24.9999999999999,20.,-55.3738857507706));
#8139=CARTESIAN_POINT('',(-24.9999999999999,20.,-76.3738857507706));
#8140=CARTESIAN_POINT('Origin',(-37.9999999999999,48.,-65.8738857507706));
#8141=CARTESIAN_POINT('',(-51.,48.,-55.3738857507706));
#8142=CARTESIAN_POINT('',(-50.9999999999999,48.,-76.3738857507706));
#8143=CARTESIAN_POINT('',(-48.,48.,-55.3738857507706));
#8144=CARTESIAN_POINT('',(-51.,48.,-55.3738857507706));
#8145=CARTESIAN_POINT('',(-47.9999999999999,48.,-65.3738857507706));
#8146=CARTESIAN_POINT('',(-48.,48.,-55.3738857507706));
#8147=CARTESIAN_POINT('',(-27.9999999999999,48.,-65.3738857507706));
#8148=CARTESIAN_POINT('',(-47.9999999999999,48.,-65.3738857507706));
#8149=CARTESIAN_POINT('',(-27.9999999999999,48.,-55.3738857507706));
#8150=CARTESIAN_POINT('',(-27.9999999999999,48.,-55.3738857507706));
#8151=CARTESIAN_POINT('',(-24.9999999999999,48.,-55.3738857507706));
#8152=CARTESIAN_POINT('Origin',(-50.9999999999999,20.,-76.3738857507706));
#8153=CARTESIAN_POINT('',(-51.,20.,-55.3738857507706));
#8154=CARTESIAN_POINT('',(-50.9999999999999,20.,-76.3738857507706));
#8155=CARTESIAN_POINT('',(-51.,20.,-55.3738857507706));
#8156=CARTESIAN_POINT('Origin',(30.5,-20.5,-74.3738857507706));
#8157=CARTESIAN_POINT('',(70.5,-20.5,-76.3738857507706));
#8158=CARTESIAN_POINT('',(40.5,-20.5,-76.3738857507706));
#8159=CARTESIAN_POINT('',(30.5,-20.5,-76.3738857507706));
#8160=CARTESIAN_POINT('',(40.5,-22.5,-74.3738857507706));
#8161=CARTESIAN_POINT('Origin',(40.5,-20.5,-74.3738857507706));
#8162=CARTESIAN_POINT('',(68.5,-22.5,-74.3738857507705));
#8163=CARTESIAN_POINT('',(30.5,-22.5,-74.3738857507706));
#8164=CARTESIAN_POINT('Origin',(70.5,-20.5,-74.3738857507706));
#8165=CARTESIAN_POINT('Origin',(30.5,-50.5,-74.3738857507706));
#8166=CARTESIAN_POINT('',(68.5,-48.5,-74.3738857507706));
#8167=CARTESIAN_POINT('',(40.5,-48.5,-74.3738857507706));
#8168=CARTESIAN_POINT('',(30.5,-48.5,-74.3738857507706));
#8169=CARTESIAN_POINT('',(40.5,-50.5,-76.3738857507706));
#8170=CARTESIAN_POINT('Origin',(40.5,-50.5,-74.3738857507706));
#8171=CARTESIAN_POINT('',(70.5,-50.5,-76.3738857507706));
#8172=CARTESIAN_POINT('',(30.5,-50.5,-76.3738857507706));
#8173=CARTESIAN_POINT('Origin',(70.5,-50.5,-74.3738857507706));
#8174=CARTESIAN_POINT('Origin',(70.5,-17.75,-74.3738857507705));
#8175=CARTESIAN_POINT('',(68.5,-17.75,-74.3738857507705));
#8176=CARTESIAN_POINT('',(70.5,-17.75,-76.3738857507706));
#8177=CARTESIAN_POINT('Origin',(20.5,0.,-76.3738857507706));
#8178=CARTESIAN_POINT('',(87.,73.5,-76.3738857507706));
#8179=CARTESIAN_POINT('',(117.,43.5,-76.3738857507706));
#8180=CARTESIAN_POINT('Origin',(87.,43.5,-76.3738857507706));
#8181=CARTESIAN_POINT('',(-46.,73.5,-76.3738857507706));
#8182=CARTESIAN_POINT('',(-76.,73.5,-76.3738857507706));
#8183=CARTESIAN_POINT('',(-76.,43.5,-76.3738857507706));
#8184=CARTESIAN_POINT('Origin',(-46.,43.5,-76.3738857507706));
#8185=CARTESIAN_POINT('',(-76.,-43.5,-76.3738857507706));
#8186=CARTESIAN_POINT('',(-76.,-73.5,-76.3738857507706));
#8187=CARTESIAN_POINT('',(-46.,-73.5,-76.3738857507706));
#8188=CARTESIAN_POINT('Origin',(-46.,-43.5,-76.3738857507706));
#8189=CARTESIAN_POINT('',(87.,-73.5,-76.3738857507706));
#8190=CARTESIAN_POINT('',(117.,-73.5,-76.3738857507706));
#8191=CARTESIAN_POINT('',(117.,-43.5,-76.3738857507706));
#8192=CARTESIAN_POINT('Origin',(87.,-43.5,-76.3738857507706));
#8193=CARTESIAN_POINT('',(117.,73.5,-76.3738857507706));
#8194=CARTESIAN_POINT('',(-8.74999999999997,20.,-76.3738857507706));
#8195=CARTESIAN_POINT('',(-49.4999999999999,-6.50000000000003,-76.3738857507706));
#8196=CARTESIAN_POINT('',(-54.4999999999999,-11.5,-76.3738857507706));
#8197=CARTESIAN_POINT('Origin',(-49.4999999999999,-11.5,-76.3738857507706));
#8198=CARTESIAN_POINT('',(-26.4999999999999,-6.50000000000003,-76.3738857507706));
#8199=CARTESIAN_POINT('',(-1.49999999999996,-6.50000000000003,-76.3738857507706));
#8200=CARTESIAN_POINT('',(-21.4999999999999,-11.5,-76.3738857507706));
#8201=CARTESIAN_POINT('Origin',(-26.4999999999999,-11.5,-76.3738857507706));
#8202=CARTESIAN_POINT('',(-21.4999999999999,-59.5,-76.3738857507706));
#8203=CARTESIAN_POINT('',(-21.4999999999999,-31.25,-76.3738857507706));
#8204=CARTESIAN_POINT('',(-26.4999999999999,-64.5,-76.3738857507706));
#8205=CARTESIAN_POINT('Origin',(-26.4999999999999,-59.5,-76.3738857507706));
#8206=CARTESIAN_POINT('',(-49.4999999999999,-64.5,-76.3738857507706));
#8207=CARTESIAN_POINT('',(-16.,-64.5,-76.3738857507706));
#8208=CARTESIAN_POINT('',(-54.4999999999999,-59.5,-76.3738857507706));
#8209=CARTESIAN_POINT('Origin',(-49.4999999999999,-59.5,-76.3738857507706));
#8210=CARTESIAN_POINT('',(-54.4999999999999,-4.25000000000001,-76.3738857507706));
#8211=CARTESIAN_POINT('',(107.2,48.2,-76.3738857507706));
#8212=CARTESIAN_POINT('Origin',(104.2,48.2,-76.3738857507706));
#8213=CARTESIAN_POINT('',(92.,-1.99999999999999,-76.3738857507706));
#8214=CARTESIAN_POINT('Origin',(89.,-1.99999999999999,-76.3738857507706));
#8215=CARTESIAN_POINT('',(40.1006644078301,-6.31156036314985,-76.3738857507706));
#8216=CARTESIAN_POINT('',(40.1006644078301,6.31156036314985,-76.3738857507706));
#8217=CARTESIAN_POINT('',(40.1006644078301,-2.5000000372529,-76.3738857507706));
#8218=CARTESIAN_POINT('',(34.1006823901708,-12.2960050682271,-76.3738857507706));
#8219=CARTESIAN_POINT('Origin',(34.079867118434,-6.29079899380515,-76.3738857507706));
#8220=CARTESIAN_POINT('',(6.89931760982919,-12.2960050682271,-76.3738857507706));
#8221=CARTESIAN_POINT('',(15.5,-12.2960050682271,-76.3738857507706));
#8222=CARTESIAN_POINT('',(0.899335592169883,-6.31156036314985,-76.3738857507706));
#8223=CARTESIAN_POINT('Origin',(6.92013288156603,-6.29079899380515,-76.3738857507706));
#8224=CARTESIAN_POINT('',(0.899335592169882,6.31156036314986,-76.3738857507706));
#8225=CARTESIAN_POINT('',(0.899335592169883,2.5000000372529,-76.3738857507706));
#8226=CARTESIAN_POINT('',(6.89931760982921,12.2960050682271,-76.3738857507706));
#8227=CARTESIAN_POINT('Origin',(6.92013288156603,6.29079899380515,-76.3738857507706));
#8228=CARTESIAN_POINT('',(34.1006823901708,12.2960050682271,-76.3738857507706));
#8229=CARTESIAN_POINT('',(25.5,12.2960050682271,-76.3738857507706));
#8230=CARTESIAN_POINT('Origin',(34.079867118434,6.29079899380515,-76.3738857507706));
#8231=CARTESIAN_POINT('',(40.5,-17.75,-76.3738857507706));
#8232=CARTESIAN_POINT('',(64.,-1.99999999999999,-76.3738857507706));
#8233=CARTESIAN_POINT('Origin',(61.,-1.99999999999999,-76.3738857507706));
#8234=CARTESIAN_POINT('',(59.5,49.5,-76.3738857507706));
#8235=CARTESIAN_POINT('Origin',(56.5,49.5,-76.3738857507706));
#8236=CARTESIAN_POINT('Origin',(-49.4999999999999,-11.5,-74.3738857507706));
#8237=CARTESIAN_POINT('',(-49.4999999999999,-8.50000000000002,-74.3738857507706));
#8238=CARTESIAN_POINT('Origin',(-49.4999999999999,-6.50000000000003,-74.3738857507706));
#8239=CARTESIAN_POINT('',(-52.4999999999999,-11.5,-74.3738857507706));
#8240=CARTESIAN_POINT('Origin',(-54.4999999999999,-11.5,-74.3738857507706));
#8241=CARTESIAN_POINT('Origin',(-49.4999999999999,-11.5,-74.3738857507706));
#8242=CARTESIAN_POINT('Origin',(-54.4999999999999,-4.25000000000001,-74.3738857507706));
#8243=CARTESIAN_POINT('',(-52.4999999999999,-59.5,-74.3738857507706));
#8244=CARTESIAN_POINT('Origin',(-54.4999999999999,-59.5,-74.3738857507706));
#8245=CARTESIAN_POINT('',(-52.4999999999999,-4.25000000000001,-74.3738857507706));
#8246=CARTESIAN_POINT('Origin',(-49.4999999999999,-59.5,-74.3738857507706));
#8247=CARTESIAN_POINT('',(-49.4999999999999,-62.5,-74.3738857507706));
#8248=CARTESIAN_POINT('Origin',(-49.4999999999999,-64.5,-74.3738857507706));
#8249=CARTESIAN_POINT('Origin',(-49.4999999999999,-59.5,-74.3738857507706));
#8250=CARTESIAN_POINT('Origin',(-16.,-64.5,-74.3738857507706));
#8251=CARTESIAN_POINT('',(-26.4999999999999,-62.5,-74.3738857507706));
#8252=CARTESIAN_POINT('Origin',(-26.4999999999999,-64.5,-74.3738857507706));
#8253=CARTESIAN_POINT('',(-16.,-62.5,-74.3738857507706));
#8254=CARTESIAN_POINT('Origin',(-26.4999999999999,-59.5,-74.3738857507706));
#8255=CARTESIAN_POINT('',(-23.4999999999999,-59.5,-74.3738857507706));
#8256=CARTESIAN_POINT('Origin',(-21.4999999999999,-59.5,-74.3738857507706));
#8257=CARTESIAN_POINT('Origin',(-26.4999999999999,-59.5,-74.3738857507706));
#8258=CARTESIAN_POINT('Origin',(-21.4999999999999,-31.25,-74.3738857507706));
#8259=CARTESIAN_POINT('',(-23.4999999999999,-11.5,-74.3738857507706));
#8260=CARTESIAN_POINT('Origin',(-21.4999999999999,-11.5,-74.3738857507706));
#8261=CARTESIAN_POINT('',(-23.4999999999999,-31.25,-74.3738857507706));
#8262=CARTESIAN_POINT('Origin',(-26.4999999999999,-11.5,-74.3738857507706));
#8263=CARTESIAN_POINT('',(-26.4999999999999,-8.50000000000002,-74.3738857507706));
#8264=CARTESIAN_POINT('Origin',(-26.4999999999999,-6.50000000000003,-74.3738857507706));
#8265=CARTESIAN_POINT('Origin',(-26.4999999999999,-11.5,-74.3738857507706));
#8266=CARTESIAN_POINT('Origin',(-1.49999999999996,-6.50000000000003,-74.3738857507706));
#8267=CARTESIAN_POINT('',(-1.49999999999996,-8.50000000000003,-74.3738857507706));
#8268=CARTESIAN_POINT('Origin',(-23.4999999999999,-62.5,-76.3738857507706));
#8269=CARTESIAN_POINT('',(-23.4999999999999,-11.5,-68.3738857507706));
#8270=CARTESIAN_POINT('',(-23.4999999999999,-11.5,-76.3738857507706));
#8271=CARTESIAN_POINT('',(-23.4999999999999,-59.5,-68.3738857507706));
#8272=CARTESIAN_POINT('',(-23.4999999999999,-8.50000000000002,-68.3738857507706));
#8273=CARTESIAN_POINT('',(-23.4999999999999,-59.5,-76.3738857507706));
#8274=CARTESIAN_POINT('Origin',(-26.4999999999999,-11.5,-76.3738857507706));
#8275=CARTESIAN_POINT('',(-26.4999999999999,-8.50000000000002,-68.3738857507706));
#8276=CARTESIAN_POINT('',(-26.4999999999999,-8.50000000000002,-76.3738857507706));
#8277=CARTESIAN_POINT('Origin',(-26.4999999999999,-11.5,-68.3738857507706));
#8278=CARTESIAN_POINT('Origin',(-23.4999999999999,-8.50000000000002,-76.3738857507706));
#8279=CARTESIAN_POINT('',(-49.4999999999999,-8.50000000000002,-68.3738857507706));
#8280=CARTESIAN_POINT('',(-49.4999999999999,-8.50000000000002,-76.3738857507706));
#8281=CARTESIAN_POINT('',(-52.4999999999999,-8.50000000000002,-68.3738857507706));
#8282=CARTESIAN_POINT('Origin',(-49.4999999999999,-11.5,-76.3738857507706));
#8283=CARTESIAN_POINT('',(-52.4999999999999,-11.5,-68.3738857507706));
#8284=CARTESIAN_POINT('',(-52.4999999999999,-11.5,-76.3738857507706));
#8285=CARTESIAN_POINT('Origin',(-49.4999999999999,-11.5,-68.3738857507706));
#8286=CARTESIAN_POINT('Origin',(-26.4999999999999,-59.5,-76.3738857507706));
#8287=CARTESIAN_POINT('',(-26.4999999999999,-60.5,-76.3738857507706));
#8288=CARTESIAN_POINT('',(-25.4999999999999,-59.5,-76.3738857507706));
#8289=CARTESIAN_POINT('Origin',(-26.4999999999999,-59.5,-76.3738857507706));
#8290=CARTESIAN_POINT('',(-26.4999999999999,-60.5,-68.3738857507706));
#8291=CARTESIAN_POINT('',(-26.4999999999999,-60.5,-76.3738857507706));
#8292=CARTESIAN_POINT('',(-25.4999999999999,-59.5,-68.3738857507706));
#8293=CARTESIAN_POINT('Origin',(-26.4999999999999,-59.5,-68.3738857507706));
#8294=CARTESIAN_POINT('',(-25.4999999999999,-59.5,-76.3738857507706));
#8295=CARTESIAN_POINT('Origin',(-25.4999999999999,-10.5,-76.3738857507706));
#8296=CARTESIAN_POINT('',(-25.4999999999999,-11.5,-68.3738857507706));
#8297=CARTESIAN_POINT('',(-25.4999999999999,-10.5,-68.3738857507706));
#8298=CARTESIAN_POINT('',(-25.4999999999999,-11.5,-76.3738857507706));
#8299=CARTESIAN_POINT('',(-25.4999999999999,-11.5,-76.3738857507706));
#8300=CARTESIAN_POINT('',(-25.4999999999999,-5.25000000000001,-76.3738857507706));
#8301=CARTESIAN_POINT('Origin',(-49.4999999999999,-59.5,-76.3738857507706));
#8302=CARTESIAN_POINT('',(-50.4999999999999,-59.5,-76.3738857507706));
#8303=CARTESIAN_POINT('',(-49.4999999999999,-60.5,-76.3738857507706));
#8304=CARTESIAN_POINT('Origin',(-49.4999999999999,-59.5,-76.3738857507706));
#8305=CARTESIAN_POINT('',(-50.4999999999999,-59.5,-68.3738857507706));
#8306=CARTESIAN_POINT('',(-50.4999999999999,-59.5,-76.3738857507706));
#8307=CARTESIAN_POINT('',(-49.4999999999999,-60.5,-68.3738857507706));
#8308=CARTESIAN_POINT('Origin',(-49.4999999999999,-59.5,-68.3738857507706));
#8309=CARTESIAN_POINT('',(-49.4999999999999,-60.5,-76.3738857507706));
#8310=CARTESIAN_POINT('Origin',(-25.4999999999999,-60.5,-76.3738857507706));
#8311=CARTESIAN_POINT('',(-2.49999999999996,-60.5,-76.3738857507706));
#8312=CARTESIAN_POINT('',(-25.4999999999999,-60.5,-68.3738857507706));
#8313=CARTESIAN_POINT('Origin',(-49.4999999999999,-11.5,-76.3738857507706));
#8314=CARTESIAN_POINT('',(-49.4999999999999,-10.5,-76.3738857507706));
#8315=CARTESIAN_POINT('',(-50.4999999999999,-11.5,-76.3738857507706));
#8316=CARTESIAN_POINT('Origin',(-49.4999999999999,-11.5,-76.3738857507706));
#8317=CARTESIAN_POINT('',(-49.4999999999999,-10.5,-68.3738857507706));
#8318=CARTESIAN_POINT('',(-49.4999999999999,-10.5,-76.3738857507706));
#8319=CARTESIAN_POINT('',(-50.4999999999999,-11.5,-68.3738857507706));
#8320=CARTESIAN_POINT('Origin',(-49.4999999999999,-11.5,-68.3738857507706));
#8321=CARTESIAN_POINT('',(-50.4999999999999,-11.5,-76.3738857507706));
#8322=CARTESIAN_POINT('Origin',(-50.4999999999999,-60.5,-76.3738857507706));
#8323=CARTESIAN_POINT('',(-50.4999999999999,-30.25,-76.3738857507706));
#8324=CARTESIAN_POINT('',(-50.4999999999999,-60.5,-68.3738857507706));
#8325=CARTESIAN_POINT('Origin',(-26.4999999999999,-11.5,-76.3738857507706));
#8326=CARTESIAN_POINT('',(-26.4999999999999,-10.5,-76.3738857507706));
#8327=CARTESIAN_POINT('Origin',(-26.4999999999999,-11.5,-76.3738857507706));
#8328=CARTESIAN_POINT('',(-26.4999999999999,-10.5,-68.3738857507706));
#8329=CARTESIAN_POINT('Origin',(-26.4999999999999,-11.5,-68.3738857507706));
#8330=CARTESIAN_POINT('',(-26.4999999999999,-10.5,-76.3738857507706));
#8331=CARTESIAN_POINT('Origin',(-50.4999999999999,-10.5,-76.3738857507706));
#8332=CARTESIAN_POINT('',(-15.,-10.5,-76.3738857507706));
#8333=CARTESIAN_POINT('',(-50.4999999999999,-10.5,-68.3738857507706));
#8334=CARTESIAN_POINT('Origin',(-37.9999999999999,-35.5,-68.3738857507706));
#8335=CARTESIAN_POINT('',(-52.4999999999999,-59.5,-68.3738857507706));
#8336=CARTESIAN_POINT('',(-52.4999999999999,-62.5,-68.3738857507706));
#8337=CARTESIAN_POINT('',(-49.4999999999999,-62.5,-68.3738857507706));
#8338=CARTESIAN_POINT('Origin',(-49.4999999999999,-59.5,-68.3738857507706));
#8339=CARTESIAN_POINT('',(-26.4999999999999,-62.5,-68.3738857507706));
#8340=CARTESIAN_POINT('',(-23.4999999999999,-62.5,-68.3738857507706));
#8341=CARTESIAN_POINT('Origin',(-26.4999999999999,-59.5,-68.3738857507706));
#8342=CARTESIAN_POINT('Origin',(-26.4999999999999,-59.5,-76.3738857507706));
#8343=CARTESIAN_POINT('',(-26.4999999999999,-62.5,-76.3738857507706));
#8344=CARTESIAN_POINT('Origin',(-52.4999999999999,-62.5,-76.3738857507706));
#8345=CARTESIAN_POINT('',(-49.4999999999999,-62.5,-76.3738857507706));
#8346=CARTESIAN_POINT('Origin',(-49.4999999999999,-59.5,-76.3738857507706));
#8347=CARTESIAN_POINT('',(-52.4999999999999,-59.5,-76.3738857507706));
#8348=CARTESIAN_POINT('Origin',(-52.4999999999999,-8.50000000000002,-76.3738857507706));
#8349=CARTESIAN_POINT('Origin',(20.5,0.,-76.3738857507706));
#8350=CARTESIAN_POINT('Origin',(89.,-1.99999999999999,-71.6238857507706));
#8351=CARTESIAN_POINT('',(91.,-1.99999999999999,-71.3738857507706));
#8352=CARTESIAN_POINT('Origin',(89.,-1.99999999999999,-71.3738857507706));
#8353=CARTESIAN_POINT('',(90.5,-1.99999999999999,-71.8738857507706));
#8354=CARTESIAN_POINT('',(90.75,-1.99999999999999,-71.6238857507706));
#8355=CARTESIAN_POINT('Origin',(89.,-1.99999999999999,-71.8738857507706));
#8356=CARTESIAN_POINT('Origin',(89.,-1.99999999999999,-71.3738857507706));
#8357=CARTESIAN_POINT('',(90.5,-1.99999999999999,-73.8738857507706));
#8358=CARTESIAN_POINT('',(90.5,-1.99999999999999,-71.3738857507706));
#8359=CARTESIAN_POINT('Origin',(89.,-1.99999999999999,-73.8738857507706));
#8360=CARTESIAN_POINT('Origin',(104.2,48.2,-71.6238857507706));
#8361=CARTESIAN_POINT('',(106.2,48.2,-71.3738857507706));
#8362=CARTESIAN_POINT('Origin',(104.2,48.2,-71.3738857507706));
#8363=CARTESIAN_POINT('',(105.7,48.2,-71.8738857507706));
#8364=CARTESIAN_POINT('',(105.95,48.2,-71.6238857507706));
#8365=CARTESIAN_POINT('Origin',(104.2,48.2,-71.8738857507706));
#8366=CARTESIAN_POINT('Origin',(104.2,48.2,-71.3738857507706));
#8367=CARTESIAN_POINT('',(105.7,48.2,-73.8738857507706));
#8368=CARTESIAN_POINT('',(105.7,48.2,-71.3738857507706));
#8369=CARTESIAN_POINT('Origin',(104.2,48.2,-73.8738857507706));
#8370=CARTESIAN_POINT('Origin',(56.5,49.5,-71.6238857507706));
#8371=CARTESIAN_POINT('',(58.5,49.5,-71.3738857507706));
#8372=CARTESIAN_POINT('Origin',(56.5,49.5,-71.3738857507706));
#8373=CARTESIAN_POINT('',(58.,49.5,-71.8738857507706));
#8374=CARTESIAN_POINT('',(58.25,49.5,-71.6238857507706));
#8375=CARTESIAN_POINT('Origin',(56.5,49.5,-71.8738857507706));
#8376=CARTESIAN_POINT('Origin',(56.5,49.5,-71.3738857507706));
#8377=CARTESIAN_POINT('',(58.,49.5,-73.8738857507706));
#8378=CARTESIAN_POINT('',(58.,49.5,-71.3738857507706));
#8379=CARTESIAN_POINT('Origin',(56.5,49.5,-73.8738857507706));
#8380=CARTESIAN_POINT('Origin',(61.,-1.99999999999999,-71.6238857507706));
#8381=CARTESIAN_POINT('',(63.,-1.99999999999999,-71.3738857507706));
#8382=CARTESIAN_POINT('Origin',(61.,-1.99999999999999,-71.3738857507706));
#8383=CARTESIAN_POINT('',(62.5,-1.99999999999999,-71.8738857507706));
#8384=CARTESIAN_POINT('',(62.75,-1.99999999999999,-71.6238857507706));
#8385=CARTESIAN_POINT('Origin',(61.,-1.99999999999999,-71.8738857507706));
#8386=CARTESIAN_POINT('Origin',(61.,-1.99999999999999,-71.3738857507706));
#8387=CARTESIAN_POINT('',(62.5,-1.99999999999999,-73.8738857507706));
#8388=CARTESIAN_POINT('',(62.5,-1.99999999999999,-71.3738857507706));
#8389=CARTESIAN_POINT('Origin',(61.,-1.99999999999999,-73.8738857507706));
#8390=CARTESIAN_POINT('Origin',(104.2,48.2,-75.3738857507706));
#8391=CARTESIAN_POINT('',(106.2,48.2,-75.3738857507706));
#8392=CARTESIAN_POINT('Origin',(104.2,48.2,-75.3738857507706));
#8393=CARTESIAN_POINT('Origin',(107.2,48.2,-75.3738857507706));
#8394=CARTESIAN_POINT('Origin',(104.2,48.2,-76.3738857507706));
#8395=CARTESIAN_POINT('',(106.2,48.2,-76.3738857507706));
#8396=CARTESIAN_POINT('Origin',(56.5,49.5,-75.3738857507706));
#8397=CARTESIAN_POINT('',(58.5,49.5,-75.3738857507706));
#8398=CARTESIAN_POINT('Origin',(56.5,49.5,-75.3738857507706));
#8399=CARTESIAN_POINT('Origin',(59.5,49.5,-75.3738857507706));
#8400=CARTESIAN_POINT('Origin',(56.5,49.5,-76.3738857507706));
#8401=CARTESIAN_POINT('',(58.5,49.5,-76.3738857507706));
#8402=CARTESIAN_POINT('Origin',(89.,-1.99999999999999,-75.3738857507706));
#8403=CARTESIAN_POINT('',(91.,-1.99999999999999,-75.3738857507706));
#8404=CARTESIAN_POINT('Origin',(89.,-1.99999999999999,-75.3738857507706));
#8405=CARTESIAN_POINT('Origin',(92.,-1.99999999999999,-75.3738857507706));
#8406=CARTESIAN_POINT('Origin',(89.,-1.99999999999999,-76.3738857507706));
#8407=CARTESIAN_POINT('',(91.,-1.99999999999999,-76.3738857507706));
#8408=CARTESIAN_POINT('Origin',(61.,-1.99999999999999,-75.3738857507706));
#8409=CARTESIAN_POINT('',(63.,-1.99999999999999,-75.3738857507706));
#8410=CARTESIAN_POINT('Origin',(61.,-1.99999999999999,-75.3738857507706));
#8411=CARTESIAN_POINT('Origin',(64.,-1.99999999999999,-75.3738857507706));
#8412=CARTESIAN_POINT('Origin',(61.,-1.99999999999999,-76.3738857507706));
#8413=CARTESIAN_POINT('',(63.,-1.99999999999999,-76.3738857507706));
#8414=CARTESIAN_POINT('Origin',(80.35,23.75,-73.8738857507706));
#8415=CARTESIAN_POINT('Origin',(80.35,23.75,-73.8738857507706));
#8416=CARTESIAN_POINT('Origin',(80.35,23.75,-73.8738857507706));
#8417=CARTESIAN_POINT('Origin',(80.35,23.75,-73.8738857507706));
#8418=CARTESIAN_POINT('Origin',(87.,43.5,-76.3738857507706));
#8419=CARTESIAN_POINT('',(117.,43.5,-79.3738857507706));
#8420=CARTESIAN_POINT('',(87.,73.5,-79.3738857507706));
#8421=CARTESIAN_POINT('Origin',(87.,43.5,-79.3738857507706));
#8422=CARTESIAN_POINT('',(87.,73.5,-76.3738857507706));
#8423=CARTESIAN_POINT('',(117.,43.5,-76.3738857507706));
#8424=CARTESIAN_POINT('Origin',(-76.,73.5,-76.3738857507706));
#8425=CARTESIAN_POINT('',(-46.,73.5,-79.3738857507706));
#8426=CARTESIAN_POINT('',(-76.,73.5,-79.3738857507706));
#8427=CARTESIAN_POINT('',(-46.,73.5,-76.3738857507706));
#8428=CARTESIAN_POINT('Origin',(-46.,43.5,-76.3738857507706));
#8429=CARTESIAN_POINT('',(-76.,43.5,-79.3738857507706));
#8430=CARTESIAN_POINT('Origin',(-46.,43.5,-79.3738857507706));
#8431=CARTESIAN_POINT('',(-76.,43.5,-76.3738857507706));
#8432=CARTESIAN_POINT('Origin',(-46.,-43.5,-76.3738857507706));
#8433=CARTESIAN_POINT('',(-76.,-43.5,-79.3738857507706));
#8434=CARTESIAN_POINT('',(-46.,-73.5,-79.3738857507706));
#8435=CARTESIAN_POINT('Origin',(-46.,-43.5,-79.3738857507706));
#8436=CARTESIAN_POINT('',(-46.,-73.5,-76.3738857507706));
#8437=CARTESIAN_POINT('',(-76.,-43.5,-76.3738857507706));
#8438=CARTESIAN_POINT('Origin',(117.,-73.5,-76.3738857507706));
#8439=CARTESIAN_POINT('',(87.,-73.5,-79.3738857507706));
#8440=CARTESIAN_POINT('',(117.,-73.5,-79.3738857507706));
#8441=CARTESIAN_POINT('',(87.,-73.5,-76.3738857507706));
#8442=CARTESIAN_POINT('Origin',(87.,-43.5,-76.3738857507706));
#8443=CARTESIAN_POINT('',(117.,-43.5,-79.3738857507706));
#8444=CARTESIAN_POINT('Origin',(87.,-43.5,-79.3738857507706));
#8445=CARTESIAN_POINT('',(117.,-43.5,-76.3738857507706));
#8446=CARTESIAN_POINT('Origin',(40.5,-30.5,-69.6238857507706));
#8447=CARTESIAN_POINT('',(40.5,-32.5,-69.6238857507706));
#8448=CARTESIAN_POINT('Origin',(40.5,-30.5,-69.6238857507706));
#8449=CARTESIAN_POINT('',(52.5,-32.5,-69.6238857507706));
#8450=CARTESIAN_POINT('',(40.5,-32.5,-69.6238857507706));
#8451=CARTESIAN_POINT('Origin',(52.5,-30.5,-69.6238857507706));
#8452=CARTESIAN_POINT('Origin',(52.5,-35.5,-69.6238857507706));
#8453=CARTESIAN_POINT('Origin',(40.5,-40.5,-69.6238857507706));
#8454=CARTESIAN_POINT('',(40.5,-42.5,-69.6238857507706));
#8455=CARTESIAN_POINT('Origin',(40.5,-40.5,-69.6238857507706));
#8456=CARTESIAN_POINT('',(52.5,-42.5,-69.6238857507706));
#8457=CARTESIAN_POINT('',(40.5,-42.5,-69.6238857507706));
#8458=CARTESIAN_POINT('Origin',(52.5,-40.5,-69.6238857507706));
#8459=CARTESIAN_POINT('Origin',(52.5,-35.5,-69.6238857507706));
#8460=CARTESIAN_POINT('Origin',(-42.9999999999999,20.,-69.6238857507706));
#8461=CARTESIAN_POINT('',(-44.9999999999999,20.,-69.6238857507706));
#8462=CARTESIAN_POINT('Origin',(-42.9999999999999,20.,-69.6238857507706));
#8463=CARTESIAN_POINT('',(-44.9999999999999,32.,-69.6238857507706));
#8464=CARTESIAN_POINT('',(-44.9999999999999,20.,-69.6238857507706));
#8465=CARTESIAN_POINT('Origin',(-42.9999999999999,32.,-69.6238857507706));
#8466=CARTESIAN_POINT('Origin',(-37.9999999999999,32.,-69.6238857507706));
#8467=CARTESIAN_POINT('Origin',(-32.9999999999999,20.,-69.6238857507706));
#8468=CARTESIAN_POINT('',(-34.9999999999999,20.,-69.6238857507706));
#8469=CARTESIAN_POINT('Origin',(-32.9999999999999,20.,-69.6238857507706));
#8470=CARTESIAN_POINT('',(-34.9999999999999,32.,-69.6238857507706));
#8471=CARTESIAN_POINT('',(-34.9999999999999,20.,-69.6238857507706));
#8472=CARTESIAN_POINT('Origin',(-32.9999999999999,32.,-69.6238857507706));
#8473=CARTESIAN_POINT('Origin',(-37.9999999999999,32.,-69.6238857507706));
#8474=CARTESIAN_POINT('Origin',(-27.9999999999999,20.,-55.3738857507706));
#8475=CARTESIAN_POINT('',(-27.9999999999999,20.,-55.3738857507706));
#8476=CARTESIAN_POINT('',(-24.9999999999999,20.,-55.3738857507706));
#8477=CARTESIAN_POINT('',(-27.9999999999999,20.,-55.3738857507706));
#8478=CARTESIAN_POINT('Origin',(-27.9999999999999,20.,-65.3738857507706));
#8479=CARTESIAN_POINT('',(-27.9999999999999,20.,-65.3738857507706));
#8480=CARTESIAN_POINT('',(-27.9999999999999,20.,-55.3738857507706));
#8481=CARTESIAN_POINT('',(-27.9999999999999,20.,-65.3738857507706));
#8482=CARTESIAN_POINT('Origin',(-47.9999999999999,20.,-65.3738857507706));
#8483=CARTESIAN_POINT('',(-47.9999999999999,20.,-65.3738857507706));
#8484=CARTESIAN_POINT('',(-47.9999999999999,20.,-65.3738857507706));
#8485=CARTESIAN_POINT('',(-47.9999999999999,20.,-65.3738857507706));
#8486=CARTESIAN_POINT('Origin',(-48.,20.,-55.3738857507706));
#8487=CARTESIAN_POINT('',(-48.,20.,-55.3738857507706));
#8488=CARTESIAN_POINT('',(-48.,20.,-55.3738857507706));
#8489=CARTESIAN_POINT('',(-48.,20.,-55.3738857507706));
#8490=CARTESIAN_POINT('Origin',(-51.,20.,-55.3738857507706));
#8491=CARTESIAN_POINT('',(-51.,20.,-55.3738857507706));
#8492=CARTESIAN_POINT('Origin',(-37.9999999999999,20.,-65.8738857507706));
#8493=CARTESIAN_POINT('Origin',(40.5,-48.5,-55.3738857507706));
#8494=CARTESIAN_POINT('',(68.5,-48.5,-55.3738857507706));
#8495=CARTESIAN_POINT('',(68.5,-48.5,-76.3738857507706));
#8496=CARTESIAN_POINT('',(40.5,-48.5,-55.3738857507706));
#8497=CARTESIAN_POINT('',(40.5,-48.5,-55.3738857507706));
#8498=CARTESIAN_POINT('',(40.5,-48.5,-76.3738857507706));
#8499=CARTESIAN_POINT('Origin',(40.5,-45.5,-55.3738857507706));
#8500=CARTESIAN_POINT('',(40.5,-45.5,-55.3738857507706));
#8501=CARTESIAN_POINT('',(40.5,-48.5,-55.3738857507706));
#8502=CARTESIAN_POINT('',(68.5,-45.5,-55.3738857507706));
#8503=CARTESIAN_POINT('',(68.5,-48.5,-55.3738857507706));
#8504=CARTESIAN_POINT('',(40.5,-45.5,-55.3738857507706));
#8505=CARTESIAN_POINT('Origin',(40.5,-45.5,-65.3738857507706));
#8506=CARTESIAN_POINT('',(40.5,-45.5,-65.3738857507706));
#8507=CARTESIAN_POINT('',(40.5,-45.5,-55.3738857507706));
#8508=CARTESIAN_POINT('',(68.5,-45.5,-65.3738857507706));
#8509=CARTESIAN_POINT('',(68.5,-45.5,-55.3738857507706));
#8510=CARTESIAN_POINT('',(40.5,-45.5,-65.3738857507706));
#8511=CARTESIAN_POINT('Origin',(40.5,-25.5,-65.3738857507706));
#8512=CARTESIAN_POINT('',(40.5,-25.5,-65.3738857507706));
#8513=CARTESIAN_POINT('',(40.5,-25.5,-65.3738857507706));
#8514=CARTESIAN_POINT('',(68.5,-25.5,-65.3738857507706));
#8515=CARTESIAN_POINT('',(68.5,-25.5,-65.3738857507706));
#8516=CARTESIAN_POINT('',(40.5,-25.5,-65.3738857507706));
#8517=CARTESIAN_POINT('Origin',(40.5,-25.5,-55.3738857507706));
#8518=CARTESIAN_POINT('',(40.5,-25.5,-55.3738857507706));
#8519=CARTESIAN_POINT('',(40.5,-25.5,-55.3738857507706));
#8520=CARTESIAN_POINT('',(68.5,-25.5,-55.3738857507706));
#8521=CARTESIAN_POINT('',(68.5,-25.5,-55.3738857507706));
#8522=CARTESIAN_POINT('',(40.5,-25.5,-55.3738857507706));
#8523=CARTESIAN_POINT('Origin',(40.5,-22.5,-55.3738857507706));
#8524=CARTESIAN_POINT('',(40.5,-22.5,-55.3738857507706));
#8525=CARTESIAN_POINT('',(40.5,-22.5,-55.3738857507706));
#8526=CARTESIAN_POINT('',(68.5,-22.5,-55.3738857507706));
#8527=CARTESIAN_POINT('',(68.5,-22.5,-55.3738857507706));
#8528=CARTESIAN_POINT('',(40.5,-22.5,-55.3738857507706));
#8529=CARTESIAN_POINT('Origin',(40.5,-22.5,-76.3738857507706));
#8530=CARTESIAN_POINT('',(40.5,-22.5,-76.3738857507706));
#8531=CARTESIAN_POINT('',(68.5,-22.5,-76.3738857507706));
#8532=CARTESIAN_POINT('Origin',(68.5,-35.5,-65.8738857507706));
#8533=CARTESIAN_POINT('Origin',(40.5,-35.5,-65.8738857507706));
#8534=CARTESIAN_POINT('Origin',(40.1006644078301,-2.5000000372529,-71.3738857507706));
#8535=CARTESIAN_POINT('',(35.1179356166057,-6.31156036314985,-71.7891131500393));
#8536=CARTESIAN_POINT('Origin',(40.1006644078301,-6.31156036314985,-71.3738857507706));
#8537=CARTESIAN_POINT('',(35.1179356166057,6.31156036314985,-71.7891131500392));
#8538=CARTESIAN_POINT('Origin',(40.1006644078301,6.31156036314985,-71.3738857507706));
#8539=CARTESIAN_POINT('',(35.1179356166057,-2.5000000372529,-71.7891131500393));
#8540=CARTESIAN_POINT('Ctrl Pts',(35.1179356166057,6.31156036314975,-71.7891131500393));
#8541=CARTESIAN_POINT('Ctrl Pts',(35.1217927339337,6.53758744516547,-71.8353985579746));
#8542=CARTESIAN_POINT('Ctrl Pts',(34.9926704974371,6.91021441398283,-71.858048554962));
#8543=CARTESIAN_POINT('Ctrl Pts',(34.5635331681796,7.23928392295326,-71.7532554540385));
#8544=CARTESIAN_POINT('Ctrl Pts',(34.2556254633967,7.30291779017165,-71.6439125739257));
#8545=CARTESIAN_POINT('Ctrl Pts',(34.1006823901707,7.30033970250735,-71.5820384681388));
#8546=CARTESIAN_POINT('Ctrl Pts',(35.1767656314692,6.31156036314975,-72.4950733284014));
#8547=CARTESIAN_POINT('Ctrl Pts',(35.186829836804,6.55064836402574,-72.536401116425));
#8548=CARTESIAN_POINT('Ctrl Pts',(35.0506403975659,6.95232839125738,-72.5565612466116));
#8549=CARTESIAN_POINT('Ctrl Pts',(34.5851074769567,7.29088055604558,-72.4631131551265));
#8550=CARTESIAN_POINT('Ctrl Pts',(34.2600306419796,7.34202104965477,-72.3651784185476));
#8551=CARTESIAN_POINT('Ctrl Pts',(34.1006823901707,7.33065375089924,-72.3095756512264));
#8552=CARTESIAN_POINT('Ctrl Pts',(35.5997594420804,6.31156036314975,-73.8790379705687));
#8553=CARTESIAN_POINT('Ctrl Pts',(35.6180855680759,6.64560456516018,-73.9079777320597));
#8554=CARTESIAN_POINT('Ctrl Pts',(35.4274107349372,7.21447148943432,-73.92195980688));
#8555=CARTESIAN_POINT('Ctrl Pts',(34.767835557103,7.68112911598114,-73.856639435537));
#8556=CARTESIAN_POINT('Ctrl Pts',(34.3172622837335,7.73846110884284,-73.7876514863468));
#8557=CARTESIAN_POINT('Ctrl Pts',(34.1006823901707,7.71507667245922,-73.7483226214881));
#8558=CARTESIAN_POINT('Ctrl Pts',(37.2723993472648,6.31156036314977,-75.7876385197048));
#8559=CARTESIAN_POINT('Ctrl Pts',(37.2899349208068,7.02117187720439,-75.7952161517312));
#8560=CARTESIAN_POINT('Ctrl Pts',(36.8789382934881,8.21399526173443,-75.7988665190398));
#8561=CARTESIAN_POINT('Ctrl Pts',(35.5156076058989,9.24109374111928,-75.7818083026842));
#8562=CARTESIAN_POINT('Ctrl Pts',(34.5666161832175,9.41283545169261,-75.7636511156528));
#8563=CARTESIAN_POINT('Ctrl Pts',(34.1006823901707,9.38947919892555,-75.7532266412645));
#8564=CARTESIAN_POINT('Ctrl Pts',(39.0380536257541,6.3115603631498,-76.3738857507706));
#8565=CARTESIAN_POINT('Ctrl Pts',(39.0447262058429,7.41734053138458,-76.3737678752682));
#8566=CARTESIAN_POINT('Ctrl Pts',(38.3991708065857,9.25816028639357,-76.3734849687805));
#8567=CARTESIAN_POINT('Ctrl Pts',(36.3124532435239,10.8925759614864,-76.3736909569065));
#8568=CARTESIAN_POINT('Ctrl Pts',(34.8365803581883,11.2126550540458,-76.373715337115));
#8569=CARTESIAN_POINT('Ctrl Pts',(34.1006823901707,11.2037523904158,-76.3738857507706));
#8570=CARTESIAN_POINT('Ctrl Pts',(40.1006644078301,6.31156036314982,-76.3738857507706));
#8571=CARTESIAN_POINT('Ctrl Pts',(40.1006644078301,7.65615150360518,-76.3738857507706));
#8572=CARTESIAN_POINT('Ctrl Pts',(39.3146059903573,9.88625081743068,-76.3738857507706));
#8573=CARTESIAN_POINT('Ctrl Pts',(36.7921785652741,11.8868661457034,-76.3738857507706));
#8574=CARTESIAN_POINT('Ctrl Pts',(34.9994037766336,12.2960050682271,-76.3738857507706));
#8575=CARTESIAN_POINT('Ctrl Pts',(34.1006823901708,12.2960050682271,-76.3738857507706));
#8576=CARTESIAN_POINT('',(34.1006823901708,7.30033970250735,-71.5820384681388));
#8577=CARTESIAN_POINT('Origin',(34.1006823901708,12.2960050682271,-71.3738857507706));
#8578=CARTESIAN_POINT('Origin',(34.079867118434,6.29079899380515,-71.3738857507706));
#8579=CARTESIAN_POINT('Origin',(25.5,12.2960050682271,-71.3738857507706));
#8580=CARTESIAN_POINT('',(6.89931760982921,7.30033970250735,-71.5820384681388));
#8581=CARTESIAN_POINT('Origin',(6.89931760982921,12.2960050682271,-71.3738857507706));
#8582=CARTESIAN_POINT('',(25.5,7.30033970250735,-71.5820384681388));
#8583=CARTESIAN_POINT('Ctrl Pts',(6.89931760982919,7.30033970250735,-71.5820384681388));
#8584=CARTESIAN_POINT('Ctrl Pts',(6.74437453660313,7.30291779017164,-71.6439125739257));
#8585=CARTESIAN_POINT('Ctrl Pts',(6.43645466996628,7.23929168049765,-71.7532618067617));
#8586=CARTESIAN_POINT('Ctrl Pts',(6.00730336316268,6.91022533791137,-71.8580610703538));
#8587=CARTESIAN_POINT('Ctrl Pts',(5.87820726606634,6.5375874451656,-71.8353985579746));
#8588=CARTESIAN_POINT('Ctrl Pts',(5.88206438339428,6.31156036314987,-71.7891131500393));
#8589=CARTESIAN_POINT('Ctrl Pts',(6.89931760982919,7.33065375089924,-72.3095756512264));
#8590=CARTESIAN_POINT('Ctrl Pts',(6.73996935802029,7.34202104965475,-72.3651784185476));
#8591=CARTESIAN_POINT('Ctrl Pts',(6.41487006345563,7.29089352454931,-72.4631190080445));
#8592=CARTESIAN_POINT('Ctrl Pts',(5.94931243790586,6.95234489289848,-72.5565725566167));
#8593=CARTESIAN_POINT('Ctrl Pts',(5.81317016319608,6.55064836402587,-72.536401116425));
#8594=CARTESIAN_POINT('Ctrl Pts',(5.82323436853077,6.31156036314987,-72.4950733284014));
#8595=CARTESIAN_POINT('Ctrl Pts',(6.8993176098292,7.71505202217409,-73.7483676014485));
#8596=CARTESIAN_POINT('Ctrl Pts',(6.6827377162664,7.7384364585577,-73.7876964663073));
#8597=CARTESIAN_POINT('Ctrl Pts',(6.2321417137874,7.68113110511767,-73.856690882327));
#8598=CARTESIAN_POINT('Ctrl Pts',(5.57252924986065,7.21447946726577,-73.9220166770305));
#8599=CARTESIAN_POINT('Ctrl Pts',(5.38193615116012,6.6456045651603,-73.908018535317));
#8600=CARTESIAN_POINT('Ctrl Pts',(5.40026227715559,6.31156036314987,-73.879078773826));
#8601=CARTESIAN_POINT('Ctrl Pts',(6.89931760982922,9.38944301599382,-75.7533290553859));
#8602=CARTESIAN_POINT('Ctrl Pts',(6.43338381678242,9.41279926876087,-75.7637535297742));
#8603=CARTESIAN_POINT('Ctrl Pts',(5.4843577934595,9.24109966711628,-75.7819070398978));
#8604=CARTESIAN_POINT('Ctrl Pts',(4.12096952841112,8.21401263363386,-75.7989651916267));
#8605=CARTESIAN_POINT('Ctrl Pts',(3.71009677140955,7.02117187720449,-75.7953083370296));
#8606=CARTESIAN_POINT('Ctrl Pts',(3.72763234495147,6.31156036314987,-75.7877307050031));
#8607=CARTESIAN_POINT('Ctrl Pts',(6.89931760982924,11.2037523904158,-76.3738857507706));
#8608=CARTESIAN_POINT('Ctrl Pts',(6.16341964181173,11.2126550540458,-76.373715337115));
#8609=CARTESIAN_POINT('Ctrl Pts',(4.68747445799809,10.8926193303962,-76.3737059768532));
#8610=CARTESIAN_POINT('Ctrl Pts',(2.60067830175258,9.25821799570483,-76.3735076749875));
#8611=CARTESIAN_POINT('Ctrl Pts',(1.95527379415711,7.41734053138464,-76.3737678752682));
#8612=CARTESIAN_POINT('Ctrl Pts',(1.96194637424592,6.31156036314986,-76.3738857507706));
#8613=CARTESIAN_POINT('Ctrl Pts',(6.89931760982926,12.2960050682271,-76.3738857507706));
#8614=CARTESIAN_POINT('Ctrl Pts',(6.00059622336638,12.2960050682271,-76.3738857507706));
#8615=CARTESIAN_POINT('Ctrl Pts',(4.20775163996318,11.8869111027889,-76.3738857507705));
#8616=CARTESIAN_POINT('Ctrl Pts',(1.68524343093758,9.88631323215406,-76.3738857507706));
#8617=CARTESIAN_POINT('Ctrl Pts',(0.899335592169882,7.65615150360522,-76.3738857507706));
#8618=CARTESIAN_POINT('Ctrl Pts',(0.89933559216988,6.31156036314986,-76.3738857507706));
#8619=CARTESIAN_POINT('',(5.88206438339428,6.31156036314985,-71.7891131500393));
#8620=CARTESIAN_POINT('Origin',(0.899335592169882,6.31156036314986,-71.3738857507706));
#8621=CARTESIAN_POINT('Origin',(6.92013288156603,6.29079899380515,-71.3738857507706));
#8622=CARTESIAN_POINT('Origin',(0.899335592169883,2.5000000372529,-71.3738857507706));
#8623=CARTESIAN_POINT('',(5.88206438339428,-6.31156036314985,-71.7891131500392));
#8624=CARTESIAN_POINT('Origin',(0.899335592169883,-6.31156036314985,-71.3738857507706));
#8625=CARTESIAN_POINT('',(5.88206438339428,2.5000000372529,-71.7891131500393));
#8626=CARTESIAN_POINT('Ctrl Pts',(5.88206438339428,-6.31156036314975,-71.7891131500393));
#8627=CARTESIAN_POINT('Ctrl Pts',(5.87820726606631,-6.53758744516547,-71.8353985579746));
#8628=CARTESIAN_POINT('Ctrl Pts',(6.0073033631627,-6.91022533791137,-71.8580610703538));
#8629=CARTESIAN_POINT('Ctrl Pts',(6.43645466996633,-7.23929168049765,-71.7532618067617));
#8630=CARTESIAN_POINT('Ctrl Pts',(6.74437453660325,-7.30291779017165,-71.6439125739257));
#8631=CARTESIAN_POINT('Ctrl Pts',(6.89931760982931,-7.30033970250735,-71.5820384681388));
#8632=CARTESIAN_POINT('Ctrl Pts',(5.82323436853077,-6.31156036314975,-72.4950733284014));
#8633=CARTESIAN_POINT('Ctrl Pts',(5.81317016319605,-6.55064836402574,-72.536401116425));
#8634=CARTESIAN_POINT('Ctrl Pts',(5.94931243790588,-6.95234489289847,-72.5565725566167));
#8635=CARTESIAN_POINT('Ctrl Pts',(6.41487006345567,-7.2908935245493,-72.4631190080445));
#8636=CARTESIAN_POINT('Ctrl Pts',(6.73996935802041,-7.34202104965477,-72.3651784185476));
#8637=CARTESIAN_POINT('Ctrl Pts',(6.89931760982931,-7.33065375089924,-72.3095756512264));
#8638=CARTESIAN_POINT('Ctrl Pts',(5.40026227715559,-6.31156036314975,-73.879078773826));
#8639=CARTESIAN_POINT('Ctrl Pts',(5.3819361511601,-6.64560456516018,-73.908018535317));
#8640=CARTESIAN_POINT('Ctrl Pts',(5.57252924986068,-7.21447946726576,-73.9220166770305));
#8641=CARTESIAN_POINT('Ctrl Pts',(6.23214171378744,-7.68113110511766,-73.856690882327));
#8642=CARTESIAN_POINT('Ctrl Pts',(6.6827377162665,-7.73843645855771,-73.7876964663072));
#8643=CARTESIAN_POINT('Ctrl Pts',(6.8993176098293,-7.71505202217409,-73.7483676014485));
#8644=CARTESIAN_POINT('Ctrl Pts',(3.72763234495147,-6.31156036314978,-75.7877307050031));
#8645=CARTESIAN_POINT('Ctrl Pts',(3.71009677140953,-7.02117187720439,-75.7953083370296));
#8646=CARTESIAN_POINT('Ctrl Pts',(4.12096952841113,-8.21401263363384,-75.7989651916267));
#8647=CARTESIAN_POINT('Ctrl Pts',(5.48435779345952,-9.24109966711626,-75.7819070398978));
#8648=CARTESIAN_POINT('Ctrl Pts',(6.43338381678247,-9.41279926876087,-75.7637535297742));
#8649=CARTESIAN_POINT('Ctrl Pts',(6.89931760982928,-9.38944301599382,-75.7533290553859));
#8650=CARTESIAN_POINT('Ctrl Pts',(1.96194637424592,-6.31156036314981,-76.3738857507706));
#8651=CARTESIAN_POINT('Ctrl Pts',(1.9552737941571,-7.41734053138458,-76.3737678752682));
#8652=CARTESIAN_POINT('Ctrl Pts',(2.60067830175258,-9.25821799570481,-76.3735076749875));
#8653=CARTESIAN_POINT('Ctrl Pts',(4.68747445799808,-10.8926193303962,-76.3737059768532));
#8654=CARTESIAN_POINT('Ctrl Pts',(6.16341964181173,-11.2126550540458,-76.373715337115));
#8655=CARTESIAN_POINT('Ctrl Pts',(6.89931760982925,-11.2037523904158,-76.3738857507706));
#8656=CARTESIAN_POINT('Ctrl Pts',(0.899335592169881,-6.31156036314982,-76.3738857507706));
#8657=CARTESIAN_POINT('Ctrl Pts',(0.899335592169875,-7.65615150360518,-76.3738857507706));
#8658=CARTESIAN_POINT('Ctrl Pts',(1.68524343093757,-9.88631323215403,-76.3738857507706));
#8659=CARTESIAN_POINT('Ctrl Pts',(4.20775163996315,-11.8869111027889,-76.3738857507706));
#8660=CARTESIAN_POINT('Ctrl Pts',(6.00059622336636,-12.2960050682271,-76.3738857507706));
#8661=CARTESIAN_POINT('Ctrl Pts',(6.89931760982923,-12.2960050682271,-76.3738857507706));
#8662=CARTESIAN_POINT('',(6.89931760982921,-7.30033970250735,-71.5820384681388));
#8663=CARTESIAN_POINT('Origin',(6.89931760982919,-12.2960050682271,-71.3738857507706));
#8664=CARTESIAN_POINT('Origin',(6.92013288156603,-6.29079899380515,-71.3738857507706));
#8665=CARTESIAN_POINT('Origin',(15.5,-12.2960050682271,-71.3738857507706));
#8666=CARTESIAN_POINT('',(34.1006823901708,-7.30033970250735,-71.5820384681388));
#8667=CARTESIAN_POINT('Origin',(34.1006823901708,-12.2960050682271,-71.3738857507706));
#8668=CARTESIAN_POINT('',(15.5,-7.30033970250735,-71.5820384681388));
#8669=CARTESIAN_POINT('Ctrl Pts',(34.1006823901708,-7.30033970250735,-71.5820384681388));
#8670=CARTESIAN_POINT('Ctrl Pts',(34.3330970000099,-7.30420683400378,-71.6748496268192));
#8671=CARTESIAN_POINT('Ctrl Pts',(34.7163239737835,-7.17882573512816,-71.8017947461828));
#8672=CARTESIAN_POINT('Ctrl Pts',(35.0549162144519,-6.76165515635074,-71.8532826501721));
#8673=CARTESIAN_POINT('Ctrl Pts',(35.1205070281577,-6.46224508449369,-71.8199700886628));
#8674=CARTESIAN_POINT('Ctrl Pts',(35.1179356166057,-6.31156036314987,-71.7891131500393));
#8675=CARTESIAN_POINT('Ctrl Pts',(34.1006823901708,-7.33065375089924,-72.3095756512264));
#8676=CARTESIAN_POINT('Ctrl Pts',(34.3397047678842,-7.34770469903251,-72.3929798022082));
#8677=CARTESIAN_POINT('Ctrl Pts',(34.7503883526956,-7.23332053191097,-72.5064346957407));
#8678=CARTESIAN_POINT('Ctrl Pts',(35.1177408897969,-6.79174041835997,-72.5523023977096));
#8679=CARTESIAN_POINT('Ctrl Pts',(35.1834751016924,-6.47095236373387,-72.5226251870838));
#8680=CARTESIAN_POINT('Ctrl Pts',(35.1767656314692,-6.31156036314987,-72.4950733284014));
#8681=CARTESIAN_POINT('Ctrl Pts',(34.1006823901708,-7.71507667245923,-73.7483226214881));
#8682=CARTESIAN_POINT('Ctrl Pts',(34.425552230515,-7.75015332703464,-73.8073159187762));
#8683=CARTESIAN_POINT('Ctrl Pts',(35.0010180518559,-7.60607910088915,-73.8869938602952));
#8684=CARTESIAN_POINT('Ctrl Pts',(35.5225942223326,-6.98651181726428,-73.9189978506334));
#8685=CARTESIAN_POINT('Ctrl Pts',(35.6119768594107,-6.53425649782349,-73.8983311448961));
#8686=CARTESIAN_POINT('Ctrl Pts',(35.5997594420804,-6.31156036314987,-73.8790379705687));
#8687=CARTESIAN_POINT('Ctrl Pts',(34.1006823901708,-9.38947919892556,-75.7532266412645));
#8688=CARTESIAN_POINT('Ctrl Pts',(34.799583079741,-9.42451357807613,-75.7688633528469));
#8689=CARTESIAN_POINT('Ctrl Pts',(35.9973774038623,-9.06108244016228,-75.7897424662257));
#8690=CARTESIAN_POINT('Ctrl Pts',(37.0794260249776,-7.73686691279833,-75.7980856023739));
#8691=CARTESIAN_POINT('Ctrl Pts',(37.2840897296261,-6.78463470585294,-75.7926902743891));
#8692=CARTESIAN_POINT('Ctrl Pts',(37.2723993472648,-6.31156036314986,-75.7876385197048));
#8693=CARTESIAN_POINT('Ctrl Pts',(34.1006823901708,-11.2037523904158,-76.3738857507706));
#8694=CARTESIAN_POINT('Ctrl Pts',(35.2045293421971,-11.2171063858607,-76.3736301302873));
#8695=CARTESIAN_POINT('Ctrl Pts',(37.0507462242278,-10.590824308809,-76.3737064108797));
#8696=CARTESIAN_POINT('Ctrl Pts',(38.7092854924643,-8.52303502082404,-76.3735808135954));
#8697=CARTESIAN_POINT('Ctrl Pts',(39.04250201248,-7.04874714197304,-76.3738071671023));
#8698=CARTESIAN_POINT('Ctrl Pts',(39.0380536257541,-6.31156036314986,-76.3738857507706));
#8699=CARTESIAN_POINT('Ctrl Pts',(34.1006823901708,-12.2960050682271,-76.3738857507706));
#8700=CARTESIAN_POINT('Ctrl Pts',(35.4487644698651,-12.2960050682271,-76.3738857507706));
#8701=CARTESIAN_POINT('Ctrl Pts',(37.6846537528248,-11.5119821960783,-76.3738857507705));
#8702=CARTESIAN_POINT('Ctrl Pts',(39.6904632448409,-8.99608674780001,-76.3738857507706));
#8703=CARTESIAN_POINT('Ctrl Pts',(40.1006644078301,-7.20795445678676,-76.3738857507706));
#8704=CARTESIAN_POINT('Ctrl Pts',(40.1006644078301,-6.31156036314985,-76.3738857507706));
#8705=CARTESIAN_POINT('Origin',(34.079867118434,-6.29079899380515,-71.3738857507706));
#8706=CARTESIAN_POINT('Origin',(11.5103240456968,-3.99570348013894,-16.2915917812012));
#8707=CARTESIAN_POINT('',(11.5,-5.00000007450581,-16.3738857507706));
#8708=CARTESIAN_POINT('',(11.5103240456968,-4.9948365532829,-16.2499612377276));
#8709=CARTESIAN_POINT('',(10.5000033563119,-4.00259094550369,-16.3738454750278));
#8710=CARTESIAN_POINT('Ctrl Pts',(10.5000033563119,-4.00259094550369,-16.3738454750278));
#8711=CARTESIAN_POINT('Ctrl Pts',(10.5001780067096,-4.0700006357769,-16.3717496702556));
#8712=CARTESIAN_POINT('Ctrl Pts',(10.5071684628129,-4.13722999441675,-16.3700112985032));
#8713=CARTESIAN_POINT('Ctrl Pts',(10.5345750739359,-4.26925708468088,-16.3672016722285));
#8714=CARTESIAN_POINT('Ctrl Pts',(10.5549177110277,-4.33371478704216,-16.3661384386794));
#8715=CARTESIAN_POINT('Ctrl Pts',(10.6330746358911,-4.51514301064907,-16.3639625493714));
#8716=CARTESIAN_POINT('Ctrl Pts',(10.7073903682677,-4.62346088494481,-16.3637507254702));
#8717=CARTESIAN_POINT('Ctrl Pts',(10.8934216787009,-4.80562046669713,-16.3652683419181));
#8718=CARTESIAN_POINT('Ctrl Pts',(11.0033767560832,-4.87768004654674,-16.3670223248108));
#8719=CARTESIAN_POINT('Ctrl Pts',(11.2436818225281,-4.97517747396509,-16.3711517998302));
#8720=CARTESIAN_POINT('Ctrl Pts',(11.371360721254,-4.99999968897108,-16.3738764979643));
#8721=CARTESIAN_POINT('Ctrl Pts',(11.4999970029432,-5.00000007450132,-16.3738857506628));
#8722=CARTESIAN_POINT('',(10.5137782874519,-3.99570348013894,-16.2085463013475));
#8723=CARTESIAN_POINT('Origin',(10.5,-5.00000007450581,-16.3738857507706));
#8724=CARTESIAN_POINT('',(29.5000029970568,-5.00000007450581,-16.3738857507706));
#8725=CARTESIAN_POINT('',(29.4380408421653,-4.9690189979834,-15.6303398920734));
#8726=CARTESIAN_POINT('',(30.5,-5.00000007450581,-16.3738857507706));
#8727=CARTESIAN_POINT('Origin',(29.4380408421653,-3.96988592483944,-15.6719704355471));
#8728=CARTESIAN_POINT('',(30.4999966436881,-4.00259094550369,-16.3738454750278));
#8729=CARTESIAN_POINT('',(30.4345866004102,-3.96988592483944,-15.5889249556933));
#8730=CARTESIAN_POINT('Ctrl Pts',(29.5000029970568,-5.00000007450132,-16.3738857506628));
#8731=CARTESIAN_POINT('Ctrl Pts',(29.5668394383685,-4.99999987418871,-16.3738809431743));
#8732=CARTESIAN_POINT('Ctrl Pts',(29.6335667686057,-4.99329694517651,-16.3730116507082));
#8733=CARTESIAN_POINT('Ctrl Pts',(29.7646931090897,-4.96664939479276,-16.3710454913715));
#8734=CARTESIAN_POINT('Ctrl Pts',(29.828736187877,-4.94678752511105,-16.369904261734));
#8735=CARTESIAN_POINT('Ctrl Pts',(30.0101115566409,-4.86989421904034,-16.3667976211339));
#8736=CARTESIAN_POINT('Ctrl Pts',(30.1188551892691,-4.79621135656858,-16.3651083247734));
#8737=CARTESIAN_POINT('Ctrl Pts',(30.3019817851814,-4.61134777687959,-16.3637415312357));
#8738=CARTESIAN_POINT('Ctrl Pts',(30.3746185569448,-4.50195746766259,-16.3640415159984));
#8739=CARTESIAN_POINT('Ctrl Pts',(30.4739459478785,-4.26146214305953,-16.3670939118229));
#8740=CARTESIAN_POINT('Ctrl Pts',(30.4996596389426,-4.1326644283839,-16.369801418082));
#8741=CARTESIAN_POINT('Ctrl Pts',(30.4999966436881,-4.00259094550369,-16.3738454750278));
#8742=CARTESIAN_POINT('Origin',(30.5,-5.00000007450581,-16.3738857507706));
#8743=CARTESIAN_POINT('',(30.4999966436881,4.00259094550369,-16.3738454750278));
#8744=CARTESIAN_POINT('',(30.4862217125481,3.99570348013894,-16.2085463013475));
#8745=CARTESIAN_POINT('',(30.5,4.00000007450581,-16.3738857507706));
#8746=CARTESIAN_POINT('Origin',(29.5,4.00000007450581,-4.37388575077056));
#8747=CARTESIAN_POINT('',(30.5,-4.00000007450581,-16.3738857507706));
#8748=CARTESIAN_POINT('',(30.5,6.16297582203915E-32,-16.3738857507706));
#8749=CARTESIAN_POINT('Origin',(29.5,-4.00000007450581,-4.37388575077056));
#8750=CARTESIAN_POINT('Origin',(-76.,-73.5,-76.3738857507706));
#8751=CARTESIAN_POINT('',(-76.,-73.5,-79.3738857507706));
#8752=CARTESIAN_POINT('Origin',(117.,73.5,-76.3738857507706));
#8753=CARTESIAN_POINT('',(117.,73.5,-79.3738857507706));
#8754=CARTESIAN_POINT('Origin',(20.5,0.,-79.3738857507706));
#8755=CARTESIAN_POINT('Origin',(40.5594002434902,-4.00000007450581,2.61320655996883));
#8756=CARTESIAN_POINT('',(35.9598120653597,-5.00000007450581,-1.35546226550937));
#8757=CARTESIAN_POINT('',(35.3065413769065,-4.00000007450581,-0.598337832138052));
#8758=CARTESIAN_POINT('Origin',(35.9598120653597,-4.00000007450581,-1.35546226550937));
#8759=CARTESIAN_POINT('',(24.4196241307194,-4.00000007450581,-9.99191121462837));
#8760=CARTESIAN_POINT('',(39.9061295550369,-4.00000007450581,3.37033099334015));
#8761=CARTESIAN_POINT('',(25.0728948191726,-5.00000007450581,-10.7490356479997));
#8762=CARTESIAN_POINT('Origin',(25.0728948191726,-4.00000007450581,-10.7490356479997));
#8763=CARTESIAN_POINT('',(40.5594002434902,-5.00000007450581,2.61320655996883));
#8764=CARTESIAN_POINT('Origin',(20.5,-4.00000007450581,-5.44916461440043));
#8765=CARTESIAN_POINT('',(16.5803758692806,-4.00000007450581,-9.99191121462838));
#8766=CARTESIAN_POINT('',(15.9271051808274,-5.00000007450581,-10.7490356479997));
#8767=CARTESIAN_POINT('Origin',(15.9271051808274,-4.00000007450581,-10.7490356479997));
#8768=CARTESIAN_POINT('Origin',(20.5,-5.00000007450581,-5.44916461440043));
#8769=CARTESIAN_POINT('Origin',(20.5,-4.00000007450581,-5.44916461440043));
#8770=CARTESIAN_POINT('Origin',(12.1919666124707,-4.00000007450581,-7.52624103661265));
#8771=CARTESIAN_POINT('',(5.69345862309355,-4.00000007450581,-0.598337832138051));
#8772=CARTESIAN_POINT('',(5.04018793464032,-5.00000007450581,-1.35546226550937));
#8773=CARTESIAN_POINT('Origin',(5.04018793464032,-4.00000007450581,-1.35546226550937));
#8774=CARTESIAN_POINT('',(12.1919666124707,-5.00000007450581,-7.52624103661265));
#8775=CARTESIAN_POINT('',(12.845237300924,-4.00000007450581,-6.76911660324133));
#8776=CARTESIAN_POINT('Origin',(7.,-4.00000007450581,0.915911034604598));
#8777=CARTESIAN_POINT('',(5.,-4.00000007450581,0.915911034604598));
#8778=CARTESIAN_POINT('',(4.,-5.00000007450581,0.915911034604599));
#8779=CARTESIAN_POINT('Origin',(4.,-4.00000007450581,0.915911034604599));
#8780=CARTESIAN_POINT('Origin',(7.,-5.00000007450581,0.915911034604598));
#8781=CARTESIAN_POINT('Origin',(7.,-4.00000007450581,0.915911034604598));
#8782=CARTESIAN_POINT('Origin',(4.,-4.00000007450581,8.75000009313226));
#8783=CARTESIAN_POINT('',(5.,-4.00000007450581,10.0000001490116));
#8784=CARTESIAN_POINT('',(4.,-5.00000007450581,10.0000001490116));
#8785=CARTESIAN_POINT('Origin',(4.,-4.00000007450581,10.0000001490116));
#8786=CARTESIAN_POINT('',(4.,-5.00000007450581,8.75000009313226));
#8787=CARTESIAN_POINT('',(5.,-4.00000007450581,8.75000009313226));
#8788=CARTESIAN_POINT('Origin',(4.,0.,10.));
#8789=CARTESIAN_POINT('',(5.,4.00000007450581,10.0000001192093));
#8790=CARTESIAN_POINT('',(4.,5.00000007450581,10.0000001490116));
#8791=CARTESIAN_POINT('Origin',(4.,4.00000007450581,10.0000001192093));
#8792=CARTESIAN_POINT('Origin',(4.,0.,10.));
#8793=CARTESIAN_POINT('Origin',(5.,0.,10.));
#8794=CARTESIAN_POINT('Origin',(4.,4.00000007450581,3.75000001862645));
#8795=CARTESIAN_POINT('',(5.,4.00000007450581,0.915911034604598));
#8796=CARTESIAN_POINT('',(4.,5.00000007450581,0.915911034604598));
#8797=CARTESIAN_POINT('Origin',(4.,4.00000007450581,0.915911034604598));
#8798=CARTESIAN_POINT('',(4.,5.00000007450581,3.75000001862645));
#8799=CARTESIAN_POINT('',(5.,4.00000007450581,3.75000001862645));
#8800=CARTESIAN_POINT('Origin',(7.,4.00000007450581,0.915911034604598));
#8801=CARTESIAN_POINT('',(5.69345862309355,4.00000007450581,-0.598337832138051));
#8802=CARTESIAN_POINT('',(5.04018793464032,5.00000007450581,-1.35546226550937));
#8803=CARTESIAN_POINT('Origin',(5.04018793464032,4.00000007450581,-1.35546226550937));
#8804=CARTESIAN_POINT('Origin',(7.,5.00000007450581,0.915911034604598));
#8805=CARTESIAN_POINT('Origin',(7.,4.00000007450581,0.915911034604598));
#8806=CARTESIAN_POINT('Origin',(14.6650026484881,4.00000007450581,-9.6600540303697));
#8807=CARTESIAN_POINT('',(16.5803758692806,4.00000007450581,-9.99191121462838));
#8808=CARTESIAN_POINT('',(15.9271051808274,5.00000007450581,-10.7490356479997));
#8809=CARTESIAN_POINT('Origin',(15.9271051808274,4.00000007450581,-10.7490356479997));
#8810=CARTESIAN_POINT('',(14.6650026484881,5.00000007450581,-9.6600540303697));
#8811=CARTESIAN_POINT('',(15.3182733369413,4.00000007450581,-8.90292959699838));
#8812=CARTESIAN_POINT('Origin',(20.5,4.00000007450581,-5.44916461440043));
#8813=CARTESIAN_POINT('',(24.4196241307194,4.00000007450581,-9.99191121462837));
#8814=CARTESIAN_POINT('',(25.0728948191726,5.00000007450581,-10.7490356479997));
#8815=CARTESIAN_POINT('Origin',(25.0728948191726,4.00000007450581,-10.7490356479997));
#8816=CARTESIAN_POINT('Origin',(20.5,5.00000007450581,-5.44916461440043));
#8817=CARTESIAN_POINT('Origin',(20.5,4.00000007450581,-5.44916461440043));
#8818=CARTESIAN_POINT('Origin',(38.0863642074728,4.00000007450581,0.479393566211783));
#8819=CARTESIAN_POINT('',(35.3065413769065,4.00000007450581,-0.598337832138052));
#8820=CARTESIAN_POINT('',(35.9598120653597,5.00000007450581,-1.35546226550938));
#8821=CARTESIAN_POINT('Origin',(35.9598120653597,4.00000007450581,-1.35546226550938));
#8822=CARTESIAN_POINT('',(38.0863642074728,5.00000007450581,0.479393566211783));
#8823=CARTESIAN_POINT('',(37.4330935190196,4.00000007450581,1.23651799958311));
#8824=CARTESIAN_POINT('Origin',(34.,4.00000007450581,0.915911034604598));
#8825=CARTESIAN_POINT('',(36.,4.00000007450581,0.915911034604598));
#8826=CARTESIAN_POINT('',(37.,5.00000007450581,0.915911034604597));
#8827=CARTESIAN_POINT('Origin',(37.,4.00000007450581,0.915911034604597));
#8828=CARTESIAN_POINT('Origin',(34.,5.00000007450581,0.915911034604598));
#8829=CARTESIAN_POINT('Origin',(34.,4.00000007450581,0.915911034604598));
#8830=CARTESIAN_POINT('Origin',(37.,4.00000007450581,3.75000001862645));
#8831=CARTESIAN_POINT('',(36.,4.00000007450581,10.0000001490116));
#8832=CARTESIAN_POINT('',(37.,5.00000007450581,10.0000001490116));
#8833=CARTESIAN_POINT('Origin',(37.,4.00000007450581,10.0000001490116));
#8834=CARTESIAN_POINT('',(37.,5.00000007450581,3.75000001862645));
#8835=CARTESIAN_POINT('',(36.,4.00000007450581,3.75000001862645));
#8836=CARTESIAN_POINT('Origin',(37.,0.,10.));
#8837=CARTESIAN_POINT('',(36.,-4.00000007450581,10.0000001192093));
#8838=CARTESIAN_POINT('',(37.,-5.00000007450581,10.0000001490116));
#8839=CARTESIAN_POINT('Origin',(37.,-4.00000007450581,10.0000001192093));
#8840=CARTESIAN_POINT('Origin',(37.,0.,10.));
#8841=CARTESIAN_POINT('Origin',(36.,0.,10.));
#8842=CARTESIAN_POINT('Origin',(37.,-4.00000007450581,8.75000009313226));
#8843=CARTESIAN_POINT('',(36.,-4.00000007450581,0.915911034604598));
#8844=CARTESIAN_POINT('',(37.,-5.00000007450581,0.915911034604597));
#8845=CARTESIAN_POINT('Origin',(37.,-4.00000007450581,0.915911034604597));
#8846=CARTESIAN_POINT('',(37.,-5.00000007450581,8.75000009313226));
#8847=CARTESIAN_POINT('',(36.,-4.00000007450581,8.75000009313226));
#8848=CARTESIAN_POINT('Origin',(34.,-4.00000007450581,0.915911034604598));
#8849=CARTESIAN_POINT('Origin',(34.,-4.00000007450581,0.915911034604598));
#8850=CARTESIAN_POINT('Origin',(34.,-5.00000007450581,0.915911034604598));
#8851=CARTESIAN_POINT('Origin',(41.,5.00000007450581,0.));
#8852=CARTESIAN_POINT('',(40.,5.00000007450581,10.0000001490116));
#8853=CARTESIAN_POINT('',(41.,5.00000007450581,10.0000001490116));
#8854=CARTESIAN_POINT('',(40.,5.00000007450581,0.691309209673514));
#8855=CARTESIAN_POINT('',(40.,5.00000007450581,3.75000001862645));
#8856=CARTESIAN_POINT('',(39.7865483711618,5.00000007450581,0.0737805384178475));
#8857=CARTESIAN_POINT('Origin',(39.,5.00000007450581,0.691309209673514));
#8858=CARTESIAN_POINT('',(30.1403548865147,5.00000007450581,-12.2126089466771));
#8859=CARTESIAN_POINT('',(40.2134516288382,5.00000007450581,0.617528671255667));
#8860=CARTESIAN_POINT('',(29.5,5.00000007450581,-14.0651949604441));
#8861=CARTESIAN_POINT('Origin',(32.5,5.00000007450581,-14.0651949604441));
#8862=CARTESIAN_POINT('',(29.5,5.00000007450581,-16.3738857507706));
#8863=CARTESIAN_POINT('',(29.5,5.00000007450581,-6.68694287538528));
#8864=CARTESIAN_POINT('',(11.4999970029432,5.00000007450581,-16.3738857507706));
#8865=CARTESIAN_POINT('',(10.5,5.00000007450581,-16.3738857507706));
#8866=CARTESIAN_POINT('',(11.5,5.00000007450581,-14.0651949604441));
#8867=CARTESIAN_POINT('',(11.5,5.00000007450581,-6.68694287538528));
#8868=CARTESIAN_POINT('',(10.8596451134853,5.00000007450581,-12.2126089466771));
#8869=CARTESIAN_POINT('Origin',(8.5,5.00000007450581,-14.0651949604441));
#8870=CARTESIAN_POINT('',(1.21345162883824,5.00000007450581,0.0737805384178463));
#8871=CARTESIAN_POINT('',(8.60405239752892,5.00000007450581,-9.3396528244418));
#8872=CARTESIAN_POINT('',(1.,5.00000007450581,0.691309209673512));
#8873=CARTESIAN_POINT('Origin',(2.,5.00000007450581,0.691309209673513));
#8874=CARTESIAN_POINT('',(1.,5.00000007450581,10.0000001490116));
#8875=CARTESIAN_POINT('',(1.,5.00000007450581,3.75000001862645));
#8876=CARTESIAN_POINT('',(0.,5.00000007450581,10.0000001490116));
#8877=CARTESIAN_POINT('Origin',(41.,0.,10.));
#8878=CARTESIAN_POINT('',(40.,-5.00000007450581,10.0000001490116));
#8879=CARTESIAN_POINT('',(41.,-5.00000007450581,10.0000001490116));
#8880=CARTESIAN_POINT('Origin',(40.,0.,10.));
#8881=CARTESIAN_POINT('Origin',(5.,0.,7.5000000372529));
#8882=CARTESIAN_POINT('',(5.,-2.5000000372529,0.915911034604598));
#8883=CARTESIAN_POINT('',(5.,-2.05,10.));
#8884=CARTESIAN_POINT('Origin',(5.,0.,10.));
#8885=CARTESIAN_POINT('Origin',(7.,-2.5000000372529,0.915911034604598));
#8886=CARTESIAN_POINT('',(5.69345862309355,-2.5000000372529,-0.598337832138051));
#8887=CARTESIAN_POINT('Origin',(29.5,-4.00000007450581,-1.68694280087948));
#8888=CARTESIAN_POINT('',(30.5,-4.00000007450581,-14.0651949604441));
#8889=CARTESIAN_POINT('',(29.5,-5.00000007450581,-14.0651949604441));
#8890=CARTESIAN_POINT('Origin',(29.5,-4.00000007450581,-14.0651949604441));
#8891=CARTESIAN_POINT('',(29.5,-5.00000007450581,-1.68694280087948));
#8892=CARTESIAN_POINT('',(30.5,-4.00000007450581,-1.68694280087948));
#8893=CARTESIAN_POINT('Origin',(32.5,-4.00000007450581,-14.0651949604441));
#8894=CARTESIAN_POINT('',(30.9269032576765,-4.00000007450581,-12.8301376179327));
#8895=CARTESIAN_POINT('',(30.1403548865147,-5.00000007450581,-12.2126089466771));
#8896=CARTESIAN_POINT('Origin',(30.1403548865147,-4.00000007450581,-12.2126089466771));
#8897=CARTESIAN_POINT('Origin',(32.5,-5.00000007450581,-14.0651949604441));
#8898=CARTESIAN_POINT('Origin',(32.5,-4.00000007450581,-14.0651949604441));
#8899=CARTESIAN_POINT('Origin',(42.6420325176361,-4.00000007450581,3.71082041823536));
#8900=CARTESIAN_POINT('',(40.5730967423235,-4.00000007450581,-0.543748132837819));
#8901=CARTESIAN_POINT('',(39.7865483711618,-5.00000007450581,0.0737805384178442));
#8902=CARTESIAN_POINT('Origin',(39.7865483711618,-4.00000007450581,0.0737805384178442));
#8903=CARTESIAN_POINT('',(42.6420325176361,-5.00000007450581,3.71082041823536));
#8904=CARTESIAN_POINT('',(43.4285808887978,-4.00000007450581,3.0932917469797));
#8905=CARTESIAN_POINT('Ctrl Pts',(40.,-5.00000007450581,0.691309209673515));
#8906=CARTESIAN_POINT('Ctrl Pts',(40.,-5.00000007450581,0.345654604836758));
#8907=CARTESIAN_POINT('Ctrl Pts',(39.7865483711618,-5.00000007450581,0.0737805384178469));
#8908=CARTESIAN_POINT('Ctrl Pts',(41.,-5.00000007450581,0.691309209673515));
#8909=CARTESIAN_POINT('Ctrl Pts',(41.,-5.00000007450581,-1.2490009027033E-15));
#8910=CARTESIAN_POINT('Ctrl Pts',(40.5730967423235,-5.00000007450581,-0.543748132837825));
#8911=CARTESIAN_POINT('Ctrl Pts',(41.,-4.00000007450581,0.691309209673515));
#8912=CARTESIAN_POINT('Ctrl Pts',(41.,-4.00000007450581,-5.55111512312578E-16));
#8913=CARTESIAN_POINT('Ctrl Pts',(40.5730967423235,-4.00000007450581,-0.543748132837824));
#8914=CARTESIAN_POINT('',(41.,-4.00000007450581,0.691309209673515));
#8915=CARTESIAN_POINT('',(40.,-5.00000007450581,0.691309209673515));
#8916=CARTESIAN_POINT('Origin',(40.,-4.00000007450581,0.691309209673515));
#8917=CARTESIAN_POINT('Origin',(39.,-5.00000007450581,0.691309209673515));
#8918=CARTESIAN_POINT('Origin',(39.,-4.00000007450581,0.691309209673515));
#8919=CARTESIAN_POINT('Origin',(40.,-4.00000007450581,8.75000009313226));
#8920=CARTESIAN_POINT('',(41.,-4.00000007450581,10.0000001490116));
#8921=CARTESIAN_POINT('Origin',(40.,-4.00000007450581,10.0000001490116));
#8922=CARTESIAN_POINT('',(40.,-5.00000007450581,8.75000009313226));
#8923=CARTESIAN_POINT('',(41.,-4.00000007450581,8.75000009313226));
#8924=CARTESIAN_POINT('Origin',(40.,0.,10.));
#8925=CARTESIAN_POINT('',(41.,4.00000007450581,10.0000001192093));
#8926=CARTESIAN_POINT('Origin',(40.,4.00000007450581,10.0000001192093));
#8927=CARTESIAN_POINT('Origin',(41.,0.,10.));
#8928=CARTESIAN_POINT('Origin',(40.,4.00000007450581,3.75000001862645));
#8929=CARTESIAN_POINT('',(41.,4.00000007450581,0.691309209673514));
#8930=CARTESIAN_POINT('Origin',(40.,4.00000007450581,0.691309209673514));
#8931=CARTESIAN_POINT('',(41.,4.00000007450581,3.75000001862645));
#8932=CARTESIAN_POINT('Ctrl Pts',(39.7865483711618,5.00000007450581,0.0737805384178464));
#8933=CARTESIAN_POINT('Ctrl Pts',(40.,5.00000007450581,0.345654604836757));
#8934=CARTESIAN_POINT('Ctrl Pts',(40.,5.00000007450581,0.691309209673514));
#8935=CARTESIAN_POINT('Ctrl Pts',(40.5730967423235,5.00000007450581,-0.543748132837824));
#8936=CARTESIAN_POINT('Ctrl Pts',(41.,5.00000007450581,-1.38777878078145E-15));
#8937=CARTESIAN_POINT('Ctrl Pts',(41.,5.00000007450581,0.691309209673514));
#8938=CARTESIAN_POINT('Ctrl Pts',(40.5730967423235,4.00000007450581,-0.543748132837824));
#8939=CARTESIAN_POINT('Ctrl Pts',(41.,4.00000007450581,-1.38777878078145E-15));
#8940=CARTESIAN_POINT('Ctrl Pts',(41.,4.00000007450581,0.691309209673514));
#8941=CARTESIAN_POINT('',(40.5730967423235,4.00000007450581,-0.543748132837821));
#8942=CARTESIAN_POINT('Origin',(39.7865483711618,4.00000007450581,0.0737805384178475));
#8943=CARTESIAN_POINT('Origin',(39.,4.00000007450581,0.691309209673514));
#8944=CARTESIAN_POINT('Origin',(40.2134516288382,4.00000007450581,0.617528671255667));
#8945=CARTESIAN_POINT('',(30.9269032576765,4.00000007450581,-12.8301376179327));
#8946=CARTESIAN_POINT('Origin',(30.1403548865147,4.00000007450581,-12.2126089466771));
#8947=CARTESIAN_POINT('',(41.,4.00000007450581,-3.46944695195361E-16));
#8948=CARTESIAN_POINT('Origin',(32.5,4.0000000745058,-14.0651949604441));
#8949=CARTESIAN_POINT('',(30.5,4.0000000745058,-14.0651949604441));
#8950=CARTESIAN_POINT('Origin',(29.5,4.0000000745058,-14.0651949604441));
#8951=CARTESIAN_POINT('Origin',(32.5,4.0000000745058,-14.0651949604441));
#8952=CARTESIAN_POINT('Origin',(29.5,4.00000007450581,-6.68694287538528));
#8953=CARTESIAN_POINT('',(30.5,4.00000007450581,-6.68694287538528));
#8954=CARTESIAN_POINT('Ctrl Pts',(30.4999966436881,4.0025909455037,-16.3738454750278));
#8955=CARTESIAN_POINT('Ctrl Pts',(30.4998219932904,4.07000063577689,-16.3717496702556));
#8956=CARTESIAN_POINT('Ctrl Pts',(30.4928315371871,4.13722999441675,-16.3700112985031));
#8957=CARTESIAN_POINT('Ctrl Pts',(30.4654249260641,4.26925708468092,-16.3672016722284));
#8958=CARTESIAN_POINT('Ctrl Pts',(30.4450822889723,4.33371478704218,-16.3661384386794));
#8959=CARTESIAN_POINT('Ctrl Pts',(30.3669253641089,4.51514301064906,-16.3639625493713));
#8960=CARTESIAN_POINT('Ctrl Pts',(30.2926096317323,4.62346088494479,-16.3637507254702));
#8961=CARTESIAN_POINT('Ctrl Pts',(30.1065783212991,4.80562046669712,-16.365268341918));
#8962=CARTESIAN_POINT('Ctrl Pts',(29.9966232439168,4.87768004654673,-16.3670223248108));
#8963=CARTESIAN_POINT('Ctrl Pts',(29.756318177472,4.97517747396509,-16.3711517998302));
#8964=CARTESIAN_POINT('Ctrl Pts',(29.628639278746,4.99999968897108,-16.3738764979643));
#8965=CARTESIAN_POINT('Ctrl Pts',(29.5000029970568,5.00000007450132,-16.3738857506628));
#8966=CARTESIAN_POINT('Origin',(29.4896759543032,3.99570348013894,-16.2915917812012));
#8967=CARTESIAN_POINT('',(29.4896759543032,4.9948365532829,-16.2499612377276));
#8968=CARTESIAN_POINT('Origin',(41.,-5.00000007450581,10.0000001490116));
#8969=CARTESIAN_POINT('',(1.,-5.00000007450581,10.0000001490116));
#8970=CARTESIAN_POINT('',(0.,-5.00000007450581,10.0000001490116));
#8971=CARTESIAN_POINT('',(1.,-5.00000007450581,0.691309209673514));
#8972=CARTESIAN_POINT('',(1.,-5.00000007450581,8.75000009313226));
#8973=CARTESIAN_POINT('',(1.21345162883824,-5.00000007450581,0.0737805384178503));
#8974=CARTESIAN_POINT('Origin',(2.,-5.00000007450581,0.691309209673514));
#8975=CARTESIAN_POINT('',(10.8596451134853,-5.00000007450581,-12.2126089466771));
#8976=CARTESIAN_POINT('',(6.17547150873111,-5.00000007450581,-6.2463610774621));
#8977=CARTESIAN_POINT('',(11.5,-5.00000007450581,-14.0651949604441));
#8978=CARTESIAN_POINT('Origin',(8.5,-5.00000007450581,-14.0651949604441));
#8979=CARTESIAN_POINT('',(11.5,-5.00000007450581,-1.68694280087948));
#8980=CARTESIAN_POINT('Origin',(30.5,5.00000007450581,-16.3738857507706));
#8981=CARTESIAN_POINT('',(11.5619591578347,4.9690189979834,-15.6303398920734));
#8982=CARTESIAN_POINT('Origin',(11.5,-4.00000007450581,-1.68694280087948));
#8983=CARTESIAN_POINT('',(10.5,-4.00000007450581,-14.0651949604441));
#8984=CARTESIAN_POINT('Origin',(11.5,-4.00000007450581,-14.0651949604441));
#8985=CARTESIAN_POINT('',(10.5,-4.00000007450581,-16.3738857507706));
#8986=CARTESIAN_POINT('',(10.5,-4.00000007450581,-1.68694280087948));
#8987=CARTESIAN_POINT('Origin',(11.5,-4.00000007450581,-4.37388575077056));
#8988=CARTESIAN_POINT('Origin',(8.5,-4.00000007450581,-14.0651949604441));
#8989=CARTESIAN_POINT('',(10.0730967423235,-4.00000007450581,-12.8301376179327));
#8990=CARTESIAN_POINT('Origin',(10.8596451134853,-4.00000007450581,-12.2126089466771));
#8991=CARTESIAN_POINT('Origin',(8.5,-4.00000007450581,-14.0651949604441));
#8992=CARTESIAN_POINT('Origin',(6.17547150873111,-4.00000007450581,-6.2463610774621));
#8993=CARTESIAN_POINT('',(0.426903257676487,-4.00000007450581,-0.543748132837819));
#8994=CARTESIAN_POINT('Origin',(1.21345162883824,-4.00000007450581,0.0737805384178503));
#8995=CARTESIAN_POINT('',(5.38892313756936,-4.00000007450581,-6.86388974871777));
#8996=CARTESIAN_POINT('Ctrl Pts',(1.21345162883825,-5.00000007450581,0.0737805384178491));
#8997=CARTESIAN_POINT('Ctrl Pts',(1.,-5.00000007450581,0.345654604836759));
#8998=CARTESIAN_POINT('Ctrl Pts',(1.,-5.00000007450581,0.691309209673514));
#8999=CARTESIAN_POINT('Ctrl Pts',(0.426903257676486,-5.00000007450581,-0.54374813283782));
#9000=CARTESIAN_POINT('Ctrl Pts',(-1.94289029309402E-15,-5.00000007450581,
2.22044604925031E-15));
#9001=CARTESIAN_POINT('Ctrl Pts',(-2.4980018054066E-15,-5.00000007450581,
0.691309209673514));
#9002=CARTESIAN_POINT('Ctrl Pts',(0.426903257676488,-4.00000007450581,-0.543748132837818));
#9003=CARTESIAN_POINT('Ctrl Pts',(2.77555756156289E-16,-4.00000007450581,
3.05311331771918E-15));
#9004=CARTESIAN_POINT('Ctrl Pts',(-2.77555756156289E-16,-4.00000007450581,
0.691309209673514));
#9005=CARTESIAN_POINT('',(0.,-4.00000007450581,0.691309209673514));
#9006=CARTESIAN_POINT('Origin',(1.,-4.00000007450581,0.691309209673514));
#9007=CARTESIAN_POINT('Origin',(2.,-4.00000007450581,0.691309209673514));
#9008=CARTESIAN_POINT('Origin',(1.,-4.00000007450581,8.75000009313226));
#9009=CARTESIAN_POINT('',(0.,-4.00000007450581,10.0000001490116));
#9010=CARTESIAN_POINT('Origin',(1.,-4.00000007450581,10.0000001490116));
#9011=CARTESIAN_POINT('',(0.,-4.00000007450581,8.75000009313226));
#9012=CARTESIAN_POINT('Origin',(1.,0.,10.));
#9013=CARTESIAN_POINT('',(0.,4.00000007450581,10.0000001192093));
#9014=CARTESIAN_POINT('Origin',(1.,4.00000007450581,10.0000001192093));
#9015=CARTESIAN_POINT('Origin',(0.,0.,10.));
#9016=CARTESIAN_POINT('Origin',(1.,0.,10.));
#9017=CARTESIAN_POINT('Origin',(1.,4.00000007450581,3.75000001862645));
#9018=CARTESIAN_POINT('',(0.,4.00000007450581,0.691309209673513));
#9019=CARTESIAN_POINT('Origin',(1.,4.00000007450581,0.691309209673512));
#9020=CARTESIAN_POINT('',(0.,4.00000007450581,3.75000001862645));
#9021=CARTESIAN_POINT('Ctrl Pts',(1.,5.00000007450581,0.691309209673513));
#9022=CARTESIAN_POINT('Ctrl Pts',(1.,5.00000007450581,0.345654604836757));
#9023=CARTESIAN_POINT('Ctrl Pts',(1.21345162883824,5.00000007450581,0.0737805384178468));
#9024=CARTESIAN_POINT('Ctrl Pts',(0.,5.00000007450581,0.691309209673513));
#9025=CARTESIAN_POINT('Ctrl Pts',(5.55111512312578E-16,5.00000007450581,
1.2490009027033E-15));
#9026=CARTESIAN_POINT('Ctrl Pts',(0.426903257676488,5.00000007450581,-0.54374813283782));
#9027=CARTESIAN_POINT('Ctrl Pts',(0.,4.00000007450581,0.691309209673513));
#9028=CARTESIAN_POINT('Ctrl Pts',(5.55111512312578E-16,4.00000007450581,
1.2490009027033E-15));
#9029=CARTESIAN_POINT('Ctrl Pts',(0.426903257676488,4.00000007450581,-0.54374813283782));
#9030=CARTESIAN_POINT('',(0.426903257676487,4.00000007450581,-0.543748132837821));
#9031=CARTESIAN_POINT('Origin',(1.21345162883824,4.00000007450581,0.0737805384178463));
#9032=CARTESIAN_POINT('Origin',(2.,4.00000007450581,0.691309209673513));
#9033=CARTESIAN_POINT('Origin',(8.60405239752892,4.00000007450581,-9.3396528244418));
#9034=CARTESIAN_POINT('',(10.0730967423235,4.00000007450581,-12.8301376179327));
#9035=CARTESIAN_POINT('Origin',(10.8596451134853,4.00000007450581,-12.2126089466771));
#9036=CARTESIAN_POINT('',(7.81750402636717,4.00000007450581,-9.95718149569747));
#9037=CARTESIAN_POINT('Origin',(8.5,4.0000000745058,-14.0651949604441));
#9038=CARTESIAN_POINT('',(10.5,4.0000000745058,-14.0651949604441));
#9039=CARTESIAN_POINT('Origin',(11.5,4.0000000745058,-14.0651949604441));
#9040=CARTESIAN_POINT('Origin',(8.5,4.0000000745058,-14.0651949604441));
#9041=CARTESIAN_POINT('Origin',(11.5,4.00000007450581,-6.68694287538528));
#9042=CARTESIAN_POINT('',(10.5,4.00000007450581,-16.3738857507706));
#9043=CARTESIAN_POINT('',(10.5,4.00000007450581,-6.68694287538528));
#9044=CARTESIAN_POINT('',(10.5000033563119,4.00259094550369,-16.3738454750278));
#9045=CARTESIAN_POINT('Ctrl Pts',(11.4999970029432,5.00000007450132,-16.3738857506628));
#9046=CARTESIAN_POINT('Ctrl Pts',(11.4331605616315,4.99999987418871,-16.3738809431743));
#9047=CARTESIAN_POINT('Ctrl Pts',(11.3664332313943,4.99329694517651,-16.3730116507082));
#9048=CARTESIAN_POINT('Ctrl Pts',(11.2353068909103,4.96664939479276,-16.3710454913715));
#9049=CARTESIAN_POINT('Ctrl Pts',(11.171263812123,4.94678752511104,-16.369904261734));
#9050=CARTESIAN_POINT('Ctrl Pts',(10.9898884433591,4.86989421904035,-16.3667976211339));
#9051=CARTESIAN_POINT('Ctrl Pts',(10.8811448107309,4.79621135656858,-16.3651083247734));
#9052=CARTESIAN_POINT('Ctrl Pts',(10.6980182148186,4.61134777687958,-16.3637415312357));
#9053=CARTESIAN_POINT('Ctrl Pts',(10.6253814430552,4.50195746766259,-16.3640415159984));
#9054=CARTESIAN_POINT('Ctrl Pts',(10.5260540521215,4.26146214305952,-16.3670939118229));
#9055=CARTESIAN_POINT('Ctrl Pts',(10.5003403610574,4.13266442838388,-16.369801418082));
#9056=CARTESIAN_POINT('Ctrl Pts',(10.5000033563119,4.00259094550369,-16.3738454750278));
#9057=CARTESIAN_POINT('Origin',(11.5,4.00000007450581,-4.37388575077056));
#9058=CARTESIAN_POINT('Origin',(11.5619591578347,3.96988592483944,-15.6719704355471));
#9059=CARTESIAN_POINT('',(10.5654133995898,3.96988592483944,-15.5889249556933));
#9060=CARTESIAN_POINT('Origin',(0.,0.,7.5000000372529));
#9061=CARTESIAN_POINT('',(0.,2.5000000372529,0.691309209673513));
#9062=CARTESIAN_POINT('',(0.,-2.05,10.));
#9063=CARTESIAN_POINT('Origin',(0.,0.,10.));
#9064=CARTESIAN_POINT('Origin',(2.,2.5000000372529,0.691309209673513));
#9065=CARTESIAN_POINT('',(0.426903257676487,2.5000000372529,-0.54374813283782));
#9066=CARTESIAN_POINT('Origin',(0.,5.00000007450581,0.));
#9067=CARTESIAN_POINT('',(10.0730967423235,-1.1525034009356E-15,-12.8301376179327));
#9068=CARTESIAN_POINT('Origin',(8.5,-1.41010271461654E-15,-14.0651949604441));
#9069=CARTESIAN_POINT('',(10.5,-1.41010271461654E-15,-14.0651949604441));
#9070=CARTESIAN_POINT('Origin',(10.5,-5.00000007450581,-13.3738857507706));
#9071=CARTESIAN_POINT('',(10.5,6.16297582203915E-32,-16.3738857507706));
#9072=CARTESIAN_POINT('Origin',(10.5,5.00000007450581,-16.3738857507706));
#9073=CARTESIAN_POINT('Origin',(5.,-5.00000007450581,0.));
#9074=CARTESIAN_POINT('',(16.5803758692806,-5.00000007450581,-9.99191121462838));
#9075=CARTESIAN_POINT('Origin',(34.,-2.5000000372529,0.915911034604598));
#9076=CARTESIAN_POINT('',(35.3065413769065,-2.5000000372529,-0.598337832138052));
#9077=CARTESIAN_POINT('',(36.,-2.5000000372529,0.915911034604598));
#9078=CARTESIAN_POINT('Origin',(36.,0.,7.5000000372529));
#9079=CARTESIAN_POINT('',(36.,-2.05,10.));
#9080=CARTESIAN_POINT('Origin',(36.,0.,10.));
#9081=CARTESIAN_POINT('Origin',(39.,2.5000000372529,0.691309209673514));
#9082=CARTESIAN_POINT('',(40.5730967423235,2.5000000372529,-0.54374813283782));
#9083=CARTESIAN_POINT('',(41.,2.5000000372529,0.691309209673514));
#9084=CARTESIAN_POINT('Origin',(41.,5.00000007450581,0.));
#9085=CARTESIAN_POINT('',(30.9269032576765,5.00000007450581,-12.8301376179327));
#9086=CARTESIAN_POINT('Origin',(32.5,5.00000007450581,-14.0651949604441));
#9087=CARTESIAN_POINT('',(30.5,5.00000007450581,-14.0651949604441));
#9088=CARTESIAN_POINT('Origin',(30.5,5.00000007450581,-13.3738857507706));
#9089=CARTESIAN_POINT('Origin',(20.5,-5.00000007450581,-5.44916461440043));
#9090=CARTESIAN_POINT('',(24.4196241307194,-5.00000007450581,-9.99191121462837));
#9091=CARTESIAN_POINT('Origin',(36.,-5.00000007450581,0.));
#9092=CARTESIAN_POINT('Origin',(41.,0.,10.));
#9093=CARTESIAN_POINT('',(41.,-2.05,10.));
#9094=CARTESIAN_POINT('',(41.,-2.05,10.));
#9095=CARTESIAN_POINT('Origin',(41.,0.,10.));
#9096=CARTESIAN_POINT('Origin',(41.,0.,7.5000000372529));
#9097=CARTESIAN_POINT('Origin',(0.,0.,10.));
#9098=CARTESIAN_POINT('',(0.,-2.05,10.));
#9099=CARTESIAN_POINT('Origin',(0.,0.,10.));
#9100=CARTESIAN_POINT('',(0.,0.,0.));
#9101=CARTESIAN_POINT('Origin',(74.5,11.5,4.));
#9102=CARTESIAN_POINT('',(73.5,11.5,4.));
#9103=CARTESIAN_POINT('',(71.5,11.5,6.));
#9104=CARTESIAN_POINT('Origin',(71.5,11.5,4.));
#9105=CARTESIAN_POINT('',(74.5,14.5,6.));
#9106=CARTESIAN_POINT('Origin',(74.5,11.5,6.));
#9107=CARTESIAN_POINT('',(74.5,12.5,4.));
#9108=CARTESIAN_POINT('Origin',(74.5,14.5,4.));
#9109=CARTESIAN_POINT('Origin',(74.5,11.5,4.));
#9110=CARTESIAN_POINT('Origin',(45.25,14.5,4.));
#9111=CARTESIAN_POINT('',(82.5,14.5,6.));
#9112=CARTESIAN_POINT('',(82.5,12.5,4.));
#9113=CARTESIAN_POINT('Origin',(82.5,14.5,4.));
#9114=CARTESIAN_POINT('',(45.25,12.5,4.));
#9115=CARTESIAN_POINT('',(45.25,14.5,6.));
#9116=CARTESIAN_POINT('Origin',(82.5,11.5,4.));
#9117=CARTESIAN_POINT('',(85.5,11.5,6.));
#9118=CARTESIAN_POINT('',(83.5,11.5,4.));
#9119=CARTESIAN_POINT('Origin',(85.5,11.5,4.));
#9120=CARTESIAN_POINT('Origin',(82.5,11.5,4.));
#9121=CARTESIAN_POINT('Origin',(82.5,11.5,6.));
#9122=CARTESIAN_POINT('Origin',(85.5,7.49999999999996,4.));
#9123=CARTESIAN_POINT('',(85.5,8.5,6.));
#9124=CARTESIAN_POINT('',(83.5,8.5,4.));
#9125=CARTESIAN_POINT('Origin',(85.5,8.5,4.));
#9126=CARTESIAN_POINT('',(83.5,7.49999999999996,4.));
#9127=CARTESIAN_POINT('',(85.5,104.,6.));
#9128=CARTESIAN_POINT('Origin',(82.5,8.5,4.));
#9129=CARTESIAN_POINT('',(82.5,5.5,6.));
#9130=CARTESIAN_POINT('',(82.5,7.5,4.));
#9131=CARTESIAN_POINT('Origin',(82.5,5.5,4.));
#9132=CARTESIAN_POINT('Origin',(82.5,8.5,4.));
#9133=CARTESIAN_POINT('Origin',(82.5,8.5,6.));
#9134=CARTESIAN_POINT('Origin',(45.25,5.5,4.));
#9135=CARTESIAN_POINT('',(74.5,5.5,6.));
#9136=CARTESIAN_POINT('',(74.5,7.5,4.));
#9137=CARTESIAN_POINT('Origin',(74.5,5.5,4.));
#9138=CARTESIAN_POINT('',(45.25,7.5,4.));
#9139=CARTESIAN_POINT('',(45.25,5.5,6.));
#9140=CARTESIAN_POINT('Origin',(74.5,8.5,4.));
#9141=CARTESIAN_POINT('',(71.5,8.5,6.));
#9142=CARTESIAN_POINT('',(73.5,8.5,4.));
#9143=CARTESIAN_POINT('Origin',(71.5,8.5,4.));
#9144=CARTESIAN_POINT('Origin',(74.5,8.5,4.));
#9145=CARTESIAN_POINT('Origin',(74.5,8.5,6.));
#9146=CARTESIAN_POINT('Origin',(71.5,7.49999999999996,4.));
#9147=CARTESIAN_POINT('',(71.5,7.49999999999996,6.));
#9148=CARTESIAN_POINT('',(73.5,7.49999999999996,4.));
#9149=CARTESIAN_POINT('Origin',(78.5,7.5,-0.499999999999994));
#9150=CARTESIAN_POINT('',(74.5,7.5,-2.));
#9151=CARTESIAN_POINT('',(74.5,7.5,-1.25));
#9152=CARTESIAN_POINT('',(82.5,7.5,-2.));
#9153=CARTESIAN_POINT('Origin',(78.5,7.5,-2.));
#9154=CARTESIAN_POINT('',(82.5,7.5,2.75));
#9155=CARTESIAN_POINT('',(76.45,7.5,-2.));
#9156=CARTESIAN_POINT('Origin',(78.5,7.5,-2.));
#9157=CARTESIAN_POINT('Origin',(74.5,8.5,-1.25));
#9158=CARTESIAN_POINT('',(73.5,8.5,-2.));
#9159=CARTESIAN_POINT('',(73.5,8.5,-1.25));
#9160=CARTESIAN_POINT('Origin',(74.5,8.5,-2.));
#9161=CARTESIAN_POINT('Origin',(73.5,7.5,-2.));
#9162=CARTESIAN_POINT('',(73.5,11.5,-2.));
#9163=CARTESIAN_POINT('',(73.5,11.5,-1.25));
#9164=CARTESIAN_POINT('',(73.5,7.5,-2.));
#9165=CARTESIAN_POINT('Origin',(74.5,11.5,-1.25));
#9166=CARTESIAN_POINT('',(74.5,12.5,-2.));
#9167=CARTESIAN_POINT('',(74.5,12.5,-1.25));
#9168=CARTESIAN_POINT('Origin',(74.5,11.5,-2.));
#9169=CARTESIAN_POINT('Origin',(82.5,8.5,2.75));
#9170=CARTESIAN_POINT('',(83.5,8.5,-2.));
#9171=CARTESIAN_POINT('Origin',(82.5,8.5,-2.));
#9172=CARTESIAN_POINT('',(83.5,8.5,2.75));
#9173=CARTESIAN_POINT('Origin',(78.5,8.5,-2.));
#9174=CARTESIAN_POINT('Origin',(78.5,8.5,-2.));
#9175=CARTESIAN_POINT('Origin',(82.5,11.5,2.75));
#9176=CARTESIAN_POINT('',(83.5,11.5,-2.));
#9177=CARTESIAN_POINT('',(83.5,11.5,2.75));
#9178=CARTESIAN_POINT('',(82.5,12.5,-2.));
#9179=CARTESIAN_POINT('Origin',(82.5,11.5,-2.));
#9180=CARTESIAN_POINT('',(82.5,12.5,2.75));
#9181=CARTESIAN_POINT('Origin',(78.5,11.5,-2.));
#9182=CARTESIAN_POINT('Origin',(78.5,12.5,-2.));
#9183=CARTESIAN_POINT('Origin',(78.5,11.5,-2.));
#9184=CARTESIAN_POINT('Origin',(78.5,7.5,-2.));
#9185=CARTESIAN_POINT('',(83.5,7.5,-2.));
#9186=CARTESIAN_POINT('Origin',(83.5,7.5,6.));
#9187=CARTESIAN_POINT('Origin',(82.05,100.55,9.));
#9188=CARTESIAN_POINT('',(82.55,100.55,9.));
#9189=CARTESIAN_POINT('',(82.05,101.05,9.));
#9190=CARTESIAN_POINT('Origin',(82.05,100.55,9.));
#9191=CARTESIAN_POINT('',(82.55,100.55,11.));
#9192=CARTESIAN_POINT('',(82.55,100.55,9.));
#9193=CARTESIAN_POINT('',(82.05,101.05,11.));
#9194=CARTESIAN_POINT('Origin',(82.05,100.55,11.));
#9195=CARTESIAN_POINT('',(82.05,101.05,9.));
#9196=CARTESIAN_POINT('Origin',(24.,101.05,9.));
#9197=CARTESIAN_POINT('',(25.,101.05,11.));
#9198=CARTESIAN_POINT('',(82.55,101.05,11.));
#9199=CARTESIAN_POINT('',(25.,101.05,9.));
#9200=CARTESIAN_POINT('',(25.,101.05,9.));
#9201=CARTESIAN_POINT('',(18.,101.05,9.));
#9202=CARTESIAN_POINT('Origin',(82.05,-85.5500000000001,9.));
#9203=CARTESIAN_POINT('',(82.05,-86.0500000000001,9.));
#9204=CARTESIAN_POINT('',(82.55,-85.5500000000001,9.));
#9205=CARTESIAN_POINT('Origin',(82.05,-85.5500000000001,9.));
#9206=CARTESIAN_POINT('',(82.05,-86.0500000000001,11.));
#9207=CARTESIAN_POINT('',(82.05,-86.0500000000001,9.));
#9208=CARTESIAN_POINT('',(82.55,-85.5500000000001,11.));
#9209=CARTESIAN_POINT('Origin',(82.05,-85.5500000000001,11.));
#9210=CARTESIAN_POINT('',(82.55,-85.5500000000001,9.));
#9211=CARTESIAN_POINT('Origin',(82.55,101.05,9.));
#9212=CARTESIAN_POINT('',(82.55,54.2749999999999,9.));
#9213=CARTESIAN_POINT('',(82.55,-86.0500000000001,11.));
#9214=CARTESIAN_POINT('Origin',(-58.05,-85.5500000000001,9.));
#9215=CARTESIAN_POINT('',(-58.55,-85.5500000000001,9.));
#9216=CARTESIAN_POINT('',(-58.05,-86.0500000000001,9.));
#9217=CARTESIAN_POINT('Origin',(-58.05,-85.5500000000001,9.));
#9218=CARTESIAN_POINT('',(-58.55,-85.5500000000001,11.));
#9219=CARTESIAN_POINT('',(-58.55,-85.5500000000001,9.));
#9220=CARTESIAN_POINT('',(-58.05,-86.0500000000001,11.));
#9221=CARTESIAN_POINT('Origin',(-58.05,-85.5500000000001,11.));
#9222=CARTESIAN_POINT('',(-58.05,-86.0500000000001,9.));
#9223=CARTESIAN_POINT('Origin',(82.55,-86.0500000000001,9.));
#9224=CARTESIAN_POINT('',(47.275,-86.0500000000001,9.));
#9225=CARTESIAN_POINT('',(-58.55,-86.0500000000001,11.));
#9226=CARTESIAN_POINT('Origin',(-58.05,100.55,9.));
#9227=CARTESIAN_POINT('',(-58.05,101.05,9.));
#9228=CARTESIAN_POINT('',(-58.55,100.55,9.));
#9229=CARTESIAN_POINT('Origin',(-58.05,100.55,9.));
#9230=CARTESIAN_POINT('',(-58.05,101.05,11.));
#9231=CARTESIAN_POINT('',(-58.05,101.05,9.));
#9232=CARTESIAN_POINT('',(-58.55,100.55,11.));
#9233=CARTESIAN_POINT('Origin',(-58.05,100.55,11.));
#9234=CARTESIAN_POINT('',(-58.55,100.55,9.));
#9235=CARTESIAN_POINT('Origin',(-58.55,-86.0500000000001,9.));
#9236=CARTESIAN_POINT('',(-58.55,-39.2750000000001,9.));
#9237=CARTESIAN_POINT('',(-58.55,101.05,11.));
#9238=CARTESIAN_POINT('Origin',(25.,102.05,9.));
#9239=CARTESIAN_POINT('',(24.,102.05,11.));
#9240=CARTESIAN_POINT('Origin',(25.,102.05,11.));
#9241=CARTESIAN_POINT('',(24.,102.05,9.));
#9242=CARTESIAN_POINT('',(24.,102.05,9.));
#9243=CARTESIAN_POINT('Origin',(25.,102.05,9.));
#9244=CARTESIAN_POINT('Origin',(24.,104.,9.));
#9245=CARTESIAN_POINT('',(24.,103.,11.));
#9246=CARTESIAN_POINT('',(24.,104.,11.));
#9247=CARTESIAN_POINT('',(24.,103.,9.));
#9248=CARTESIAN_POINT('',(24.,103.,7.5));
#9249=CARTESIAN_POINT('',(24.,55.7499999999999,9.));
#9250=CARTESIAN_POINT('Origin',(12.,7.49999999999993,11.));
#9251=CARTESIAN_POINT('',(-0.999999999999992,101.05,11.));
#9252=CARTESIAN_POINT('',(8.32667268468867E-15,101.05,11.));
#9253=CARTESIAN_POINT('',(8.32667268468867E-15,102.05,11.));
#9254=CARTESIAN_POINT('Origin',(-0.999999999999992,102.05,11.));
#9255=CARTESIAN_POINT('',(8.32667268468867E-15,103.,11.));
#9256=CARTESIAN_POINT('',(8.32667268468867E-15,104.,11.));
#9257=CARTESIAN_POINT('',(-0.999999999999996,104.,11.));
#9258=CARTESIAN_POINT('Origin',(-0.999999999999996,103.,11.));
#9259=CARTESIAN_POINT('',(-60.5,104.,11.));
#9260=CARTESIAN_POINT('',(85.5,104.,11.));
#9261=CARTESIAN_POINT('',(-61.5,103.,11.));
#9262=CARTESIAN_POINT('Origin',(-60.5,103.,11.));
#9263=CARTESIAN_POINT('',(-61.5,-88.0000000000001,11.));
#9264=CARTESIAN_POINT('',(-61.5,104.,11.));
#9265=CARTESIAN_POINT('',(-60.5,-89.0000000000001,11.));
#9266=CARTESIAN_POINT('Origin',(-60.5,-88.0000000000001,11.));
#9267=CARTESIAN_POINT('',(84.5,-89.0000000000001,11.));
#9268=CARTESIAN_POINT('',(-61.5,-89.0000000000001,11.));
#9269=CARTESIAN_POINT('',(85.5,-88.0000000000001,11.));
#9270=CARTESIAN_POINT('Origin',(84.5,-88.0000000000001,11.));
#9271=CARTESIAN_POINT('',(85.5,103.,11.));
#9272=CARTESIAN_POINT('',(85.5,-89.0000000000001,11.));
#9273=CARTESIAN_POINT('',(84.5,104.,11.));
#9274=CARTESIAN_POINT('Origin',(84.5,103.,11.));
#9275=CARTESIAN_POINT('',(25.,104.,11.));
#9276=CARTESIAN_POINT('',(85.5,104.,11.));
#9277=CARTESIAN_POINT('Origin',(25.,103.,11.));
#9278=CARTESIAN_POINT('Origin',(25.,103.,7.5));
#9279=CARTESIAN_POINT('',(25.,104.,9.));
#9280=CARTESIAN_POINT('',(25.,104.,7.5));
#9281=CARTESIAN_POINT('Origin',(25.,103.,9.));
#9282=CARTESIAN_POINT('Origin',(85.5,104.,6.));
#9283=CARTESIAN_POINT('',(-0.999999999999996,104.,9.));
#9284=CARTESIAN_POINT('',(-61.5,104.,9.));
#9285=CARTESIAN_POINT('',(84.5,104.,6.));
#9286=CARTESIAN_POINT('',(84.5,104.,6.));
#9287=CARTESIAN_POINT('',(-60.5,104.,6.));
#9288=CARTESIAN_POINT('',(-61.5,104.,6.));
#9289=CARTESIAN_POINT('',(-60.5,104.,6.));
#9290=CARTESIAN_POINT('',(-0.999999999999996,104.,7.5));
#9291=CARTESIAN_POINT('Origin',(-0.999999999999996,103.,7.5));
#9292=CARTESIAN_POINT('',(8.88178419700125E-15,103.,9.));
#9293=CARTESIAN_POINT('',(8.32667268468867E-15,103.,7.5));
#9294=CARTESIAN_POINT('Origin',(-0.999999999999996,103.,9.));
#9295=CARTESIAN_POINT('Origin',(8.32667268468867E-15,101.05,9.));
#9296=CARTESIAN_POINT('',(8.88178419700125E-15,102.05,9.));
#9297=CARTESIAN_POINT('',(8.32667268468867E-15,102.05,9.));
#9298=CARTESIAN_POINT('',(8.88178419700125E-15,54.2749999999999,9.));
#9299=CARTESIAN_POINT('Origin',(-0.999999999999992,102.05,9.));
#9300=CARTESIAN_POINT('',(-0.999999999999992,101.05,9.));
#9301=CARTESIAN_POINT('',(-0.999999999999992,101.05,9.));
#9302=CARTESIAN_POINT('Origin',(-0.999999999999992,102.05,9.));
#9303=CARTESIAN_POINT('Origin',(-58.55,101.05,9.));
#9304=CARTESIAN_POINT('',(-23.275,101.05,9.));
#9305=CARTESIAN_POINT('Origin',(-60.5,-88.0000000000001,6.));
#9306=CARTESIAN_POINT('',(-61.5,-88.0000000000001,6.));
#9307=CARTESIAN_POINT('',(-61.5,-88.0000000000001,6.));
#9308=CARTESIAN_POINT('',(-60.5,-89.0000000000001,6.));
#9309=CARTESIAN_POINT('Origin',(-60.5,-88.0000000000001,6.));
#9310=CARTESIAN_POINT('',(-60.5,-89.0000000000001,6.));
#9311=CARTESIAN_POINT('Origin',(-61.5,104.,6.));
#9312=CARTESIAN_POINT('',(-61.5,103.,6.));
#9313=CARTESIAN_POINT('',(-61.5,103.,6.));
#9314=CARTESIAN_POINT('',(-61.5,-89.0000000000001,6.));
#9315=CARTESIAN_POINT('Origin',(84.5,-88.0000000000001,6.));
#9316=CARTESIAN_POINT('',(84.5,-89.0000000000001,6.));
#9317=CARTESIAN_POINT('',(84.5,-89.0000000000001,6.));
#9318=CARTESIAN_POINT('',(85.5,-88.0000000000001,6.));
#9319=CARTESIAN_POINT('Origin',(84.5,-88.0000000000001,6.));
#9320=CARTESIAN_POINT('',(85.5,-88.0000000000001,6.));
#9321=CARTESIAN_POINT('Origin',(85.5,-89.0000000000001,6.));
#9322=CARTESIAN_POINT('',(85.5,104.,6.));
#9323=CARTESIAN_POINT('',(85.5,103.,6.));
#9324=CARTESIAN_POINT('',(85.5,104.,6.));
#9325=CARTESIAN_POINT('',(85.5,103.,6.));
#9326=CARTESIAN_POINT('Origin',(84.5,103.,6.));
#9327=CARTESIAN_POINT('Origin',(84.5,103.,6.));
#9328=CARTESIAN_POINT('Origin',(-60.5,103.,6.));
#9329=CARTESIAN_POINT('Origin',(-60.5,103.,6.));
#9330=CARTESIAN_POINT('Origin',(12.,7.49999999999993,6.));
#9331=CARTESIAN_POINT('',(11.,-89.0000000000001,6.));
#9332=CARTESIAN_POINT('',(85.5,-89.0000000000001,6.));
#9333=CARTESIAN_POINT('',(14.,-86.0000000745059,6.));
#9334=CARTESIAN_POINT('Origin',(11.,-86.0000000745059,6.));
#9335=CARTESIAN_POINT('',(14.,-77.9999999254943,6.));
#9336=CARTESIAN_POINT('',(14.,-37.2500000000001,6.));
#9337=CARTESIAN_POINT('',(11.,-74.9999999254943,6.));
#9338=CARTESIAN_POINT('Origin',(11.,-77.9999999254943,6.));
#9339=CARTESIAN_POINT('',(8.,-74.9999999254943,6.));
#9340=CARTESIAN_POINT('',(12.,-74.9999999254943,6.));
#9341=CARTESIAN_POINT('',(5.,-77.9999999254943,6.));
#9342=CARTESIAN_POINT('Origin',(8.,-77.9999999254943,6.));
#9343=CARTESIAN_POINT('',(5.,-86.0000000745059,6.));
#9344=CARTESIAN_POINT('',(5.,-37.2500000000001,6.));
#9345=CARTESIAN_POINT('',(8.,-89.0000000745059,6.));
#9346=CARTESIAN_POINT('Origin',(8.,-86.0000000745059,6.));
#9347=CARTESIAN_POINT('',(85.5,-89.0000000000001,6.));
#9348=CARTESIAN_POINT('',(8.,2.5,6.));
#9349=CARTESIAN_POINT('',(8.,1.,6.));
#9350=CARTESIAN_POINT('',(8.,7.49999999999996,6.));
#9351=CARTESIAN_POINT('',(16.,2.5,6.));
#9352=CARTESIAN_POINT('',(15.5,2.5,6.));
#9353=CARTESIAN_POINT('',(16.,1.,6.));
#9354=CARTESIAN_POINT('',(16.,7.49999999999996,6.));
#9355=CARTESIAN_POINT('',(20.,-3.,6.));
#9356=CARTESIAN_POINT('Origin',(20.,1.,6.));
#9357=CARTESIAN_POINT('',(23.,-3.,6.));
#9358=CARTESIAN_POINT('',(18.,-3.,6.));
#9359=CARTESIAN_POINT('',(27.,1.,6.));
#9360=CARTESIAN_POINT('Origin',(23.,1.,6.));
#9361=CARTESIAN_POINT('',(27.,14.,6.));
#9362=CARTESIAN_POINT('',(27.,7.49999999999996,6.));
#9363=CARTESIAN_POINT('',(23.,18.,6.));
#9364=CARTESIAN_POINT('Origin',(23.,14.,6.));
#9365=CARTESIAN_POINT('',(20.,18.,6.));
#9366=CARTESIAN_POINT('',(15.5,18.,6.));
#9367=CARTESIAN_POINT('',(16.,14.,6.));
#9368=CARTESIAN_POINT('Origin',(20.,14.,6.));
#9369=CARTESIAN_POINT('',(16.,12.5,6.));
#9370=CARTESIAN_POINT('',(16.,7.49999999999996,6.));
#9371=CARTESIAN_POINT('',(8.,12.5,6.));
#9372=CARTESIAN_POINT('',(8.50000000000001,12.5,6.));
#9373=CARTESIAN_POINT('',(8.,14.,6.));
#9374=CARTESIAN_POINT('',(8.,7.49999999999996,6.));
#9375=CARTESIAN_POINT('',(4.,18.,6.));
#9376=CARTESIAN_POINT('Origin',(4.,14.,6.));
#9377=CARTESIAN_POINT('',(0.999999999999997,18.,6.));
#9378=CARTESIAN_POINT('',(6.00000000000001,18.,6.));
#9379=CARTESIAN_POINT('',(-3.,14.,6.));
#9380=CARTESIAN_POINT('Origin',(0.999999999999996,14.,6.));
#9381=CARTESIAN_POINT('',(-3.,1.,6.));
#9382=CARTESIAN_POINT('',(-3.,7.49999999999996,6.));
#9383=CARTESIAN_POINT('',(1.,-3.,6.));
#9384=CARTESIAN_POINT('Origin',(1.,1.,6.));
#9385=CARTESIAN_POINT('',(4.,-3.,6.));
#9386=CARTESIAN_POINT('',(8.5,-3.,6.));
#9387=CARTESIAN_POINT('Origin',(4.,0.999999999999999,6.));
#9388=CARTESIAN_POINT('Origin',(11.,-77.9999999254943,4.));
#9389=CARTESIAN_POINT('',(11.,-76.9999999254943,4.));
#9390=CARTESIAN_POINT('Origin',(11.,-74.9999999254943,4.));
#9391=CARTESIAN_POINT('',(12.,-77.9999999254943,4.));
#9392=CARTESIAN_POINT('Origin',(14.,-77.9999999254943,4.));
#9393=CARTESIAN_POINT('Origin',(11.,-77.9999999254943,4.));
#9394=CARTESIAN_POINT('Origin',(14.,-37.2500000000001,4.));
#9395=CARTESIAN_POINT('',(12.,-86.0000000745059,4.));
#9396=CARTESIAN_POINT('Origin',(14.,-86.0000000745059,4.));
#9397=CARTESIAN_POINT('',(12.,-37.2500000000001,4.));
#9398=CARTESIAN_POINT('Origin',(11.,-86.0000000745059,4.));
#9399=CARTESIAN_POINT('',(11.,-87.0000000745059,4.));
#9400=CARTESIAN_POINT('Origin',(11.,-89.0000000745059,4.));
#9401=CARTESIAN_POINT('Origin',(11.,-86.0000000745059,4.));
#9402=CARTESIAN_POINT('Origin',(12.,-89.0000000745059,4.));
#9403=CARTESIAN_POINT('',(8.,-87.0000000745059,4.));
#9404=CARTESIAN_POINT('Origin',(8.,-89.0000000745059,4.));
#9405=CARTESIAN_POINT('',(12.,-87.0000000745059,4.));
#9406=CARTESIAN_POINT('',(85.5,-89.0000000000001,6.));
#9407=CARTESIAN_POINT('Origin',(8.,-86.0000000745059,4.));
#9408=CARTESIAN_POINT('',(7.,-86.0000000745059,4.));
#9409=CARTESIAN_POINT('Origin',(5.,-86.0000000745059,4.));
#9410=CARTESIAN_POINT('Origin',(8.,-86.0000000745059,4.));
#9411=CARTESIAN_POINT('Origin',(5.,-37.2500000000001,4.));
#9412=CARTESIAN_POINT('',(7.,-77.9999999254943,4.));
#9413=CARTESIAN_POINT('Origin',(5.,-77.9999999254943,4.));
#9414=CARTESIAN_POINT('',(7.,-37.2500000000001,4.));
#9415=CARTESIAN_POINT('Origin',(8.,-77.9999999254943,4.));
#9416=CARTESIAN_POINT('',(8.,-76.9999999254943,4.));
#9417=CARTESIAN_POINT('Origin',(8.,-74.9999999254943,4.));
#9418=CARTESIAN_POINT('Origin',(8.,-77.9999999254943,4.));
#9419=CARTESIAN_POINT('Origin',(12.,-74.9999999254943,4.));
#9420=CARTESIAN_POINT('',(12.,-76.9999999254943,4.));
#9421=CARTESIAN_POINT('Origin',(7.,-82.0000000000001,-0.500000037252901));
#9422=CARTESIAN_POINT('',(7.,-77.9999999254943,-2.));
#9423=CARTESIAN_POINT('',(7.,-77.9999999254943,2.74999998137355));
#9424=CARTESIAN_POINT('',(7.,-86.0000000745059,-2.));
#9425=CARTESIAN_POINT('Origin',(7.,-82.0000000000001,-2.));
#9426=CARTESIAN_POINT('',(7.,-86.0000000745059,-1.25000001862645));
#9427=CARTESIAN_POINT('',(7.,-84.0500000000001,-2.));
#9428=CARTESIAN_POINT('Origin',(7.,-82.0000000000001,-2.));
#9429=CARTESIAN_POINT('Origin',(8.,-77.9999999254943,2.74999998137355));
#9430=CARTESIAN_POINT('',(8.,-76.9999999254943,-2.));
#9431=CARTESIAN_POINT('',(8.,-76.9999999254943,2.74999998137355));
#9432=CARTESIAN_POINT('Origin',(8.,-77.9999999254943,-2.));
#9433=CARTESIAN_POINT('Origin',(12.,-76.9999999254943,6.));
#9434=CARTESIAN_POINT('',(11.,-76.9999999254943,-2.));
#9435=CARTESIAN_POINT('',(11.,-76.9999999254943,2.74999998137355));
#9436=CARTESIAN_POINT('',(12.,-76.9999999254943,-2.));
#9437=CARTESIAN_POINT('Origin',(11.,-77.9999999254943,2.74999998137355));
#9438=CARTESIAN_POINT('',(12.,-77.9999999254943,-2.));
#9439=CARTESIAN_POINT('',(12.,-77.9999999254943,2.74999998137355));
#9440=CARTESIAN_POINT('Origin',(11.,-77.9999999254943,-2.));
#9441=CARTESIAN_POINT('Origin',(8.,-82.0000000000001,-2.));
#9442=CARTESIAN_POINT('',(8.,-87.0000000745059,-2.));
#9443=CARTESIAN_POINT('Origin',(8.,-86.0000000745059,-2.));
#9444=CARTESIAN_POINT('Origin',(8.,-82.0000000000001,-2.));
#9445=CARTESIAN_POINT('Origin',(8.,-86.0000000745059,-1.25000001862645));
#9446=CARTESIAN_POINT('',(8.,-87.0000000745059,-1.25000001862645));
#9447=CARTESIAN_POINT('Origin',(12.,-87.0000000745059,-2.));
#9448=CARTESIAN_POINT('',(11.,-87.0000000745059,-2.));
#9449=CARTESIAN_POINT('',(12.,-87.0000000745059,-2.));
#9450=CARTESIAN_POINT('',(11.,-87.0000000745059,-1.25000001862645));
#9451=CARTESIAN_POINT('Origin',(12.,-82.0000000000001,-2.));
#9452=CARTESIAN_POINT('Origin',(11.,-82.0000000000001,-2.));
#9453=CARTESIAN_POINT('Origin',(11.,-82.0000000000001,-2.));
#9454=CARTESIAN_POINT('',(12.,-86.0000000745059,-2.));
#9455=CARTESIAN_POINT('Origin',(11.,-86.0000000745059,-2.));
#9456=CARTESIAN_POINT('Origin',(12.,-82.0000000000001,-2.));
#9457=CARTESIAN_POINT('Origin',(11.,-86.0000000745059,-1.25000001862645));
#9458=CARTESIAN_POINT('',(12.,-86.0000000745059,-1.25000001862645));
#9459=CARTESIAN_POINT('Origin',(12.,-82.0000000000001,-0.500000037252901));
#9460=CARTESIAN_POINT('',(12.,-84.0500000000001,-2.));
#9461=CARTESIAN_POINT('Origin',(12.,-82.0000000000001,-2.));
#9462=CARTESIAN_POINT('Origin',(12.,-82.0000000000001,-2.));
#9463=CARTESIAN_POINT('',(12.,-84.0500000000001,-2.));
#9464=CARTESIAN_POINT('Origin',(78.5,7.5,-2.));
#9465=CARTESIAN_POINT('',(76.45,12.5,-2.));
#9466=CARTESIAN_POINT('Origin',(78.5,12.5,-2.));
#9467=CARTESIAN_POINT('',(76.45,7.5,-2.));
#9468=CARTESIAN_POINT('Origin',(78.5,12.5,-0.499999999999994));
#9469=CARTESIAN_POINT('Ctrl Pts',(8.,2.5,6.));
#9470=CARTESIAN_POINT('Ctrl Pts',(7.55120104948717,3.17319842576924,6.));
#9471=CARTESIAN_POINT('Ctrl Pts',(6.80575169725596,4.29137245411605,5.60734595376051));
#9472=CARTESIAN_POINT('Ctrl Pts',(6.13671829464801,5.29492255802799,4.3450502770013));
#9473=CARTESIAN_POINT('Ctrl Pts',(6.,5.5,3.44879895051283));
#9474=CARTESIAN_POINT('Ctrl Pts',(6.,5.5,3.));
#9475=CARTESIAN_POINT('Ctrl Pts',(8.,2.5,6.));
#9476=CARTESIAN_POINT('Ctrl Pts',(7.50845829229548,3.13045566857755,6.));
#9477=CARTESIAN_POINT('Ctrl Pts',(6.69219356510046,4.17951293776695,5.66682278204885));
#9478=CARTESIAN_POINT('Ctrl Pts',(5.88997174522776,5.24513644934142,4.46874450837279));
#9479=CARTESIAN_POINT('Ctrl Pts',(5.70080069965812,5.5,3.49423109401281));
#9480=CARTESIAN_POINT('Ctrl Pts',(5.70080069965812,5.5,3.));
#9481=CARTESIAN_POINT('Ctrl Pts',(8.,2.5,6.));
#9482=CARTESIAN_POINT('Ctrl Pts',(7.43365846721001,3.05565584349207,6.));
#9483=CARTESIAN_POINT('Ctrl Pts',(6.49171608951731,3.97932686765532,5.71094207547239));
#9484=CARTESIAN_POINT('Ctrl Pts',(5.46004731804853,4.98085406522185,4.57404338994563));
#9485=CARTESIAN_POINT('Ctrl Pts',(5.18261566588944,5.2490245085094,3.533263093133));
#9486=CARTESIAN_POINT('Ctrl Pts',(5.18261566588944,5.2490245085094,3.));
#9487=CARTESIAN_POINT('Ctrl Pts',(8.,2.5,6.));
#9488=CARTESIAN_POINT('Ctrl Pts',(7.35885864212453,2.9808560184066,6.));
#9489=CARTESIAN_POINT('Ctrl Pts',(6.29204206492251,3.77984855852365,5.65220736000356));
#9490=CARTESIAN_POINT('Ctrl Pts',(5.2423665683609,4.54839172309766,4.43733691221588));
#9491=CARTESIAN_POINT('Ctrl Pts',(5.,4.72439947525642,3.48242194987864));
#9492=CARTESIAN_POINT('Ctrl Pts',(5.,4.72439947525642,3.));
#9493=CARTESIAN_POINT('Ctrl Pts',(8.,2.5,6.));
#9494=CARTESIAN_POINT('Ctrl Pts',(7.32680157423076,2.94879895051283,6.));
#9495=CARTESIAN_POINT('Ctrl Pts',(6.20862754588395,3.69424830274404,5.60734595376051));
#9496=CARTESIAN_POINT('Ctrl Pts',(5.20507744197201,4.36328170535199,4.3450502770013));
#9497=CARTESIAN_POINT('Ctrl Pts',(5.,4.5,3.44879895051283));
#9498=CARTESIAN_POINT('Ctrl Pts',(5.,4.5,3.));
#9499=CARTESIAN_POINT('',(5.,4.5,3.));
#9500=CARTESIAN_POINT('',(6.,5.5,3.));
#9501=CARTESIAN_POINT('Origin',(6.,4.5,3.));
#9502=CARTESIAN_POINT('Origin',(8.,2.5,3.));
#9503=CARTESIAN_POINT('Origin',(8.,2.5,3.));
#9504=CARTESIAN_POINT('Ctrl Pts',(16.,2.5,6.));
#9505=CARTESIAN_POINT('Ctrl Pts',(16.6731984257692,2.94879895051283,6.));
#9506=CARTESIAN_POINT('Ctrl Pts',(17.7912900871497,3.69419339143314,5.60710355529896));
#9507=CARTESIAN_POINT('Ctrl Pts',(18.7948572486133,4.3632381657422,4.34498914467757));
#9508=CARTESIAN_POINT('Ctrl Pts',(19.,4.5,3.44879895051283));
#9509=CARTESIAN_POINT('Ctrl Pts',(19.,4.5,3.));
#9510=CARTESIAN_POINT('Ctrl Pts',(16.,2.5,6.));
#9511=CARTESIAN_POINT('Ctrl Pts',(16.6304556685775,2.99154170770453,6.));
#9512=CARTESIAN_POINT('Ctrl Pts',(17.6791369584699,3.80758043960291,5.66670170289518));
#9513=CARTESIAN_POINT('Ctrl Pts',(18.7448204159418,4.60982721781707,4.46869381779189));
#9514=CARTESIAN_POINT('Ctrl Pts',(19.,4.79919930034189,3.49423109401281));
#9515=CARTESIAN_POINT('Ctrl Pts',(19.,4.79919930034189,3.));
#9516=CARTESIAN_POINT('Ctrl Pts',(16.,2.5,6.));
#9517=CARTESIAN_POINT('Ctrl Pts',(16.5556558434921,3.06634153279,6.));
#9518=CARTESIAN_POINT('Ctrl Pts',(17.4791608305198,4.00808552189482,5.71084761365993));
#9519=CARTESIAN_POINT('Ctrl Pts',(18.4805147737868,5.03957902553176,4.57347095259281));
#9520=CARTESIAN_POINT('Ctrl Pts',(18.7489166109223,5.31725487222266,3.53326309313301));
#9521=CARTESIAN_POINT('Ctrl Pts',(18.7489166109223,5.31725487222266,3.));
#9522=CARTESIAN_POINT('Ctrl Pts',(16.,2.5,6.));
#9523=CARTESIAN_POINT('Ctrl Pts',(16.4808560184066,3.14114135787547,6.));
#9524=CARTESIAN_POINT('Ctrl Pts',(17.2797815523839,4.20778393626977,5.65206046486693));
#9525=CARTESIAN_POINT('Ctrl Pts',(18.0482787582707,5.25743313340449,4.437161472115));
#9526=CARTESIAN_POINT('Ctrl Pts',(18.2243994752564,5.5,3.48242194987864));
#9527=CARTESIAN_POINT('Ctrl Pts',(18.2243994752564,5.5,3.));
#9528=CARTESIAN_POINT('Ctrl Pts',(16.,2.5,6.));
#9529=CARTESIAN_POINT('Ctrl Pts',(16.4487989505128,3.17319842576924,6.));
#9530=CARTESIAN_POINT('Ctrl Pts',(17.1941933914331,4.29129008714971,5.60710355529896));
#9531=CARTESIAN_POINT('Ctrl Pts',(17.8632381657422,5.29485724861329,4.34498914467757));
#9532=CARTESIAN_POINT('Ctrl Pts',(18.,5.5,3.44879895051283));
#9533=CARTESIAN_POINT('Ctrl Pts',(18.,5.5,3.));
#9534=CARTESIAN_POINT('',(18.,5.5,3.));
#9535=CARTESIAN_POINT('',(19.,4.5,3.));
#9536=CARTESIAN_POINT('Origin',(18.,4.5,3.));
#9537=CARTESIAN_POINT('Origin',(16.,2.5,3.));
#9538=CARTESIAN_POINT('Origin',(16.,2.5,3.));
#9539=CARTESIAN_POINT('Ctrl Pts',(16.,12.5,6.));
#9540=CARTESIAN_POINT('Ctrl Pts',(16.4487989505128,11.8268015742308,6.));
#9541=CARTESIAN_POINT('Ctrl Pts',(17.1941682063687,10.7087476904469,5.60700015872744));
#9542=CARTESIAN_POINT('Ctrl Pts',(17.8632189001963,9.7051716497056,4.34495544966802));
#9543=CARTESIAN_POINT('Ctrl Pts',(18.,9.5,3.44879895051283));
#9544=CARTESIAN_POINT('Ctrl Pts',(18.,9.5,3.));
#9545=CARTESIAN_POINT('Ctrl Pts',(16.,12.5,6.));
#9546=CARTESIAN_POINT('Ctrl Pts',(16.4915417077045,11.8695443314225,6.));
#9547=CARTESIAN_POINT('Ctrl Pts',(17.3074754903819,10.8210365478019,5.66664885955511));
#9548=CARTESIAN_POINT('Ctrl Pts',(18.1097393697858,9.75531851518179,4.46866909068491));
#9549=CARTESIAN_POINT('Ctrl Pts',(18.2991993003419,9.5,3.49423109401281));
#9550=CARTESIAN_POINT('Ctrl Pts',(18.2991993003419,9.5,3.));
#9551=CARTESIAN_POINT('Ctrl Pts',(16.,12.5,6.));
#9552=CARTESIAN_POINT('Ctrl Pts',(16.56634153279,11.9443441565079,6.));
#9553=CARTESIAN_POINT('Ctrl Pts',(17.507980487255,11.020928678262,5.71077787171936));
#9554=CARTESIAN_POINT('Ctrl Pts',(18.5394242129883,10.0196252540539,4.57324935757388));
#9555=CARTESIAN_POINT('Ctrl Pts',(18.8172055632553,9.75112448471347,3.533263093133));
#9556=CARTESIAN_POINT('Ctrl Pts',(18.8172055632553,9.75112448471347,3.));
#9557=CARTESIAN_POINT('Ctrl Pts',(16.,12.5,6.));
#9558=CARTESIAN_POINT('Ctrl Pts',(16.6411413578755,12.0191439815934,6.));
#9559=CARTESIAN_POINT('Ctrl Pts',(17.7077004319811,11.2202527314614,5.65198959154469));
#9560=CARTESIAN_POINT('Ctrl Pts',(18.7573476650325,10.4517681931856,4.43708683232479));
#9561=CARTESIAN_POINT('Ctrl Pts',(19.,10.2756005247436,3.48242194987864));
#9562=CARTESIAN_POINT('Ctrl Pts',(19.,10.2756005247436,3.));
#9563=CARTESIAN_POINT('Ctrl Pts',(16.,12.5,6.));
#9564=CARTESIAN_POINT('Ctrl Pts',(16.6731984257692,12.0512010494872,6.));
#9565=CARTESIAN_POINT('Ctrl Pts',(17.7912523095531,11.3058317936313,5.60700015872744));
#9566=CARTESIAN_POINT('Ctrl Pts',(18.7948283502944,10.6367810998037,4.34495544966802));
#9567=CARTESIAN_POINT('Ctrl Pts',(19.,10.5,3.44879895051283));
#9568=CARTESIAN_POINT('Ctrl Pts',(19.,10.5,3.));
#9569=CARTESIAN_POINT('',(19.,10.5,3.));
#9570=CARTESIAN_POINT('',(18.,9.5,3.));
#9571=CARTESIAN_POINT('Origin',(18.,10.5,3.));
#9572=CARTESIAN_POINT('Origin',(16.,12.5,3.));
#9573=CARTESIAN_POINT('Origin',(16.,12.5,3.));
#9574=CARTESIAN_POINT('Ctrl Pts',(8.,12.5,6.));
#9575=CARTESIAN_POINT('Ctrl Pts',(7.32680157423076,12.0512010494872,6.));
#9576=CARTESIAN_POINT('Ctrl Pts',(6.2087024482388,11.3058016321592,5.60712446725776));
#9577=CARTESIAN_POINT('Ctrl Pts',(5.20513697591982,10.6367579839465,4.34499545251313));
#9578=CARTESIAN_POINT('Ctrl Pts',(5.,10.5,3.44879895051283));
#9579=CARTESIAN_POINT('Ctrl Pts',(5.,10.5,3.));
#9580=CARTESIAN_POINT('Ctrl Pts',(8.,12.5,6.));
#9581=CARTESIAN_POINT('Ctrl Pts',(7.36954433142246,12.0084582922955,6.));
#9582=CARTESIAN_POINT('Ctrl Pts',(6.32082882361407,11.1923989033413,5.666712310856));
#9583=CARTESIAN_POINT('Ctrl Pts',(5.25515175974031,10.3901551542927,4.46869861224646));
#9584=CARTESIAN_POINT('Ctrl Pts',(5.,10.2008006996581,3.49423109401281));
#9585=CARTESIAN_POINT('Ctrl Pts',(5.,10.2008006996581,3.));
#9586=CARTESIAN_POINT('Ctrl Pts',(8.,12.5,6.));
#9587=CARTESIAN_POINT('Ctrl Pts',(7.44434415650793,11.93365846721,6.));
#9588=CARTESIAN_POINT('Ctrl Pts',(6.52082231134827,10.9918945946576,5.7108598009983));
#9589=CARTESIAN_POINT('Ctrl Pts',(5.51945659626748,9.96038936344927,4.57351726412171));
#9590=CARTESIAN_POINT('Ctrl Pts',(5.25107472316699,9.68273472990667,3.533263093133));
#9591=CARTESIAN_POINT('Ctrl Pts',(5.25107472316699,9.68273472990667,3.));
#9592=CARTESIAN_POINT('Ctrl Pts',(8.,12.5,6.));
#9593=CARTESIAN_POINT('Ctrl Pts',(7.5191439815934,11.8588586421245,6.));
#9594=CARTESIAN_POINT('Ctrl Pts',(6.72021189314361,10.7921997927892,5.65207425237952));
#9595=CARTESIAN_POINT('Ctrl Pts',(5.95171166365373,9.74254958260609,4.43717658100878));
#9596=CARTESIAN_POINT('Ctrl Pts',(5.77560052474359,9.5,3.48242194987864));
#9597=CARTESIAN_POINT('Ctrl Pts',(5.77560052474359,9.5,3.));
#9598=CARTESIAN_POINT('Ctrl Pts',(8.,12.5,6.));
#9599=CARTESIAN_POINT('Ctrl Pts',(7.55120104948717,11.8268015742308,6.));
#9600=CARTESIAN_POINT('Ctrl Pts',(6.8058016321592,10.7087024482388,5.60712446725776));
#9601=CARTESIAN_POINT('Ctrl Pts',(6.13675798394654,9.70513697591981,4.34499545251313));
#9602=CARTESIAN_POINT('Ctrl Pts',(6.,9.5,3.44879895051283));
#9603=CARTESIAN_POINT('Ctrl Pts',(6.,9.5,3.));
#9604=CARTESIAN_POINT('',(6.,9.5,3.));
#9605=CARTESIAN_POINT('',(5.,10.5,3.));
#9606=CARTESIAN_POINT('Origin',(6.,10.5,3.));
#9607=CARTESIAN_POINT('Origin',(8.,12.5,3.));
#9608=CARTESIAN_POINT('Origin',(8.,12.5,3.));
#9609=CARTESIAN_POINT('Origin',(8.,7.49999999999996,3.));
#9610=CARTESIAN_POINT('',(5.,14.,3.));
#9611=CARTESIAN_POINT('',(5.,7.49999999999996,3.));
#9612=CARTESIAN_POINT('Origin',(8.,14.,3.));
#9613=CARTESIAN_POINT('Origin',(8.,7.49999999999996,3.));
#9614=CARTESIAN_POINT('',(5.,0.999999999999999,3.));
#9615=CARTESIAN_POINT('Origin',(8.,1.,3.));
#9616=CARTESIAN_POINT('',(5.,7.49999999999996,3.));
#9617=CARTESIAN_POINT('Origin',(4.,0.999999999999999,3.));
#9618=CARTESIAN_POINT('',(4.,-7.34788079488412E-16,3.));
#9619=CARTESIAN_POINT('Origin',(4.,-3.,3.));
#9620=CARTESIAN_POINT('Origin',(4.,0.999999999999999,3.));
#9621=CARTESIAN_POINT('Origin',(8.5,-3.,3.));
#9622=CARTESIAN_POINT('',(1.,-1.83697019872103E-16,3.));
#9623=CARTESIAN_POINT('Origin',(1.,-3.,3.));
#9624=CARTESIAN_POINT('',(5.,-9.18485099360515E-16,3.));
#9625=CARTESIAN_POINT('Origin',(1.,1.,3.));
#9626=CARTESIAN_POINT('',(-2.29621274840129E-16,1.,3.));
#9627=CARTESIAN_POINT('Origin',(-3.,1.,3.));
#9628=CARTESIAN_POINT('Origin',(1.,1.,3.));
#9629=CARTESIAN_POINT('Origin',(-3.,7.49999999999996,3.));
#9630=CARTESIAN_POINT('',(-2.29621274840129E-16,14.,3.));
#9631=CARTESIAN_POINT('Origin',(-3.,14.,3.));
#9632=CARTESIAN_POINT('',(-5.55111512312578E-16,7.49999999999996,3.));
#9633=CARTESIAN_POINT('Origin',(0.999999999999996,14.,3.));
#9634=CARTESIAN_POINT('',(0.999999999999996,15.,3.));
#9635=CARTESIAN_POINT('Origin',(0.999999999999997,18.,3.));
#9636=CARTESIAN_POINT('Origin',(0.999999999999996,14.,3.));
#9637=CARTESIAN_POINT('Origin',(6.00000000000001,18.,3.));
#9638=CARTESIAN_POINT('',(4.,15.,3.));
#9639=CARTESIAN_POINT('Origin',(4.,18.,3.));
#9640=CARTESIAN_POINT('',(0.,15.,3.));
#9641=CARTESIAN_POINT('Origin',(4.,14.,3.));
#9642=CARTESIAN_POINT('Origin',(4.,14.,3.));
#9643=CARTESIAN_POINT('Origin',(8.50000000000001,12.5,3.));
#9644=CARTESIAN_POINT('',(16.,9.5,3.));
#9645=CARTESIAN_POINT('',(8.50000000000001,9.5,3.));
#9646=CARTESIAN_POINT('',(8.,9.5,3.));
#9647=CARTESIAN_POINT('',(5.,9.5,3.));
#9648=CARTESIAN_POINT('',(8.50000000000001,9.5,3.));
#9649=CARTESIAN_POINT('Origin',(16.,7.49999999999996,3.));
#9650=CARTESIAN_POINT('',(19.,14.,3.));
#9651=CARTESIAN_POINT('Origin',(16.,14.,3.));
#9652=CARTESIAN_POINT('',(19.,7.49999999999996,3.));
#9653=CARTESIAN_POINT('Origin',(20.,14.,3.));
#9654=CARTESIAN_POINT('',(20.,15.,3.));
#9655=CARTESIAN_POINT('Origin',(20.,18.,3.));
#9656=CARTESIAN_POINT('Origin',(20.,14.,3.));
#9657=CARTESIAN_POINT('Origin',(15.5,18.,3.));
#9658=CARTESIAN_POINT('',(23.,15.,3.));
#9659=CARTESIAN_POINT('Origin',(23.,18.,3.));
#9660=CARTESIAN_POINT('',(24.,15.,3.));
#9661=CARTESIAN_POINT('Origin',(23.,14.,3.));
#9662=CARTESIAN_POINT('',(24.,14.,3.));
#9663=CARTESIAN_POINT('Origin',(27.,14.,3.));
#9664=CARTESIAN_POINT('Origin',(23.,14.,3.));
#9665=CARTESIAN_POINT('Origin',(27.,7.49999999999996,3.));
#9666=CARTESIAN_POINT('',(24.,1.,3.));
#9667=CARTESIAN_POINT('Origin',(27.,1.,3.));
#9668=CARTESIAN_POINT('',(24.,7.49999999999996,3.));
#9669=CARTESIAN_POINT('Origin',(23.,1.,3.));
#9670=CARTESIAN_POINT('',(23.,-1.22464679914735E-16,3.));
#9671=CARTESIAN_POINT('Origin',(23.,-3.,3.));
#9672=CARTESIAN_POINT('Origin',(23.,1.,3.));
#9673=CARTESIAN_POINT('Origin',(18.,-3.,3.));
#9674=CARTESIAN_POINT('',(20.,-4.89858719658941E-16,3.));
#9675=CARTESIAN_POINT('Origin',(20.,-3.,3.));
#9676=CARTESIAN_POINT('',(19.,-6.12323399573677E-16,3.));
#9677=CARTESIAN_POINT('Origin',(20.,1.,3.));
#9678=CARTESIAN_POINT('',(19.,1.,3.));
#9679=CARTESIAN_POINT('Origin',(16.,1.,3.));
#9680=CARTESIAN_POINT('Origin',(20.,1.,3.));
#9681=CARTESIAN_POINT('Origin',(16.,7.49999999999996,3.));
#9682=CARTESIAN_POINT('',(19.,7.49999999999996,3.));
#9683=CARTESIAN_POINT('Origin',(15.5,2.5,3.));
#9684=CARTESIAN_POINT('',(8.,5.5,3.));
#9685=CARTESIAN_POINT('',(15.5,5.5,3.));
#9686=CARTESIAN_POINT('',(16.,5.5,3.));
#9687=CARTESIAN_POINT('',(19.,5.5,3.));
#9688=CARTESIAN_POINT('',(15.5,5.5,3.));
#9689=CARTESIAN_POINT('Origin',(19.,5.5,6.));
#9690=CARTESIAN_POINT('',(18.,5.5,2.23606797749979));
#9691=CARTESIAN_POINT('Origin',(16.,5.5,1.11022302462516E-15));
#9692=CARTESIAN_POINT('',(18.,5.5,1.125));
#9693=CARTESIAN_POINT('Origin',(19.,5.5,6.));
#9694=CARTESIAN_POINT('',(6.,5.5,2.23606797749979));
#9695=CARTESIAN_POINT('',(6.,5.5,1.125));
#9696=CARTESIAN_POINT('Origin',(8.,5.5,0.));
#9697=CARTESIAN_POINT('Origin',(6.,4.5,1.125));
#9698=CARTESIAN_POINT('',(5.,4.5,0.));
#9699=CARTESIAN_POINT('',(5.,4.5,1.125));
#9700=CARTESIAN_POINT('Ctrl Pts',(6.,5.5,2.23606797749979));
#9701=CARTESIAN_POINT('Ctrl Pts',(5.82374648457182,5.5,2.07842204079151));
#9702=CARTESIAN_POINT('Ctrl Pts',(5.65185038018216,5.45348859600746,1.88696934781395));
#9703=CARTESIAN_POINT('Ctrl Pts',(5.34506227394989,5.27678518882207,1.42500808640407));
#9704=CARTESIAN_POINT('Ctrl Pts',(5.2174953524363,5.14763582283238,1.16133350491796));
#9705=CARTESIAN_POINT('Ctrl Pts',(5.04328774390971,4.83985177144922,0.588355021734743));
#9706=CARTESIAN_POINT('Ctrl Pts',(5.00061272046202,4.67107843577734,0.296317499807992));
#9707=CARTESIAN_POINT('Ctrl Pts',(5.0000021838179,4.50241319638595,0.00417977874925479));
#9708=CARTESIAN_POINT('Ctrl Pts',(5.,4.50120659794585,0.00208988894652595));
#9709=CARTESIAN_POINT('Ctrl Pts',(5.,4.5,0.));
#9710=CARTESIAN_POINT('Origin',(4.,0.999999999999999,1.125));
#9711=CARTESIAN_POINT('',(5.,0.999999999999999,2.64003631980351));
#9712=CARTESIAN_POINT('Ctrl Pts',(4.,-9.36750677027476E-16,3.));
#9713=CARTESIAN_POINT('Ctrl Pts',(4.12484059288783,-8.951704068379E-16,
3.));
#9714=CARTESIAN_POINT('Ctrl Pts',(4.25792702091239,0.0248515579238269,2.9961345127058));
#9715=CARTESIAN_POINT('Ctrl Pts',(4.50223236625388,0.125240956253401,2.97652811737876));
#9716=CARTESIAN_POINT('Ctrl Pts',(4.61341554252041,0.200774791586011,2.96032410248548));
#9717=CARTESIAN_POINT('Ctrl Pts',(4.79648013374461,0.380661230605084,2.91143927595377));
#9718=CARTESIAN_POINT('Ctrl Pts',(4.87598509587541,0.499051252701655,2.87395299993365));
#9719=CARTESIAN_POINT('Ctrl Pts',(4.97759769361283,0.749795738575642,2.77258235823107));
#9720=CARTESIAN_POINT('Ctrl Pts',(5.,0.881849514737553,2.70825053427467));
#9721=CARTESIAN_POINT('Ctrl Pts',(5.,0.999999999999999,2.64003631980351));
#9722=CARTESIAN_POINT('',(5.,0.999999999999999,1.125));
#9723=CARTESIAN_POINT('Origin',(1.,1.,1.125));
#9724=CARTESIAN_POINT('',(0.,1.,2.64003631980351));
#9725=CARTESIAN_POINT('',(0.,1.,1.125));
#9726=CARTESIAN_POINT('Ctrl Pts',(6.07153216591882E-16,1.,2.64003631980351));
#9727=CARTESIAN_POINT('Ctrl Pts',(5.99579917440623E-16,0.881849514737554,
2.70825053427467));
#9728=CARTESIAN_POINT('Ctrl Pts',(0.0224023063871703,0.749795738575642,
2.77258235823107));
#9729=CARTESIAN_POINT('Ctrl Pts',(0.124014904124592,0.499051252701656,2.87395299993365));
#9730=CARTESIAN_POINT('Ctrl Pts',(0.203519866255393,0.380661230605085,2.91143927595377));
#9731=CARTESIAN_POINT('Ctrl Pts',(0.386584457479588,0.200774791586012,2.96032410248548));
#9732=CARTESIAN_POINT('Ctrl Pts',(0.49776763374612,0.125240956253401,2.97652811737876));
#9733=CARTESIAN_POINT('Ctrl Pts',(0.742072979087607,0.0248515579238278,
2.9961345127058));
#9734=CARTESIAN_POINT('Ctrl Pts',(0.875159407112172,-4.94329824111056E-16,
3.));
#9735=CARTESIAN_POINT('Ctrl Pts',(1.,-4.42354486374086E-16,3.));
#9736=CARTESIAN_POINT('Origin',(0.,7.5,-3.75));
#9737=CARTESIAN_POINT('',(0.,14.,2.64003631980351));
#9738=CARTESIAN_POINT('',(0.,14.,1.125));
#9739=CARTESIAN_POINT('',(0.,12.5,0.0419601084501908));
#9740=CARTESIAN_POINT('Origin',(0.,15.5,0.0419601084501908));
#9741=CARTESIAN_POINT('',(0.,12.5,-5.5));
#9742=CARTESIAN_POINT('',(0.,12.5,-5.5));
#9743=CARTESIAN_POINT('',(0.,2.5,-5.5));
#9744=CARTESIAN_POINT('Origin',(0.,7.5,-5.5));
#9745=CARTESIAN_POINT('',(0.,2.5,0.0419601084501897));
#9746=CARTESIAN_POINT('',(0.,2.5,-5.5));
#9747=CARTESIAN_POINT('Origin',(0.,-0.500000000000002,0.0419601084501908));
#9748=CARTESIAN_POINT('',(0.,9.55,-5.5));
#9749=CARTESIAN_POINT('Origin',(0.,7.5,-5.5));
#9750=CARTESIAN_POINT('Origin',(0.999999999999996,14.,1.125));
#9751=CARTESIAN_POINT('Ctrl Pts',(0.999999999999996,15.,3.));
#9752=CARTESIAN_POINT('Ctrl Pts',(0.875159407112171,15.,3.));
#9753=CARTESIAN_POINT('Ctrl Pts',(0.742072979087598,14.9751484420762,2.9961345127058));
#9754=CARTESIAN_POINT('Ctrl Pts',(0.497767633746116,14.8747590437466,2.97652811737876));
#9755=CARTESIAN_POINT('Ctrl Pts',(0.386584457479584,14.799225208414,2.96032410248548));
#9756=CARTESIAN_POINT('Ctrl Pts',(0.203519866255384,14.6193387693949,2.91143927595377));
#9757=CARTESIAN_POINT('Ctrl Pts',(0.124014904124587,14.5009487472983,2.87395299993365));
#9758=CARTESIAN_POINT('Ctrl Pts',(0.0224023063871659,14.2502042614244,2.77258235823107));
#9759=CARTESIAN_POINT('Ctrl Pts',(-3.81500013330706E-15,14.1181504852624,
2.70825053427467));
#9760=CARTESIAN_POINT('Ctrl Pts',(-3.79796021021672E-15,14.,2.64003631980351));
#9761=CARTESIAN_POINT('Origin',(4.,14.,1.125));
#9762=CARTESIAN_POINT('',(5.,14.,2.64003631980351));
#9763=CARTESIAN_POINT('',(5.,14.,1.125));
#9764=CARTESIAN_POINT('Ctrl Pts',(5.,14.,2.64003631980351));
#9765=CARTESIAN_POINT('Ctrl Pts',(5.,14.1181504852624,2.70825053427467));
#9766=CARTESIAN_POINT('Ctrl Pts',(4.97759769361283,14.2502042614244,2.77258235823107));
#9767=CARTESIAN_POINT('Ctrl Pts',(4.87598509587541,14.5009487472983,2.87395299993365));
#9768=CARTESIAN_POINT('Ctrl Pts',(4.79648013374461,14.6193387693949,2.91143927595377));
#9769=CARTESIAN_POINT('Ctrl Pts',(4.61341554252041,14.799225208414,2.96032410248548));
#9770=CARTESIAN_POINT('Ctrl Pts',(4.50223236625389,14.8747590437466,2.97652811737876));
#9771=CARTESIAN_POINT('Ctrl Pts',(4.2579270209124,14.9751484420762,2.9961345127058));
#9772=CARTESIAN_POINT('Ctrl Pts',(4.12484059288783,15.,3.));
#9773=CARTESIAN_POINT('Ctrl Pts',(4.,15.,3.));
#9774=CARTESIAN_POINT('Origin',(5.,7.5,-3.75));
#9775=CARTESIAN_POINT('',(5.,2.5,0.0419601084501908));
#9776=CARTESIAN_POINT('Origin',(5.,-0.500000000000002,0.0419601084501919));
#9777=CARTESIAN_POINT('',(5.,2.5,-5.5));
#9778=CARTESIAN_POINT('',(5.,2.5,-5.5));
#9779=CARTESIAN_POINT('',(5.,12.5,-5.5));
#9780=CARTESIAN_POINT('Origin',(5.,7.5,-5.5));
#9781=CARTESIAN_POINT('',(5.,12.5,0.0419601084501919));
#9782=CARTESIAN_POINT('',(5.,12.5,-5.5));
#9783=CARTESIAN_POINT('Origin',(5.,15.5,0.0419601084501919));
#9784=CARTESIAN_POINT('',(5.,10.5,0.));
#9785=CARTESIAN_POINT('',(5.,10.5,1.125));
#9786=CARTESIAN_POINT('',(5.,7.5,0.));
#9787=CARTESIAN_POINT('',(5.,9.55,-5.5));
#9788=CARTESIAN_POINT('Origin',(5.,7.5,-5.5));
#9789=CARTESIAN_POINT('Origin',(6.,10.5,1.125));
#9790=CARTESIAN_POINT('',(6.,9.5,2.23606797749979));
#9791=CARTESIAN_POINT('',(6.,9.5,1.125));
#9792=CARTESIAN_POINT('Ctrl Pts',(5.,10.5,0.));
#9793=CARTESIAN_POINT('Ctrl Pts',(5.,10.4987934020541,0.00208988894652373));
#9794=CARTESIAN_POINT('Ctrl Pts',(5.0000021838179,10.4975868036141,0.00417977874925701));
#9795=CARTESIAN_POINT('Ctrl Pts',(5.00061272046202,10.3289215642228,0.296317499807643));
#9796=CARTESIAN_POINT('Ctrl Pts',(5.04328774390971,10.1601482285508,0.588355021734719));
#9797=CARTESIAN_POINT('Ctrl Pts',(5.21749535243629,9.85236417716764,1.16133350491793));
#9798=CARTESIAN_POINT('Ctrl Pts',(5.34506227394987,9.72321481117794,1.42500808640405));
#9799=CARTESIAN_POINT('Ctrl Pts',(5.65185038018216,9.54651140399254,1.88696934781395));
#9800=CARTESIAN_POINT('Ctrl Pts',(5.82374648457182,9.5,2.07842204079151));
#9801=CARTESIAN_POINT('Ctrl Pts',(6.,9.5,2.23606797749979));
#9802=CARTESIAN_POINT('Origin',(5.,9.5,6.));
#9803=CARTESIAN_POINT('',(18.,9.5,2.23606797749979));
#9804=CARTESIAN_POINT('',(18.,9.5,1.125));
#9805=CARTESIAN_POINT('Origin',(16.,9.5,1.11022302462516E-15));
#9806=CARTESIAN_POINT('Origin',(5.,9.5,6.));
#9807=CARTESIAN_POINT('Origin',(8.,9.5,0.));
#9808=CARTESIAN_POINT('Origin',(-61.5,-89.0000000000001,6.));
#9809=CARTESIAN_POINT('Origin',(12.,7.49999999999993,9.));
#9810=CARTESIAN_POINT('Origin',(5.,-0.500000000000002,0.0419601084501919));
#9811=CARTESIAN_POINT('',(5.,2.5,0.0419601084501908));
#9812=CARTESIAN_POINT('Origin',(0.,15.5,0.0419601084501908));
#9813=CARTESIAN_POINT('',(0.,12.5,0.0419601084501908));
#9814=CARTESIAN_POINT('Origin',(20.,14.,1.125));
#9815=CARTESIAN_POINT('',(19.,14.,2.64003631980351));
#9816=CARTESIAN_POINT('Ctrl Pts',(20.,15.,3.));
#9817=CARTESIAN_POINT('Ctrl Pts',(19.8751594071122,15.,3.));
#9818=CARTESIAN_POINT('Ctrl Pts',(19.7420729790876,14.9751484420762,2.9961345127058));
#9819=CARTESIAN_POINT('Ctrl Pts',(19.4977676337461,14.8747590437466,2.97652811737876));
#9820=CARTESIAN_POINT('Ctrl Pts',(19.3865844574796,14.799225208414,2.96032410248549));
#9821=CARTESIAN_POINT('Ctrl Pts',(19.2035198662554,14.6193387693949,2.91143927595378));
#9822=CARTESIAN_POINT('Ctrl Pts',(19.1240149041246,14.5009487472983,2.87395299993365));
#9823=CARTESIAN_POINT('Ctrl Pts',(19.0224023063872,14.2502042614244,2.77258235823107));
#9824=CARTESIAN_POINT('Ctrl Pts',(19.,14.1181504852624,2.70825053427467));
#9825=CARTESIAN_POINT('Ctrl Pts',(19.,14.,2.64003631980351));
#9826=CARTESIAN_POINT('',(19.,14.,1.125));
#9827=CARTESIAN_POINT('Origin',(24.,15.5,0.0419601084501942));
#9828=CARTESIAN_POINT('',(24.,14.,2.64003631980351));
#9829=CARTESIAN_POINT('Ctrl Pts',(24.,14.,2.64003631980351));
#9830=CARTESIAN_POINT('Ctrl Pts',(24.,14.1181504852624,2.70825053427467));
#9831=CARTESIAN_POINT('Ctrl Pts',(23.9775976936128,14.2502042614244,2.77258235823107));
#9832=CARTESIAN_POINT('Ctrl Pts',(23.8759850958754,14.5009487472983,2.87395299993365));
#9833=CARTESIAN_POINT('Ctrl Pts',(23.7964801337446,14.6193387693949,2.91143927595378));
#9834=CARTESIAN_POINT('Ctrl Pts',(23.6134155425204,14.799225208414,2.96032410248549));
#9835=CARTESIAN_POINT('Ctrl Pts',(23.5022323662539,14.8747590437466,2.97652811737876));
#9836=CARTESIAN_POINT('Ctrl Pts',(23.2579270209124,14.9751484420762,2.9961345127058));
#9837=CARTESIAN_POINT('Ctrl Pts',(23.1248405928878,15.,3.));
#9838=CARTESIAN_POINT('Ctrl Pts',(23.,15.,3.));
#9839=CARTESIAN_POINT('',(24.,12.5,0.0419601084501942));
#9840=CARTESIAN_POINT('Origin',(24.,15.5,0.0419601084501942));
#9841=CARTESIAN_POINT('',(19.,12.5,0.041960108450193));
#9842=CARTESIAN_POINT('',(24.,12.5,0.0419601084501942));
#9843=CARTESIAN_POINT('Origin',(19.,15.5,0.041960108450193));
#9844=CARTESIAN_POINT('Origin',(23.,14.,1.125));
#9845=CARTESIAN_POINT('',(24.,14.,1.125));
#9846=CARTESIAN_POINT('Origin',(23.,1.,1.125));
#9847=CARTESIAN_POINT('',(24.,1.,2.64003631980351));
#9848=CARTESIAN_POINT('Ctrl Pts',(23.,-5.63785129692462E-17,3.));
#9849=CARTESIAN_POINT('Ctrl Pts',(23.1248405928878,-7.71686480640343E-17,
3.));
#9850=CARTESIAN_POINT('Ctrl Pts',(23.2579270209124,0.0248515579238284,2.9961345127058));
#9851=CARTESIAN_POINT('Ctrl Pts',(23.5022323662539,0.125240956253403,2.97652811737876));
#9852=CARTESIAN_POINT('Ctrl Pts',(23.6134155425204,0.200774791586012,2.96032410248549));
#9853=CARTESIAN_POINT('Ctrl Pts',(23.7964801337446,0.380661230605085,2.91143927595378));
#9854=CARTESIAN_POINT('Ctrl Pts',(23.8759850958754,0.499051252701656,2.87395299993365));
#9855=CARTESIAN_POINT('Ctrl Pts',(23.9775976936128,0.749795738575644,2.77258235823107));
#9856=CARTESIAN_POINT('Ctrl Pts',(24.,0.881849514737554,2.70825053427467));
#9857=CARTESIAN_POINT('Ctrl Pts',(24.,1.,2.64003631980351));
#9858=CARTESIAN_POINT('',(24.,1.,1.125));
#9859=CARTESIAN_POINT('Origin',(19.,-0.500000000000002,0.041960108450193));
#9860=CARTESIAN_POINT('',(19.,1.,2.64003631980351));
#9861=CARTESIAN_POINT('Ctrl Pts',(19.,1.,2.64003631980351));
#9862=CARTESIAN_POINT('Ctrl Pts',(19.,0.881849514737553,2.70825053427467));
#9863=CARTESIAN_POINT('Ctrl Pts',(19.0224023063872,0.749795738575643,2.77258235823107));
#9864=CARTESIAN_POINT('Ctrl Pts',(19.1240149041246,0.499051252701655,2.87395299993365));
#9865=CARTESIAN_POINT('Ctrl Pts',(19.2035198662554,0.380661230605084,2.91143927595378));
#9866=CARTESIAN_POINT('Ctrl Pts',(19.3865844574796,0.200774791586011,2.96032410248549));
#9867=CARTESIAN_POINT('Ctrl Pts',(19.4977676337461,0.125240956253402,2.97652811737876));
#9868=CARTESIAN_POINT('Ctrl Pts',(19.7420729790876,0.0248515579238277,2.9961345127058));
#9869=CARTESIAN_POINT('Ctrl Pts',(19.8751594071122,-3.88547087565716E-16,
3.));
#9870=CARTESIAN_POINT('Ctrl Pts',(20.,-3.64291929955129E-16,3.));
#9871=CARTESIAN_POINT('',(19.,2.5,0.0419601084501919));
#9872=CARTESIAN_POINT('Origin',(19.,-0.500000000000002,0.041960108450193));
#9873=CARTESIAN_POINT('',(24.,2.5,0.041960108450193));
#9874=CARTESIAN_POINT('',(19.,2.5,0.0419601084501919));
#9875=CARTESIAN_POINT('Origin',(24.,-0.500000000000002,0.0419601084501942));
#9876=CARTESIAN_POINT('Origin',(20.,1.,1.125));
#9877=CARTESIAN_POINT('',(19.,1.,1.125));
#9878=CARTESIAN_POINT('Origin',(8.,7.5,0.));
#9879=CARTESIAN_POINT('',(8.,7.5,3.));
#9880=CARTESIAN_POINT('Origin',(12.,7.5,3.));
#9881=CARTESIAN_POINT('',(16.,7.5,3.));
#9882=CARTESIAN_POINT('Origin',(18.,10.5,1.125));
#9883=CARTESIAN_POINT('',(19.,10.5,1.11022302462516E-15));
#9884=CARTESIAN_POINT('',(19.,10.5,1.125));
#9885=CARTESIAN_POINT('Ctrl Pts',(19.,10.5,1.11022302462516E-15));
#9886=CARTESIAN_POINT('Ctrl Pts',(19.,10.4987555888614,0.00215538331749365));
#9887=CARTESIAN_POINT('Ctrl Pts',(18.9999976771614,10.4975111771815,0.00431076757389848));
#9888=CARTESIAN_POINT('Ctrl Pts',(18.9992838071247,10.3062919536773,0.335513332022399));
#9889=CARTESIAN_POINT('Ctrl Pts',(18.9444311295516,10.1143580436886,0.667337695642802));
#9890=CARTESIAN_POINT('Ctrl Pts',(18.73178673772,9.79446694417553,1.27729464719068));
#9891=CARTESIAN_POINT('Ctrl Pts',(18.591246113557,9.67273586554983,1.53806744706485));
#9892=CARTESIAN_POINT('Ctrl Pts',(18.2922156579911,9.53256253352942,1.9483703041268));
#9893=CARTESIAN_POINT('Ctrl Pts',(18.1474267145002,9.5,2.10420551537107));
#9894=CARTESIAN_POINT('Ctrl Pts',(18.,9.5,2.23606797749979));
#9895=CARTESIAN_POINT('Origin',(16.,7.5,1.11022302462516E-15));
#9896=CARTESIAN_POINT('',(19.,4.5,1.11022302462516E-15));
#9897=CARTESIAN_POINT('',(19.,7.5,1.11022302462516E-15));
#9898=CARTESIAN_POINT('Ctrl Pts',(19.,4.5,1.11022302462516E-15));
#9899=CARTESIAN_POINT('Ctrl Pts',(19.,4.50120659794569,0.00208988894624951));
#9900=CARTESIAN_POINT('Ctrl Pts',(18.9999978161821,4.50241319638586,0.00417977875050934));
#9901=CARTESIAN_POINT('Ctrl Pts',(18.9993872795381,4.67107843575189,0.296317499715821));
#9902=CARTESIAN_POINT('Ctrl Pts',(18.9567122560914,4.83985177144721,0.588355021731019));
#9903=CARTESIAN_POINT('Ctrl Pts',(18.7825046475637,5.14763582283238,1.16133350491797));
#9904=CARTESIAN_POINT('Ctrl Pts',(18.6549377260501,5.27678518882207,1.42500808640408));
#9905=CARTESIAN_POINT('Ctrl Pts',(18.3481496198179,5.45348859600744,1.88696934781389));
#9906=CARTESIAN_POINT('Ctrl Pts',(18.1762535154282,5.5,2.07842204079146));
#9907=CARTESIAN_POINT('Ctrl Pts',(18.,5.5,2.23606797749979));
#9908=CARTESIAN_POINT('Origin',(18.,4.5,1.125));
#9909=CARTESIAN_POINT('',(19.,4.5,1.125));
#9910=CARTESIAN_POINT('Origin',(0.,7.5,-5.5));
#9911=CARTESIAN_POINT('',(9.81269445321961E-32,9.55,-5.5));
#9912=CARTESIAN_POINT('Origin',(0.,7.5,-5.5));
#9913=CARTESIAN_POINT('',(0.,12.5,-5.5));
#9914=CARTESIAN_POINT('',(0.,2.5,-5.5));
#9915=CARTESIAN_POINT('Origin',(0.,12.5,3.));
#9916=CARTESIAN_POINT('Origin',(0.,2.5,-5.5));
#9917=CARTESIAN_POINT('Origin',(24.,7.5,-5.5));
#9918=CARTESIAN_POINT('',(19.,9.55,-5.5));
#9919=CARTESIAN_POINT('Origin',(19.,7.5,-5.5));
#9920=CARTESIAN_POINT('',(24.,9.55,-5.5));
#9921=CARTESIAN_POINT('',(24.,9.55,-5.5));
#9922=CARTESIAN_POINT('Origin',(24.,7.5,-5.5));
#9923=CARTESIAN_POINT('Origin',(24.,7.5,-5.5));
#9924=CARTESIAN_POINT('',(24.,2.5,-5.5));
#9925=CARTESIAN_POINT('',(24.,12.5,-5.5));
#9926=CARTESIAN_POINT('Origin',(24.,7.5,-5.5));
#9927=CARTESIAN_POINT('',(19.,2.5,-5.5));
#9928=CARTESIAN_POINT('',(24.,2.5,-5.5));
#9929=CARTESIAN_POINT('',(19.,12.5,-5.5));
#9930=CARTESIAN_POINT('Origin',(19.,7.5,-5.5));
#9931=CARTESIAN_POINT('',(24.,12.5,-5.5));
#9932=CARTESIAN_POINT('Origin',(24.,12.5,3.));
#9933=CARTESIAN_POINT('',(24.,12.5,-5.5));
#9934=CARTESIAN_POINT('',(19.,12.5,-5.5));
#9935=CARTESIAN_POINT('Origin',(24.,2.5,-5.5));
#9936=CARTESIAN_POINT('',(19.,2.5,-5.5));
#9937=CARTESIAN_POINT('',(24.,2.5,-5.5));
#9938=CARTESIAN_POINT('Origin',(24.,7.5,-3.75));
#9939=CARTESIAN_POINT('Origin',(19.,7.5,-3.75));
#9940=CARTESIAN_POINT('',(-3.05473930595213E-7,6.99992549024975,83.3415882129086));
#9941=CARTESIAN_POINT('',(-20.5000003054738,4.61024903947059E-15,73.3738857507706));
#9942=CARTESIAN_POINT('',(-7.50000030547393,12.0252489058911,88.818459999632));
#9943=UNCERTAINTY_MEASURE_WITH_UNIT(LENGTH_MEASURE(0.01),#9953,
'DISTANCE_ACCURACY_VALUE',
'Maximum model space distance between geometric entities at asserted c
onnectivities');
#9944=UNCERTAINTY_MEASURE_WITH_UNIT(LENGTH_MEASURE(0.01),#9953,
'DISTANCE_ACCURACY_VALUE',
'Maximum model space distance between geometric entities at asserted c
onnectivities');
#9945=UNCERTAINTY_MEASURE_WITH_UNIT(LENGTH_MEASURE(0.01),#9953,
'DISTANCE_ACCURACY_VALUE',
'Maximum model space distance between geometric entities at asserted c
onnectivities');
#9946=UNCERTAINTY_MEASURE_WITH_UNIT(LENGTH_MEASURE(0.01),#9953,
'DISTANCE_ACCURACY_VALUE',
'Maximum model space distance between geometric entities at asserted c
onnectivities');
#9947=UNCERTAINTY_MEASURE_WITH_UNIT(LENGTH_MEASURE(0.01),#9953,
'DISTANCE_ACCURACY_VALUE',
'Maximum model space distance between geometric entities at asserted c
onnectivities');
#9948=(
GEOMETRIC_REPRESENTATION_CONTEXT(3)
GLOBAL_UNCERTAINTY_ASSIGNED_CONTEXT((#9943))
GLOBAL_UNIT_ASSIGNED_CONTEXT((#9953,#9955,#9956))
REPRESENTATION_CONTEXT('','3D')
);
#9949=(
GEOMETRIC_REPRESENTATION_CONTEXT(3)
GLOBAL_UNCERTAINTY_ASSIGNED_CONTEXT((#9944))
GLOBAL_UNIT_ASSIGNED_CONTEXT((#9953,#9955,#9956))
REPRESENTATION_CONTEXT('','3D')
);
#9950=(
GEOMETRIC_REPRESENTATION_CONTEXT(3)
GLOBAL_UNCERTAINTY_ASSIGNED_CONTEXT((#9945))
GLOBAL_UNIT_ASSIGNED_CONTEXT((#9953,#9955,#9956))
REPRESENTATION_CONTEXT('','3D')
);
#9951=(
GEOMETRIC_REPRESENTATION_CONTEXT(3)
GLOBAL_UNCERTAINTY_ASSIGNED_CONTEXT((#9946))
GLOBAL_UNIT_ASSIGNED_CONTEXT((#9953,#9955,#9956))
REPRESENTATION_CONTEXT('','3D')
);
#9952=(
GEOMETRIC_REPRESENTATION_CONTEXT(3)
GLOBAL_UNCERTAINTY_ASSIGNED_CONTEXT((#9947))
GLOBAL_UNIT_ASSIGNED_CONTEXT((#9953,#9955,#9956))
REPRESENTATION_CONTEXT('','3D')
);
#9953=(
LENGTH_UNIT()
NAMED_UNIT(*)
SI_UNIT(.MILLI.,.METRE.)
);
#9954=(
LENGTH_UNIT()
NAMED_UNIT(*)
SI_UNIT($,.METRE.)
);
#9955=(
NAMED_UNIT(*)
PLANE_ANGLE_UNIT()
SI_UNIT($,.RADIAN.)
);
#9956=(
NAMED_UNIT(*)
SI_UNIT($,.STERADIAN.)
SOLID_ANGLE_UNIT()
);
#9957=SHAPE_DEFINITION_REPRESENTATION(#9961,#9968);
#9958=SHAPE_DEFINITION_REPRESENTATION(#9962,#9969);
#9959=SHAPE_DEFINITION_REPRESENTATION(#9963,#9970);
#9960=SHAPE_DEFINITION_REPRESENTATION(#9964,#9971);
#9961=PRODUCT_DEFINITION_SHAPE('',$,#9973);
#9962=PRODUCT_DEFINITION_SHAPE('',$,#9974);
#9963=PRODUCT_DEFINITION_SHAPE('',$,#9975);
#9964=PRODUCT_DEFINITION_SHAPE('',$,#9976);
#9965=PRODUCT_DEFINITION_SHAPE($,$,#20);
#9966=PRODUCT_DEFINITION_SHAPE($,$,#21);
#9967=PRODUCT_DEFINITION_SHAPE($,$,#22);
#9968=SHAPE_REPRESENTATION('',(#5363,#6024,#6025,#6026),#9948);
#9969=SHAPE_REPRESENTATION('',(#5364),#9949);
#9970=SHAPE_REPRESENTATION('',(#5432),#9950);
#9971=SHAPE_REPRESENTATION('',(#5762),#9951);
#9972=PRODUCT_DEFINITION_CONTEXT('part definition',#9986,'design');
#9973=PRODUCT_DEFINITION('2026-07-03-12-04-46-597','asdf',#9977,#9972);
#9974=PRODUCT_DEFINITION('2026-07-03-11-44-18-246','Prueba 1',#9978,#9972);
#9975=PRODUCT_DEFINITION('2026-07-04-19-48-24-137','soporte',#9979,#9972);
#9976=PRODUCT_DEFINITION('2026-07-03-11-49-51-623','Prueba 2',#9980,#9972);
#9977=PRODUCT_DEFINITION_FORMATION('',$,#9988);
#9978=PRODUCT_DEFINITION_FORMATION('',$,#9989);
#9979=PRODUCT_DEFINITION_FORMATION('',$,#9990);
#9980=PRODUCT_DEFINITION_FORMATION('',$,#9991);
#9981=PRODUCT_RELATED_PRODUCT_CATEGORY('asdf','asdf',(#9988));
#9982=PRODUCT_RELATED_PRODUCT_CATEGORY('Prueba 1','Prueba 1',(#9989));
#9983=PRODUCT_RELATED_PRODUCT_CATEGORY('soporte','soporte',(#9990));
#9984=PRODUCT_RELATED_PRODUCT_CATEGORY('Prueba 2','Prueba 2',(#9991));
#9985=APPLICATION_PROTOCOL_DEFINITION('international standard',
'automotive_design',2009,#9986);
#9986=APPLICATION_CONTEXT(
'Core Data for Automotive Mechanical Design Process');
#9987=PRODUCT_CONTEXT('part definition',#9986,'mechanical');
#9988=PRODUCT('2026-07-03-12-04-46-597','asdf',$,(#9987));
#9989=PRODUCT('2026-07-03-11-44-18-246','Prueba 1',$,(#9987));
#9990=PRODUCT('2026-07-04-19-48-24-137','soporte',$,(#9987));
#9991=PRODUCT('2026-07-03-11-49-51-623','Prueba 2',$,(#9987));
#9992=PRESENTATION_STYLE_ASSIGNMENT((#9993));
#9993=SURFACE_STYLE_USAGE(.BOTH.,#9994);
#9994=SURFACE_SIDE_STYLE('',(#9995));
#9995=SURFACE_STYLE_FILL_AREA(#9996);
#9996=FILL_AREA_STYLE('Acero - Satinado',(#9997));
#9997=FILL_AREA_STYLE_COLOUR('Acero - Satinado',#9998);
#9998=COLOUR_RGB('Acero - Satinado',0.627450980392157,0.627450980392157,
0.627450980392157);
ENDSEC;
END-ISO-10303-21;
