ISO-10303-21;
HEADER;
/* Generated by software containing ST-Developer
 * from STEP Tools, Inc. (www.steptools.com) 
 */

FILE_DESCRIPTION(
/* description */ (''),
/* implementation_level */ '2;1');

FILE_NAME(
/* name */ 'base.step',
/* time_stamp */ '2026-09-16T17:25:47+02:00',
/* author */ (''),
/* organization */ (''),
/* preprocessor_version */ 'ST-DEVELOPER v20.2',
/* originating_system */ 'Autodesk Translation Framework v15.15.0.0',
/* authorisation */ '');

FILE_SCHEMA (('AUTOMOTIVE_DESIGN { 1 0 10303 214 3 1 1 }'));
ENDSEC;

DATA;
#10=MECHANICAL_DESIGN_GEOMETRIC_PRESENTATION_REPRESENTATION('',(#13),#4847);
#11=SHAPE_REPRESENTATION_RELATIONSHIP('SRR','None',#4854,#12);
#12=ADVANCED_BREP_SHAPE_REPRESENTATION('',(#14),#4846);
#13=STYLED_ITEM('',(#4863),#14);
#14=MANIFOLD_SOLID_BREP('Cuerpo1',#2651);
#15=(
BOUNDED_SURFACE()
B_SPLINE_SURFACE(2,2,((#4649,#4650,#4651),(#4652,#4653,#4654),(#4655,#4656,
#4657)),.UNSPECIFIED.,.F.,.F.,.F.)
B_SPLINE_SURFACE_WITH_KNOTS((3,3),(3,3),(-1.5707963267949,2.22044604925031E-15),
(1.5707963267949,2.23639314778171),.UNSPECIFIED.)
GEOMETRIC_REPRESENTATION_ITEM()
RATIONAL_B_SPLINE_SURFACE(((1.,0.945131835026668,1.),(0.707106781186545,
0.66830912966264,0.707106781186545),(1.,0.945131835026668,1.)))
REPRESENTATION_ITEM('')
SURFACE()
);
#16=(
BOUNDED_SURFACE()
B_SPLINE_SURFACE(2,2,((#4676,#4677,#4678),(#4679,#4680,#4681),(#4682,#4683,
#4684)),.UNSPECIFIED.,.F.,.F.,.F.)
B_SPLINE_SURFACE_WITH_KNOTS((3,3),(3,3),(-1.5707963267949,0.),(0.905199505808086,
1.5707963267949),.UNSPECIFIED.)
GEOMETRIC_REPRESENTATION_ITEM()
RATIONAL_B_SPLINE_SURFACE(((1.,0.945131835026668,1.),(0.707106781186547,
0.668309129662642,0.707106781186547),(1.,0.945131835026668,1.)))
REPRESENTATION_ITEM('')
SURFACE()
);
#17=(
BOUNDED_SURFACE()
B_SPLINE_SURFACE(2,2,((#4740,#4741,#4742),(#4743,#4744,#4745),(#4746,#4747,
#4748)),.UNSPECIFIED.,.F.,.F.,.F.)
B_SPLINE_SURFACE_WITH_KNOTS((3,3),(3,3),(-1.5707963267949,2.22044604925031E-15),
(-2.2363931477817,-1.5707963267949),.UNSPECIFIED.)
GEOMETRIC_REPRESENTATION_ITEM()
RATIONAL_B_SPLINE_SURFACE(((1.,0.945131835026669,1.),(0.707106781186544,
0.66830912966264,0.707106781186544),(1.,0.945131835026669,1.)))
REPRESENTATION_ITEM('')
SURFACE()
);
#18=(
BOUNDED_SURFACE()
B_SPLINE_SURFACE(2,2,((#4765,#4766,#4767),(#4768,#4769,#4770),(#4771,#4772,
#4773)),.UNSPECIFIED.,.F.,.F.,.F.)
B_SPLINE_SURFACE_WITH_KNOTS((3,3),(3,3),(-1.5707963267949,0.),(-1.5707963267949,
-0.905199505808089),.UNSPECIFIED.)
GEOMETRIC_REPRESENTATION_ITEM()
RATIONAL_B_SPLINE_SURFACE(((1.,0.945131835026669,1.),(0.707106781186547,
0.668309129662643,0.707106781186547),(1.,0.945131835026669,1.)))
REPRESENTATION_ITEM('')
SURFACE()
);
#19=B_SPLINE_CURVE_WITH_KNOTS('',3,(#4454,#4455,#4456,#4457,#4458,#4459,
#4460,#4461,#4462,#4463,#4464,#4465),.UNSPECIFIED.,.F.,.F.,(4,2,2,2,2,4),
(-0.156707532954441,-0.136552462244358,-0.116401574046376,-0.0775123365725976,
-0.0385908846067611,0.),.UNSPECIFIED.);
#20=B_SPLINE_CURVE_WITH_KNOTS('',3,(#4474,#4475,#4476,#4477,#4478,#4479,
#4480,#4481,#4482,#4483,#4484,#4485),.UNSPECIFIED.,.F.,.F.,(4,2,2,2,2,4),
(-0.157256235257121,-0.137174839178741,-0.117105562947758,-0.0780655988848644,
-0.0390410310130621,0.),.UNSPECIFIED.);
#21=B_SPLINE_CURVE_WITH_KNOTS('',3,(#4698,#4699,#4700,#4701,#4702,#4703,
#4704,#4705,#4706,#4707,#4708,#4709),.UNSPECIFIED.,.F.,.F.,(4,2,2,2,2,4),
(-0.156707532954436,-0.136552462244368,-0.11640157404639,-0.077512336572605,
-0.0385908846067656,0.),.UNSPECIFIED.);
#22=B_SPLINE_CURVE_WITH_KNOTS('',3,(#4789,#4790,#4791,#4792,#4793,#4794,
#4795,#4796,#4797,#4798,#4799,#4800),.UNSPECIFIED.,.F.,.F.,(4,2,2,2,2,4),
(-0.157256235257076,-0.137174839178705,-0.117105562947729,-0.0780655988848481,
-0.0390410310130564,0.),.UNSPECIFIED.);
#23=B_SPLINE_SURFACE_WITH_KNOTS('',3,3,((#4284,#4285,#4286,#4287,#4288,
#4289),(#4290,#4291,#4292,#4293,#4294,#4295),(#4296,#4297,#4298,#4299,#4300,
#4301),(#4302,#4303,#4304,#4305,#4306,#4307),(#4308,#4309,#4310,#4311,#4312,
#4313),(#4314,#4315,#4316,#4317,#4318,#4319)),.UNSPECIFIED.,.F.,.F.,.F.,
(4,1,1,4),(4,1,1,4),(0.,0.285714285714286,0.571428571428571,1.),(-0.461921220490064,
0.209795532987857,0.657606701973137,1.10541787095842),.UNSPECIFIED.);
#24=B_SPLINE_SURFACE_WITH_KNOTS('',3,3,((#4327,#4328,#4329,#4330,#4331,
#4332),(#4333,#4334,#4335,#4336,#4337,#4338),(#4339,#4340,#4341,#4342,#4343,
#4344),(#4345,#4346,#4347,#4348,#4349,#4350),(#4351,#4352,#4353,#4354,#4355,
#4356),(#4357,#4358,#4359,#4360,#4361,#4362)),.UNSPECIFIED.,.F.,.F.,.F.,
(4,1,1,4),(4,1,1,4),(0.,0.285714285714286,0.571428571428571,1.),(-1.1054178709584,
-0.657606701973121,-0.209795532987841,0.461921220490079),.UNSPECIFIED.);
#25=B_SPLINE_SURFACE_WITH_KNOTS('',3,3,((#4370,#4371,#4372,#4373,#4374,
#4375),(#4376,#4377,#4378,#4379,#4380,#4381),(#4382,#4383,#4384,#4385,#4386,
#4387),(#4388,#4389,#4390,#4391,#4392,#4393),(#4394,#4395,#4396,#4397,#4398,
#4399),(#4400,#4401,#4402,#4403,#4404,#4405)),.UNSPECIFIED.,.F.,.F.,.F.,
(4,1,1,4),(4,1,1,4),(0.,0.285714285714286,0.571428571428571,1.),(-0.461921220490063,
0.209795532987856,0.657606701973135,1.10541787095841),.UNSPECIFIED.);
#26=B_SPLINE_SURFACE_WITH_KNOTS('',3,3,((#4413,#4414,#4415,#4416,#4417,
#4418),(#4419,#4420,#4421,#4422,#4423,#4424),(#4425,#4426,#4427,#4428,#4429,
#4430),(#4431,#4432,#4433,#4434,#4435,#4436),(#4437,#4438,#4439,#4440,#4441,
#4442),(#4443,#4444,#4445,#4446,#4447,#4448)),.UNSPECIFIED.,.F.,.F.,.F.,
(4,1,1,4),(4,1,1,4),(0.,0.285714285714286,0.571428571428571,1.),(-1.10541787095839,
-0.433701117480476,0.0141100515048016,0.46192122049008),.UNSPECIFIED.);
#27=CONICAL_SURFACE('',#2749,1.75000000000001,0.785398163397457);
#28=CONICAL_SURFACE('',#2754,1.75000000000001,0.785398163397457);
#29=CONICAL_SURFACE('',#2759,1.74999999999999,0.785398163397448);
#30=CONICAL_SURFACE('',#2764,1.74999999999999,0.785398163397448);
#31=TOROIDAL_SURFACE('',#2699,5.,2.);
#32=TOROIDAL_SURFACE('',#2705,5.,2.);
#33=TOROIDAL_SURFACE('',#2710,5.,2.);
#34=TOROIDAL_SURFACE('',#2715,5.,2.);
#35=TOROIDAL_SURFACE('',#2769,2.99999999999999,1.);
#36=TOROIDAL_SURFACE('',#2773,3.,1.);
#37=TOROIDAL_SURFACE('',#2777,2.99999999999999,1.);
#38=TOROIDAL_SURFACE('',#2781,3.,1.);
#39=TOROIDAL_SURFACE('',#2858,7.,1.);
#40=TOROIDAL_SURFACE('',#2864,3.,1.);
#41=TOROIDAL_SURFACE('',#2870,4.00000007450581,1.);
#42=TOROIDAL_SURFACE('',#2876,3.,1.);
#43=TOROIDAL_SURFACE('',#2882,7.,1.);
#44=TOROIDAL_SURFACE('',#2888,3.,1.);
#45=TOROIDAL_SURFACE('',#2894,4.00000007450581,1.);
#46=TOROIDAL_SURFACE('',#2900,3.,1.);
#47=TOROIDAL_SURFACE('',#2915,3.,1.);
#48=TOROIDAL_SURFACE('',#2926,4.00000007450581,1.);
#49=TOROIDAL_SURFACE('',#2935,3.,1.);
#50=TOROIDAL_SURFACE('',#2947,3.,1.);
#51=TOROIDAL_SURFACE('',#2956,4.00000007450581,1.);
#52=TOROIDAL_SURFACE('',#2966,3.,1.);
#53=FACE_BOUND('',#303,.T.);
#54=FACE_BOUND('',#304,.T.);
#55=FACE_BOUND('',#305,.T.);
#56=FACE_BOUND('',#306,.T.);
#57=FACE_BOUND('',#307,.T.);
#58=FACE_BOUND('',#308,.T.);
#59=FACE_BOUND('',#309,.T.);
#60=FACE_BOUND('',#310,.T.);
#61=FACE_BOUND('',#332,.T.);
#62=FACE_BOUND('',#378,.T.);
#63=FACE_BOUND('',#379,.T.);
#64=FACE_BOUND('',#389,.T.);
#65=FACE_BOUND('',#390,.T.);
#66=FACE_BOUND('',#425,.T.);
#67=FACE_BOUND('',#454,.T.);
#68=FACE_BOUND('',#463,.T.);
#69=FACE_BOUND('',#472,.T.);
#70=PLANE('',#2672);
#71=PLANE('',#2673);
#72=PLANE('',#2674);
#73=PLANE('',#2682);
#74=PLANE('',#2719);
#75=PLANE('',#2722);
#76=PLANE('',#2728);
#77=PLANE('',#2732);
#78=PLANE('',#2736);
#79=PLANE('',#2740);
#80=PLANE('',#2741);
#81=PLANE('',#2745);
#82=PLANE('',#2747);
#83=PLANE('',#2748);
#84=PLANE('',#2785);
#85=PLANE('',#2786);
#86=PLANE('',#2787);
#87=PLANE('',#2788);
#88=PLANE('',#2791);
#89=PLANE('',#2796);
#90=PLANE('',#2802);
#91=PLANE('',#2806);
#92=PLANE('',#2810);
#93=PLANE('',#2814);
#94=PLANE('',#2815);
#95=PLANE('',#2816);
#96=PLANE('',#2817);
#97=PLANE('',#2818);
#98=PLANE('',#2819);
#99=PLANE('',#2820);
#100=PLANE('',#2821);
#101=PLANE('',#2822);
#102=PLANE('',#2823);
#103=PLANE('',#2824);
#104=PLANE('',#2825);
#105=PLANE('',#2826);
#106=PLANE('',#2827);
#107=PLANE('',#2828);
#108=PLANE('',#2829);
#109=PLANE('',#2847);
#110=PLANE('',#2849);
#111=PLANE('',#2852);
#112=PLANE('',#2853);
#113=PLANE('',#2854);
#114=PLANE('',#2903);
#115=PLANE('',#2910);
#116=PLANE('',#2940);
#117=PLANE('',#2943);
#118=PLANE('',#2972);
#119=PLANE('',#2975);
#120=PLANE('',#2977);
#121=PLANE('',#2978);
#122=PLANE('',#2979);
#123=PLANE('',#2981);
#124=PLANE('',#2984);
#125=PLANE('',#2986);
#126=PLANE('',#2988);
#127=PLANE('',#2991);
#128=FACE_OUTER_BOUND('',#293,.T.);
#129=FACE_OUTER_BOUND('',#294,.T.);
#130=FACE_OUTER_BOUND('',#295,.T.);
#131=FACE_OUTER_BOUND('',#296,.T.);
#132=FACE_OUTER_BOUND('',#297,.T.);
#133=FACE_OUTER_BOUND('',#298,.T.);
#134=FACE_OUTER_BOUND('',#299,.T.);
#135=FACE_OUTER_BOUND('',#300,.T.);
#136=FACE_OUTER_BOUND('',#301,.T.);
#137=FACE_OUTER_BOUND('',#302,.T.);
#138=FACE_OUTER_BOUND('',#311,.T.);
#139=FACE_OUTER_BOUND('',#312,.T.);
#140=FACE_OUTER_BOUND('',#313,.T.);
#141=FACE_OUTER_BOUND('',#314,.T.);
#142=FACE_OUTER_BOUND('',#315,.T.);
#143=FACE_OUTER_BOUND('',#316,.T.);
#144=FACE_OUTER_BOUND('',#317,.T.);
#145=FACE_OUTER_BOUND('',#318,.T.);
#146=FACE_OUTER_BOUND('',#319,.T.);
#147=FACE_OUTER_BOUND('',#320,.T.);
#148=FACE_OUTER_BOUND('',#321,.T.);
#149=FACE_OUTER_BOUND('',#322,.T.);
#150=FACE_OUTER_BOUND('',#323,.T.);
#151=FACE_OUTER_BOUND('',#324,.T.);
#152=FACE_OUTER_BOUND('',#325,.T.);
#153=FACE_OUTER_BOUND('',#326,.T.);
#154=FACE_OUTER_BOUND('',#327,.T.);
#155=FACE_OUTER_BOUND('',#328,.T.);
#156=FACE_OUTER_BOUND('',#329,.T.);
#157=FACE_OUTER_BOUND('',#330,.T.);
#158=FACE_OUTER_BOUND('',#331,.T.);
#159=FACE_OUTER_BOUND('',#333,.T.);
#160=FACE_OUTER_BOUND('',#334,.T.);
#161=FACE_OUTER_BOUND('',#335,.T.);
#162=FACE_OUTER_BOUND('',#336,.T.);
#163=FACE_OUTER_BOUND('',#337,.T.);
#164=FACE_OUTER_BOUND('',#338,.T.);
#165=FACE_OUTER_BOUND('',#339,.T.);
#166=FACE_OUTER_BOUND('',#340,.T.);
#167=FACE_OUTER_BOUND('',#341,.T.);
#168=FACE_OUTER_BOUND('',#342,.T.);
#169=FACE_OUTER_BOUND('',#343,.T.);
#170=FACE_OUTER_BOUND('',#344,.T.);
#171=FACE_OUTER_BOUND('',#345,.T.);
#172=FACE_OUTER_BOUND('',#346,.T.);
#173=FACE_OUTER_BOUND('',#347,.T.);
#174=FACE_OUTER_BOUND('',#348,.T.);
#175=FACE_OUTER_BOUND('',#349,.T.);
#176=FACE_OUTER_BOUND('',#350,.T.);
#177=FACE_OUTER_BOUND('',#351,.T.);
#178=FACE_OUTER_BOUND('',#352,.T.);
#179=FACE_OUTER_BOUND('',#353,.T.);
#180=FACE_OUTER_BOUND('',#354,.T.);
#181=FACE_OUTER_BOUND('',#355,.T.);
#182=FACE_OUTER_BOUND('',#356,.T.);
#183=FACE_OUTER_BOUND('',#357,.T.);
#184=FACE_OUTER_BOUND('',#358,.T.);
#185=FACE_OUTER_BOUND('',#359,.T.);
#186=FACE_OUTER_BOUND('',#360,.T.);
#187=FACE_OUTER_BOUND('',#361,.T.);
#188=FACE_OUTER_BOUND('',#362,.T.);
#189=FACE_OUTER_BOUND('',#363,.T.);
#190=FACE_OUTER_BOUND('',#364,.T.);
#191=FACE_OUTER_BOUND('',#365,.T.);
#192=FACE_OUTER_BOUND('',#366,.T.);
#193=FACE_OUTER_BOUND('',#367,.T.);
#194=FACE_OUTER_BOUND('',#368,.T.);
#195=FACE_OUTER_BOUND('',#369,.T.);
#196=FACE_OUTER_BOUND('',#370,.T.);
#197=FACE_OUTER_BOUND('',#371,.T.);
#198=FACE_OUTER_BOUND('',#372,.T.);
#199=FACE_OUTER_BOUND('',#373,.T.);
#200=FACE_OUTER_BOUND('',#374,.T.);
#201=FACE_OUTER_BOUND('',#375,.T.);
#202=FACE_OUTER_BOUND('',#376,.T.);
#203=FACE_OUTER_BOUND('',#377,.T.);
#204=FACE_OUTER_BOUND('',#380,.T.);
#205=FACE_OUTER_BOUND('',#381,.T.);
#206=FACE_OUTER_BOUND('',#382,.T.);
#207=FACE_OUTER_BOUND('',#383,.T.);
#208=FACE_OUTER_BOUND('',#384,.T.);
#209=FACE_OUTER_BOUND('',#385,.T.);
#210=FACE_OUTER_BOUND('',#386,.T.);
#211=FACE_OUTER_BOUND('',#387,.T.);
#212=FACE_OUTER_BOUND('',#388,.T.);
#213=FACE_OUTER_BOUND('',#391,.T.);
#214=FACE_OUTER_BOUND('',#392,.T.);
#215=FACE_OUTER_BOUND('',#393,.T.);
#216=FACE_OUTER_BOUND('',#394,.T.);
#217=FACE_OUTER_BOUND('',#395,.T.);
#218=FACE_OUTER_BOUND('',#396,.T.);
#219=FACE_OUTER_BOUND('',#397,.T.);
#220=FACE_OUTER_BOUND('',#398,.T.);
#221=FACE_OUTER_BOUND('',#399,.T.);
#222=FACE_OUTER_BOUND('',#400,.T.);
#223=FACE_OUTER_BOUND('',#401,.T.);
#224=FACE_OUTER_BOUND('',#402,.T.);
#225=FACE_OUTER_BOUND('',#403,.T.);
#226=FACE_OUTER_BOUND('',#404,.T.);
#227=FACE_OUTER_BOUND('',#405,.T.);
#228=FACE_OUTER_BOUND('',#406,.T.);
#229=FACE_OUTER_BOUND('',#407,.T.);
#230=FACE_OUTER_BOUND('',#408,.T.);
#231=FACE_OUTER_BOUND('',#409,.T.);
#232=FACE_OUTER_BOUND('',#410,.T.);
#233=FACE_OUTER_BOUND('',#411,.T.);
#234=FACE_OUTER_BOUND('',#412,.T.);
#235=FACE_OUTER_BOUND('',#413,.T.);
#236=FACE_OUTER_BOUND('',#414,.T.);
#237=FACE_OUTER_BOUND('',#415,.T.);
#238=FACE_OUTER_BOUND('',#416,.T.);
#239=FACE_OUTER_BOUND('',#417,.T.);
#240=FACE_OUTER_BOUND('',#418,.T.);
#241=FACE_OUTER_BOUND('',#419,.T.);
#242=FACE_OUTER_BOUND('',#420,.T.);
#243=FACE_OUTER_BOUND('',#421,.T.);
#244=FACE_OUTER_BOUND('',#422,.T.);
#245=FACE_OUTER_BOUND('',#423,.T.);
#246=FACE_OUTER_BOUND('',#424,.T.);
#247=FACE_OUTER_BOUND('',#426,.T.);
#248=FACE_OUTER_BOUND('',#427,.T.);
#249=FACE_OUTER_BOUND('',#428,.T.);
#250=FACE_OUTER_BOUND('',#429,.T.);
#251=FACE_OUTER_BOUND('',#430,.T.);
#252=FACE_OUTER_BOUND('',#431,.T.);
#253=FACE_OUTER_BOUND('',#432,.T.);
#254=FACE_OUTER_BOUND('',#433,.T.);
#255=FACE_OUTER_BOUND('',#434,.T.);
#256=FACE_OUTER_BOUND('',#435,.T.);
#257=FACE_OUTER_BOUND('',#436,.T.);
#258=FACE_OUTER_BOUND('',#437,.T.);
#259=FACE_OUTER_BOUND('',#438,.T.);
#260=FACE_OUTER_BOUND('',#439,.T.);
#261=FACE_OUTER_BOUND('',#440,.T.);
#262=FACE_OUTER_BOUND('',#441,.T.);
#263=FACE_OUTER_BOUND('',#442,.T.);
#264=FACE_OUTER_BOUND('',#443,.T.);
#265=FACE_OUTER_BOUND('',#444,.T.);
#266=FACE_OUTER_BOUND('',#445,.T.);
#267=FACE_OUTER_BOUND('',#446,.T.);
#268=FACE_OUTER_BOUND('',#447,.T.);
#269=FACE_OUTER_BOUND('',#448,.T.);
#270=FACE_OUTER_BOUND('',#449,.T.);
#271=FACE_OUTER_BOUND('',#450,.T.);
#272=FACE_OUTER_BOUND('',#451,.T.);
#273=FACE_OUTER_BOUND('',#452,.T.);
#274=FACE_OUTER_BOUND('',#453,.T.);
#275=FACE_OUTER_BOUND('',#455,.T.);
#276=FACE_OUTER_BOUND('',#456,.T.);
#277=FACE_OUTER_BOUND('',#457,.T.);
#278=FACE_OUTER_BOUND('',#458,.T.);
#279=FACE_OUTER_BOUND('',#459,.T.);
#280=FACE_OUTER_BOUND('',#460,.T.);
#281=FACE_OUTER_BOUND('',#461,.T.);
#282=FACE_OUTER_BOUND('',#462,.T.);
#283=FACE_OUTER_BOUND('',#464,.T.);
#284=FACE_OUTER_BOUND('',#465,.T.);
#285=FACE_OUTER_BOUND('',#466,.T.);
#286=FACE_OUTER_BOUND('',#467,.T.);
#287=FACE_OUTER_BOUND('',#468,.T.);
#288=FACE_OUTER_BOUND('',#469,.T.);
#289=FACE_OUTER_BOUND('',#470,.T.);
#290=FACE_OUTER_BOUND('',#471,.T.);
#291=FACE_OUTER_BOUND('',#473,.T.);
#292=FACE_OUTER_BOUND('',#474,.T.);
#293=EDGE_LOOP('',(#1657,#1658,#1659,#1660));
#294=EDGE_LOOP('',(#1661,#1662,#1663,#1664));
#295=EDGE_LOOP('',(#1665,#1666,#1667,#1668));
#296=EDGE_LOOP('',(#1669,#1670,#1671,#1672));
#297=EDGE_LOOP('',(#1673,#1674,#1675,#1676,#1677,#1678,#1679,#1680));
#298=EDGE_LOOP('',(#1681,#1682,#1683,#1684));
#299=EDGE_LOOP('',(#1685,#1686,#1687,#1688));
#300=EDGE_LOOP('',(#1689,#1690,#1691,#1692));
#301=EDGE_LOOP('',(#1693,#1694,#1695,#1696));
#302=EDGE_LOOP('',(#1697,#1698,#1699,#1700,#1701,#1702,#1703,#1704));
#303=EDGE_LOOP('',(#1705,#1706,#1707,#1708));
#304=EDGE_LOOP('',(#1709,#1710,#1711,#1712,#1713,#1714,#1715,#1716));
#305=EDGE_LOOP('',(#1717));
#306=EDGE_LOOP('',(#1718));
#307=EDGE_LOOP('',(#1719,#1720,#1721,#1722,#1723,#1724,#1725,#1726));
#308=EDGE_LOOP('',(#1727,#1728,#1729,#1730));
#309=EDGE_LOOP('',(#1731));
#310=EDGE_LOOP('',(#1732));
#311=EDGE_LOOP('',(#1733,#1734,#1735,#1736));
#312=EDGE_LOOP('',(#1737,#1738,#1739,#1740));
#313=EDGE_LOOP('',(#1741,#1742,#1743,#1744));
#314=EDGE_LOOP('',(#1745,#1746,#1747,#1748));
#315=EDGE_LOOP('',(#1749,#1750,#1751,#1752));
#316=EDGE_LOOP('',(#1753,#1754,#1755,#1756));
#317=EDGE_LOOP('',(#1757,#1758,#1759,#1760));
#318=EDGE_LOOP('',(#1761,#1762,#1763,#1764));
#319=EDGE_LOOP('',(#1765,#1766,#1767,#1768));
#320=EDGE_LOOP('',(#1769,#1770,#1771,#1772));
#321=EDGE_LOOP('',(#1773,#1774,#1775,#1776));
#322=EDGE_LOOP('',(#1777,#1778,#1779,#1780));
#323=EDGE_LOOP('',(#1781,#1782,#1783,#1784));
#324=EDGE_LOOP('',(#1785,#1786,#1787,#1788));
#325=EDGE_LOOP('',(#1789,#1790,#1791,#1792));
#326=EDGE_LOOP('',(#1793,#1794,#1795,#1796));
#327=EDGE_LOOP('',(#1797,#1798,#1799,#1800));
#328=EDGE_LOOP('',(#1801,#1802,#1803,#1804));
#329=EDGE_LOOP('',(#1805,#1806,#1807,#1808));
#330=EDGE_LOOP('',(#1809,#1810,#1811,#1812));
#331=EDGE_LOOP('',(#1813,#1814,#1815,#1816,#1817,#1818,#1819,#1820));
#332=EDGE_LOOP('',(#1821,#1822,#1823,#1824,#1825,#1826,#1827,#1828));
#333=EDGE_LOOP('',(#1829,#1830,#1831,#1832));
#334=EDGE_LOOP('',(#1833,#1834,#1835,#1836));
#335=EDGE_LOOP('',(#1837,#1838,#1839,#1840));
#336=EDGE_LOOP('',(#1841,#1842,#1843,#1844));
#337=EDGE_LOOP('',(#1845,#1846,#1847,#1848,#1849,#1850,#1851,#1852));
#338=EDGE_LOOP('',(#1853,#1854,#1855,#1856));
#339=EDGE_LOOP('',(#1857,#1858,#1859,#1860));
#340=EDGE_LOOP('',(#1861,#1862,#1863,#1864));
#341=EDGE_LOOP('',(#1865,#1866,#1867,#1868));
#342=EDGE_LOOP('',(#1869,#1870,#1871,#1872));
#343=EDGE_LOOP('',(#1873,#1874,#1875,#1876));
#344=EDGE_LOOP('',(#1877,#1878,#1879,#1880));
#345=EDGE_LOOP('',(#1881,#1882,#1883,#1884));
#346=EDGE_LOOP('',(#1885,#1886,#1887,#1888));
#347=EDGE_LOOP('',(#1889,#1890,#1891,#1892));
#348=EDGE_LOOP('',(#1893,#1894,#1895,#1896));
#349=EDGE_LOOP('',(#1897,#1898,#1899,#1900));
#350=EDGE_LOOP('',(#1901,#1902,#1903,#1904));
#351=EDGE_LOOP('',(#1905,#1906,#1907,#1908));
#352=EDGE_LOOP('',(#1909,#1910,#1911,#1912));
#353=EDGE_LOOP('',(#1913,#1914,#1915,#1916));
#354=EDGE_LOOP('',(#1917));
#355=EDGE_LOOP('',(#1918));
#356=EDGE_LOOP('',(#1919));
#357=EDGE_LOOP('',(#1920));
#358=EDGE_LOOP('',(#1921,#1922,#1923,#1924));
#359=EDGE_LOOP('',(#1925,#1926,#1927,#1928));
#360=EDGE_LOOP('',(#1929,#1930,#1931,#1932));
#361=EDGE_LOOP('',(#1933,#1934,#1935,#1936));
#362=EDGE_LOOP('',(#1937,#1938,#1939,#1940));
#363=EDGE_LOOP('',(#1941,#1942,#1943,#1944));
#364=EDGE_LOOP('',(#1945,#1946,#1947,#1948));
#365=EDGE_LOOP('',(#1949));
#366=EDGE_LOOP('',(#1950,#1951,#1952,#1953));
#367=EDGE_LOOP('',(#1954));
#368=EDGE_LOOP('',(#1955,#1956,#1957,#1958));
#369=EDGE_LOOP('',(#1959));
#370=EDGE_LOOP('',(#1960,#1961,#1962,#1963));
#371=EDGE_LOOP('',(#1964));
#372=EDGE_LOOP('',(#1965,#1966,#1967,#1968));
#373=EDGE_LOOP('',(#1969,#1970,#1971,#1972));
#374=EDGE_LOOP('',(#1973,#1974,#1975,#1976));
#375=EDGE_LOOP('',(#1977,#1978,#1979,#1980));
#376=EDGE_LOOP('',(#1981,#1982,#1983,#1984));
#377=EDGE_LOOP('',(#1985,#1986,#1987,#1988,#1989,#1990,#1991,#1992,#1993,
#1994));
#378=EDGE_LOOP('',(#1995));
#379=EDGE_LOOP('',(#1996));
#380=EDGE_LOOP('',(#1997,#1998,#1999,#2000));
#381=EDGE_LOOP('',(#2001,#2002,#2003,#2004));
#382=EDGE_LOOP('',(#2005,#2006,#2007,#2008));
#383=EDGE_LOOP('',(#2009,#2010,#2011,#2012));
#384=EDGE_LOOP('',(#2013,#2014,#2015,#2016));
#385=EDGE_LOOP('',(#2017,#2018,#2019,#2020));
#386=EDGE_LOOP('',(#2021,#2022,#2023,#2024));
#387=EDGE_LOOP('',(#2025,#2026,#2027,#2028,#2029,#2030,#2031,#2032));
#388=EDGE_LOOP('',(#2033,#2034,#2035,#2036,#2037,#2038,#2039,#2040,#2041,
#2042));
#389=EDGE_LOOP('',(#2043));
#390=EDGE_LOOP('',(#2044));
#391=EDGE_LOOP('',(#2045,#2046,#2047,#2048));
#392=EDGE_LOOP('',(#2049,#2050,#2051,#2052));
#393=EDGE_LOOP('',(#2053,#2054,#2055,#2056));
#394=EDGE_LOOP('',(#2057,#2058,#2059,#2060));
#395=EDGE_LOOP('',(#2061,#2062,#2063,#2064));
#396=EDGE_LOOP('',(#2065,#2066,#2067,#2068));
#397=EDGE_LOOP('',(#2069,#2070,#2071,#2072));
#398=EDGE_LOOP('',(#2073,#2074,#2075,#2076));
#399=EDGE_LOOP('',(#2077,#2078,#2079,#2080));
#400=EDGE_LOOP('',(#2081,#2082,#2083,#2084));
#401=EDGE_LOOP('',(#2085,#2086,#2087,#2088));
#402=EDGE_LOOP('',(#2089,#2090,#2091,#2092,#2093,#2094));
#403=EDGE_LOOP('',(#2095,#2096,#2097,#2098));
#404=EDGE_LOOP('',(#2099,#2100,#2101,#2102));
#405=EDGE_LOOP('',(#2103,#2104,#2105,#2106,#2107,#2108,#2109,#2110));
#406=EDGE_LOOP('',(#2111,#2112,#2113,#2114));
#407=EDGE_LOOP('',(#2115,#2116,#2117,#2118));
#408=EDGE_LOOP('',(#2119,#2120,#2121,#2122));
#409=EDGE_LOOP('',(#2123,#2124,#2125,#2126));
#410=EDGE_LOOP('',(#2127,#2128,#2129,#2130));
#411=EDGE_LOOP('',(#2131,#2132,#2133,#2134));
#412=EDGE_LOOP('',(#2135,#2136,#2137,#2138));
#413=EDGE_LOOP('',(#2139,#2140,#2141,#2142));
#414=EDGE_LOOP('',(#2143,#2144,#2145,#2146));
#415=EDGE_LOOP('',(#2147,#2148,#2149,#2150));
#416=EDGE_LOOP('',(#2151,#2152,#2153,#2154));
#417=EDGE_LOOP('',(#2155,#2156,#2157,#2158));
#418=EDGE_LOOP('',(#2159,#2160,#2161,#2162));
#419=EDGE_LOOP('',(#2163,#2164,#2165,#2166));
#420=EDGE_LOOP('',(#2167,#2168,#2169,#2170));
#421=EDGE_LOOP('',(#2171,#2172,#2173,#2174));
#422=EDGE_LOOP('',(#2175,#2176,#2177,#2178,#2179,#2180,#2181,#2182,#2183,
#2184,#2185,#2186,#2187,#2188,#2189,#2190,#2191,#2192,#2193,#2194));
#423=EDGE_LOOP('',(#2195,#2196,#2197,#2198));
#424=EDGE_LOOP('',(#2199,#2200,#2201,#2202));
#425=EDGE_LOOP('',(#2203));
#426=EDGE_LOOP('',(#2204,#2205,#2206,#2207));
#427=EDGE_LOOP('',(#2208,#2209,#2210,#2211,#2212));
#428=EDGE_LOOP('',(#2213,#2214,#2215,#2216));
#429=EDGE_LOOP('',(#2217,#2218,#2219,#2220));
#430=EDGE_LOOP('',(#2221,#2222,#2223,#2224));
#431=EDGE_LOOP('',(#2225,#2226,#2227,#2228));
#432=EDGE_LOOP('',(#2229,#2230,#2231,#2232));
#433=EDGE_LOOP('',(#2233,#2234,#2235,#2236));
#434=EDGE_LOOP('',(#2237,#2238,#2239,#2240));
#435=EDGE_LOOP('',(#2241,#2242,#2243,#2244));
#436=EDGE_LOOP('',(#2245,#2246,#2247,#2248));
#437=EDGE_LOOP('',(#2249,#2250,#2251,#2252,#2253));
#438=EDGE_LOOP('',(#2254,#2255,#2256,#2257));
#439=EDGE_LOOP('',(#2258,#2259,#2260,#2261,#2262,#2263,#2264,#2265,#2266,
#2267,#2268,#2269,#2270,#2271,#2272,#2273,#2274,#2275,#2276,#2277));
#440=EDGE_LOOP('',(#2278,#2279,#2280,#2281));
#441=EDGE_LOOP('',(#2282,#2283,#2284,#2285,#2286));
#442=EDGE_LOOP('',(#2287,#2288,#2289,#2290));
#443=EDGE_LOOP('',(#2291,#2292,#2293,#2294));
#444=EDGE_LOOP('',(#2295,#2296,#2297,#2298));
#445=EDGE_LOOP('',(#2299,#2300,#2301,#2302));
#446=EDGE_LOOP('',(#2303,#2304,#2305,#2306));
#447=EDGE_LOOP('',(#2307,#2308,#2309,#2310));
#448=EDGE_LOOP('',(#2311,#2312,#2313,#2314));
#449=EDGE_LOOP('',(#2315,#2316,#2317,#2318));
#450=EDGE_LOOP('',(#2319,#2320,#2321,#2322));
#451=EDGE_LOOP('',(#2323,#2324,#2325,#2326,#2327));
#452=EDGE_LOOP('',(#2328,#2329,#2330,#2331));
#453=EDGE_LOOP('',(#2332,#2333,#2334,#2335));
#454=EDGE_LOOP('',(#2336));
#455=EDGE_LOOP('',(#2337,#2338,#2339,#2340));
#456=EDGE_LOOP('',(#2341,#2342,#2343,#2344));
#457=EDGE_LOOP('',(#2345,#2346,#2347,#2348));
#458=EDGE_LOOP('',(#2349,#2350,#2351,#2352));
#459=EDGE_LOOP('',(#2353,#2354,#2355,#2356,#2357,#2358));
#460=EDGE_LOOP('',(#2359,#2360,#2361,#2362));
#461=EDGE_LOOP('',(#2363,#2364,#2365,#2366));
#462=EDGE_LOOP('',(#2367,#2368,#2369,#2370));
#463=EDGE_LOOP('',(#2371));
#464=EDGE_LOOP('',(#2372,#2373,#2374,#2375));
#465=EDGE_LOOP('',(#2376,#2377,#2378,#2379));
#466=EDGE_LOOP('',(#2380,#2381,#2382,#2383));
#467=EDGE_LOOP('',(#2384,#2385,#2386,#2387));
#468=EDGE_LOOP('',(#2388,#2389,#2390,#2391));
#469=EDGE_LOOP('',(#2392,#2393,#2394,#2395));
#470=EDGE_LOOP('',(#2396,#2397,#2398,#2399));
#471=EDGE_LOOP('',(#2400,#2401,#2402,#2403));
#472=EDGE_LOOP('',(#2404));
#473=EDGE_LOOP('',(#2405,#2406,#2407,#2408));
#474=EDGE_LOOP('',(#2409,#2410,#2411,#2412));
#475=ELLIPSE('',#2667,2.82842712474619,2.);
#476=ELLIPSE('',#2670,2.82842712474619,2.);
#477=ELLIPSE('',#2677,2.82842712474619,2.);
#478=ELLIPSE('',#2680,2.82842712474619,2.);
#479=ELLIPSE('',#2693,6.02598539628787,6.);
#480=ELLIPSE('',#2694,6.02598539628787,6.);
#481=ELLIPSE('',#2695,6.02598539628787,6.);
#482=ELLIPSE('',#2696,6.02598539628787,6.);
#483=ELLIPSE('',#2834,1.14564392211311,0.999999999999998);
#484=ELLIPSE('',#2838,1.14564392211311,1.);
#485=ELLIPSE('',#2842,1.14564392211311,1.);
#486=ELLIPSE('',#2845,1.14564392211311,0.999999999999999);
#487=ELLIPSE('',#2850,12.0415945787923,1.);
#488=ELLIPSE('',#2851,12.0415945787923,1.);
#489=ELLIPSE('',#2946,12.0415945787923,1.);
#490=ELLIPSE('',#2970,12.0415945787923,1.);
#491=CIRCLE('',#2666,2.);
#492=CIRCLE('',#2669,2.);
#493=CIRCLE('',#2676,2.);
#494=CIRCLE('',#2679,2.);
#495=CIRCLE('',#2683,30.);
#496=CIRCLE('',#2684,30.);
#497=CIRCLE('',#2685,30.);
#498=CIRCLE('',#2686,30.);
#499=CIRCLE('',#2687,5.);
#500=CIRCLE('',#2688,5.);
#501=CIRCLE('',#2689,5.);
#502=CIRCLE('',#2690,5.);
#503=CIRCLE('',#2691,2.99999999999999);
#504=CIRCLE('',#2692,2.99999999999999);
#505=CIRCLE('',#2697,3.);
#506=CIRCLE('',#2698,3.);
#507=CIRCLE('',#2700,2.);
#508=CIRCLE('',#2701,2.);
#509=CIRCLE('',#2702,3.);
#510=CIRCLE('',#2704,1.99999999999999);
#511=CIRCLE('',#2706,2.);
#512=CIRCLE('',#2707,3.);
#513=CIRCLE('',#2709,1.99999999999999);
#514=CIRCLE('',#2711,2.);
#515=CIRCLE('',#2712,3.);
#516=CIRCLE('',#2714,1.99999999999999);
#517=CIRCLE('',#2716,2.);
#518=CIRCLE('',#2717,3.);
#519=CIRCLE('',#2721,3.);
#520=CIRCLE('',#2724,3.);
#521=CIRCLE('',#2726,1.);
#522=CIRCLE('',#2727,1.);
#523=CIRCLE('',#2730,1.);
#524=CIRCLE('',#2731,1.);
#525=CIRCLE('',#2734,1.);
#526=CIRCLE('',#2735,1.);
#527=CIRCLE('',#2738,1.);
#528=CIRCLE('',#2739,1.);
#529=CIRCLE('',#2742,3.);
#530=CIRCLE('',#2743,3.);
#531=CIRCLE('',#2750,1.99999999999999);
#532=CIRCLE('',#2751,1.5);
#533=CIRCLE('',#2753,1.5);
#534=CIRCLE('',#2755,1.99999999999999);
#535=CIRCLE('',#2756,1.5);
#536=CIRCLE('',#2758,1.5);
#537=CIRCLE('',#2760,2.);
#538=CIRCLE('',#2761,1.49999999999999);
#539=CIRCLE('',#2763,1.49999999999999);
#540=CIRCLE('',#2765,2.);
#541=CIRCLE('',#2766,1.49999999999999);
#542=CIRCLE('',#2768,1.49999999999999);
#543=CIRCLE('',#2770,1.99999999999999);
#544=CIRCLE('',#2771,1.);
#545=CIRCLE('',#2774,2.);
#546=CIRCLE('',#2775,1.);
#547=CIRCLE('',#2778,1.99999999999999);
#548=CIRCLE('',#2779,1.);
#549=CIRCLE('',#2782,2.);
#550=CIRCLE('',#2783,1.);
#551=CIRCLE('',#2790,30.);
#552=CIRCLE('',#2793,30.);
#553=CIRCLE('',#2795,30.);
#554=CIRCLE('',#2798,30.);
#555=CIRCLE('',#2800,2.);
#556=CIRCLE('',#2801,2.);
#557=CIRCLE('',#2804,2.);
#558=CIRCLE('',#2805,2.);
#559=CIRCLE('',#2808,2.);
#560=CIRCLE('',#2809,2.);
#561=CIRCLE('',#2812,2.);
#562=CIRCLE('',#2813,2.);
#563=CIRCLE('',#2831,4.99999999999999);
#564=CIRCLE('',#2832,5.);
#565=CIRCLE('',#2833,5.);
#566=CIRCLE('',#2836,5.);
#567=CIRCLE('',#2837,5.);
#568=CIRCLE('',#2840,5.);
#569=CIRCLE('',#2841,5.);
#570=CIRCLE('',#2844,5.);
#571=CIRCLE('',#2856,1.);
#572=CIRCLE('',#2857,1.);
#573=CIRCLE('',#2859,0.999999999999999);
#574=CIRCLE('',#2860,7.);
#575=CIRCLE('',#2861,6.);
#576=CIRCLE('',#2863,0.999999999999999);
#577=CIRCLE('',#2865,1.);
#578=CIRCLE('',#2866,3.);
#579=CIRCLE('',#2867,2.);
#580=CIRCLE('',#2869,0.999999999999999);
#581=CIRCLE('',#2871,1.);
#582=CIRCLE('',#2872,5.00000007450581);
#583=CIRCLE('',#2873,4.00000007450581);
#584=CIRCLE('',#2875,0.999999999999999);
#585=CIRCLE('',#2877,0.999999999999999);
#586=CIRCLE('',#2878,3.);
#587=CIRCLE('',#2879,2.);
#588=CIRCLE('',#2881,1.);
#589=CIRCLE('',#2883,1.);
#590=CIRCLE('',#2884,7.);
#591=CIRCLE('',#2885,6.);
#592=CIRCLE('',#2887,1.);
#593=CIRCLE('',#2889,1.);
#594=CIRCLE('',#2890,3.);
#595=CIRCLE('',#2891,2.);
#596=CIRCLE('',#2893,1.);
#597=CIRCLE('',#2895,1.);
#598=CIRCLE('',#2896,5.00000007450581);
#599=CIRCLE('',#2897,4.00000007450581);
#600=CIRCLE('',#2899,1.);
#601=CIRCLE('',#2901,2.);
#602=CIRCLE('',#2902,3.);
#603=CIRCLE('',#2904,1.);
#604=CIRCLE('',#2905,3.);
#605=CIRCLE('',#2906,3.);
#606=CIRCLE('',#2907,1.);
#607=CIRCLE('',#2909,5.00000007450581);
#608=CIRCLE('',#2911,2.05);
#609=CIRCLE('',#2914,1.);
#610=CIRCLE('',#2916,0.999999999999997);
#611=CIRCLE('',#2917,3.);
#612=CIRCLE('',#2918,2.);
#613=CIRCLE('',#2920,0.999999999999999);
#614=CIRCLE('',#2921,1.);
#615=CIRCLE('',#2922,1.);
#616=CIRCLE('',#2923,2.);
#617=CIRCLE('',#2925,0.999999999999996);
#618=CIRCLE('',#2927,1.);
#619=CIRCLE('',#2928,4.00000007450581);
#620=CIRCLE('',#2930,0.999999999999996);
#621=CIRCLE('',#2931,1.00000000000001);
#622=CIRCLE('',#2932,2.);
#623=CIRCLE('',#2934,1.);
#624=CIRCLE('',#2936,0.999999999999996);
#625=CIRCLE('',#2937,2.);
#626=CIRCLE('',#2941,1.);
#627=CIRCLE('',#2942,3.);
#628=CIRCLE('',#2945,1.);
#629=CIRCLE('',#2948,0.999999999999995);
#630=CIRCLE('',#2949,2.);
#631=CIRCLE('',#2951,1.);
#632=CIRCLE('',#2952,0.999999999999998);
#633=CIRCLE('',#2953,2.);
#634=CIRCLE('',#2955,1.);
#635=CIRCLE('',#2957,1.);
#636=CIRCLE('',#2958,4.00000007450581);
#637=CIRCLE('',#2959,5.00000007450581);
#638=CIRCLE('',#2961,1.);
#639=CIRCLE('',#2962,1.);
#640=CIRCLE('',#2963,2.);
#641=CIRCLE('',#2965,1.);
#642=CIRCLE('',#2967,1.);
#643=CIRCLE('',#2968,2.);
#644=CIRCLE('',#2973,2.05);
#645=CIRCLE('',#2982,2.05);
#646=CIRCLE('',#2990,2.05);
#647=LINE('',#3860,#849);
#648=LINE('',#3864,#850);
#649=LINE('',#3869,#851);
#650=LINE('',#3873,#852);
#651=LINE('',#3876,#853);
#652=LINE('',#3877,#854);
#653=LINE('',#3880,#855);
#654=LINE('',#3882,#856);
#655=LINE('',#3883,#857);
#656=LINE('',#3886,#858);
#657=LINE('',#3888,#859);
#658=LINE('',#3890,#860);
#659=LINE('',#3892,#861);
#660=LINE('',#3894,#862);
#661=LINE('',#3895,#863);
#662=LINE('',#3898,#864);
#663=LINE('',#3899,#865);
#664=LINE('',#3903,#866);
#665=LINE('',#3907,#867);
#666=LINE('',#3912,#868);
#667=LINE('',#3916,#869);
#668=LINE('',#3919,#870);
#669=LINE('',#3920,#871);
#670=LINE('',#3926,#872);
#671=LINE('',#3930,#873);
#672=LINE('',#3934,#874);
#673=LINE('',#3937,#875);
#674=LINE('',#3938,#876);
#675=LINE('',#3943,#877);
#676=LINE('',#3947,#878);
#677=LINE('',#3951,#879);
#678=LINE('',#3954,#880);
#679=LINE('',#3961,#881);
#680=LINE('',#3965,#882);
#681=LINE('',#3969,#883);
#682=LINE('',#3973,#884);
#683=LINE('',#3975,#885);
#684=LINE('',#3989,#886);
#685=LINE('',#3997,#887);
#686=LINE('',#4005,#888);
#687=LINE('',#4011,#889);
#688=LINE('',#4014,#890);
#689=LINE('',#4016,#891);
#690=LINE('',#4017,#892);
#691=LINE('',#4020,#893);
#692=LINE('',#4024,#894);
#693=LINE('',#4025,#895);
#694=LINE('',#4028,#896);
#695=LINE('',#4035,#897);
#696=LINE('',#4038,#898);
#697=LINE('',#4041,#899);
#698=LINE('',#4043,#900);
#699=LINE('',#4044,#901);
#700=LINE('',#4050,#902);
#701=LINE('',#4053,#903);
#702=LINE('',#4055,#904);
#703=LINE('',#4056,#905);
#704=LINE('',#4062,#906);
#705=LINE('',#4065,#907);
#706=LINE('',#4067,#908);
#707=LINE('',#4068,#909);
#708=LINE('',#4074,#910);
#709=LINE('',#4076,#911);
#710=LINE('',#4077,#912);
#711=LINE('',#4080,#913);
#712=LINE('',#4084,#914);
#713=LINE('',#4087,#915);
#714=LINE('',#4089,#916);
#715=LINE('',#4091,#917);
#716=LINE('',#4098,#918);
#717=LINE('',#4102,#919);
#718=LINE('',#4108,#920);
#719=LINE('',#4112,#921);
#720=LINE('',#4118,#922);
#721=LINE('',#4122,#923);
#722=LINE('',#4128,#924);
#723=LINE('',#4132,#925);
#724=LINE('',#4139,#926);
#725=LINE('',#4145,#927);
#726=LINE('',#4151,#928);
#727=LINE('',#4157,#929);
#728=LINE('',#4166,#930);
#729=LINE('',#4167,#931);
#730=LINE('',#4170,#932);
#731=LINE('',#4171,#933);
#732=LINE('',#4175,#934);
#733=LINE('',#4180,#935);
#734=LINE('',#4181,#936);
#735=LINE('',#4184,#937);
#736=LINE('',#4185,#938);
#737=LINE('',#4189,#939);
#738=LINE('',#4194,#940);
#739=LINE('',#4201,#941);
#740=LINE('',#4208,#942);
#741=LINE('',#4215,#943);
#742=LINE('',#4220,#944);
#743=LINE('',#4221,#945);
#744=LINE('',#4224,#946);
#745=LINE('',#4225,#947);
#746=LINE('',#4228,#948);
#747=LINE('',#4229,#949);
#748=LINE('',#4232,#950);
#749=LINE('',#4233,#951);
#750=LINE('',#4235,#952);
#751=LINE('',#4239,#953);
#752=LINE('',#4241,#954);
#753=LINE('',#4242,#955);
#754=LINE('',#4245,#956);
#755=LINE('',#4247,#957);
#756=LINE('',#4248,#958);
#757=LINE('',#4251,#959);
#758=LINE('',#4253,#960);
#759=LINE('',#4254,#961);
#760=LINE('',#4257,#962);
#761=LINE('',#4259,#963);
#762=LINE('',#4260,#964);
#763=LINE('',#4263,#965);
#764=LINE('',#4265,#966);
#765=LINE('',#4266,#967);
#766=LINE('',#4269,#968);
#767=LINE('',#4271,#969);
#768=LINE('',#4272,#970);
#769=LINE('',#4274,#971);
#770=LINE('',#4275,#972);
#771=LINE('',#4283,#973);
#772=LINE('',#4326,#974);
#773=LINE('',#4369,#975);
#774=LINE('',#4412,#976);
#775=LINE('',#4452,#977);
#776=LINE('',#4466,#978);
#777=LINE('',#4469,#979);
#778=LINE('',#4470,#980);
#779=LINE('',#4473,#981);
#780=LINE('',#4488,#982);
#781=LINE('',#4492,#983);
#782=LINE('',#4495,#984);
#783=LINE('',#4497,#985);
#784=LINE('',#4504,#986);
#785=LINE('',#4507,#987);
#786=LINE('',#4518,#988);
#787=LINE('',#4519,#989);
#788=LINE('',#4530,#990);
#789=LINE('',#4531,#991);
#790=LINE('',#4542,#992);
#791=LINE('',#4543,#993);
#792=LINE('',#4554,#994);
#793=LINE('',#4555,#995);
#794=LINE('',#4566,#996);
#795=LINE('',#4567,#997);
#796=LINE('',#4578,#998);
#797=LINE('',#4579,#999);
#798=LINE('',#4590,#1000);
#799=LINE('',#4591,#1001);
#800=LINE('',#4597,#1002);
#801=LINE('',#4599,#1003);
#802=LINE('',#4603,#1004);
#803=LINE('',#4607,#1005);
#804=LINE('',#4609,#1006);
#805=LINE('',#4611,#1007);
#806=LINE('',#4615,#1008);
#807=LINE('',#4619,#1009);
#808=LINE('',#4620,#1010);
#809=LINE('',#4623,#1011);
#810=LINE('',#4626,#1012);
#811=LINE('',#4630,#1013);
#812=LINE('',#4635,#1014);
#813=LINE('',#4636,#1015);
#814=LINE('',#4647,#1016);
#815=LINE('',#4648,#1017);
#816=LINE('',#4666,#1018);
#817=LINE('',#4667,#1019);
#818=LINE('',#4675,#1020);
#819=LINE('',#4691,#1021);
#820=LINE('',#4697,#1022);
#821=LINE('',#4711,#1023);
#822=LINE('',#4714,#1024);
#823=LINE('',#4716,#1025);
#824=LINE('',#4720,#1026);
#825=LINE('',#4723,#1027);
#826=LINE('',#4725,#1028);
#827=LINE('',#4730,#1029);
#828=LINE('',#4739,#1030);
#829=LINE('',#4755,#1031);
#830=LINE('',#4764,#1032);
#831=LINE('',#4780,#1033);
#832=LINE('',#4787,#1034);
#833=LINE('',#4803,#1035);
#834=LINE('',#4805,#1036);
#835=LINE('',#4809,#1037);
#836=LINE('',#4811,#1038);
#837=LINE('',#4813,#1039);
#838=LINE('',#4815,#1040);
#839=LINE('',#4818,#1041);
#840=LINE('',#4820,#1042);
#841=LINE('',#4821,#1043);
#842=LINE('',#4826,#1044);
#843=LINE('',#4827,#1045);
#844=LINE('',#4829,#1046);
#845=LINE('',#4831,#1047);
#846=LINE('',#4834,#1048);
#847=LINE('',#4838,#1049);
#848=LINE('',#4842,#1050);
#849=VECTOR('',#2998,10.);
#850=VECTOR('',#3001,10.);
#851=VECTOR('',#3006,10.);
#852=VECTOR('',#3009,10.);
#853=VECTOR('',#3014,10.);
#854=VECTOR('',#3015,10.);
#855=VECTOR('',#3018,10.);
#856=VECTOR('',#3019,10.);
#857=VECTOR('',#3020,10.);
#858=VECTOR('',#3023,10.);
#859=VECTOR('',#3024,10.);
#860=VECTOR('',#3025,10.);
#861=VECTOR('',#3026,10.);
#862=VECTOR('',#3027,10.);
#863=VECTOR('',#3028,10.);
#864=VECTOR('',#3031,10.);
#865=VECTOR('',#3032,10.);
#866=VECTOR('',#3035,10.);
#867=VECTOR('',#3038,10.);
#868=VECTOR('',#3043,10.);
#869=VECTOR('',#3046,10.);
#870=VECTOR('',#3051,10.);
#871=VECTOR('',#3052,10.);
#872=VECTOR('',#3057,10.);
#873=VECTOR('',#3060,10.);
#874=VECTOR('',#3063,10.);
#875=VECTOR('',#3066,10.);
#876=VECTOR('',#3067,10.);
#877=VECTOR('',#3070,10.);
#878=VECTOR('',#3073,10.);
#879=VECTOR('',#3076,10.);
#880=VECTOR('',#3079,10.);
#881=VECTOR('',#3084,10.);
#882=VECTOR('',#3087,10.);
#883=VECTOR('',#3090,10.);
#884=VECTOR('',#3093,10.);
#885=VECTOR('',#3096,10.);
#886=VECTOR('',#3113,10.);
#887=VECTOR('',#3124,10.);
#888=VECTOR('',#3135,10.);
#889=VECTOR('',#3144,10.);
#890=VECTOR('',#3147,10.);
#891=VECTOR('',#3148,10.);
#892=VECTOR('',#3149,10.);
#893=VECTOR('',#3152,10.);
#894=VECTOR('',#3157,10.);
#895=VECTOR('',#3158,10.);
#896=VECTOR('',#3161,10.);
#897=VECTOR('',#3168,10.);
#898=VECTOR('',#3171,10.);
#899=VECTOR('',#3174,10.);
#900=VECTOR('',#3175,10.);
#901=VECTOR('',#3176,10.);
#902=VECTOR('',#3181,10.);
#903=VECTOR('',#3184,10.);
#904=VECTOR('',#3187,10.);
#905=VECTOR('',#3188,10.);
#906=VECTOR('',#3193,10.);
#907=VECTOR('',#3196,10.);
#908=VECTOR('',#3199,10.);
#909=VECTOR('',#3200,10.);
#910=VECTOR('',#3207,10.);
#911=VECTOR('',#3210,10.);
#912=VECTOR('',#3211,10.);
#913=VECTOR('',#3214,10.);
#914=VECTOR('',#3217,10.);
#915=VECTOR('',#3222,10.);
#916=VECTOR('',#3225,10.);
#917=VECTOR('',#3228,10.);
#918=VECTOR('',#3237,1.75000000000001);
#919=VECTOR('',#3242,1.5);
#920=VECTOR('',#3249,1.75000000000001);
#921=VECTOR('',#3254,1.5);
#922=VECTOR('',#3261,1.74999999999999);
#923=VECTOR('',#3266,1.49999999999999);
#924=VECTOR('',#3273,1.74999999999999);
#925=VECTOR('',#3278,1.49999999999999);
#926=VECTOR('',#3289,1.99999999999999);
#927=VECTOR('',#3298,2.);
#928=VECTOR('',#3307,1.99999999999999);
#929=VECTOR('',#3316,2.);
#930=VECTOR('',#3329,10.);
#931=VECTOR('',#3330,10.);
#932=VECTOR('',#3333,10.);
#933=VECTOR('',#3334,10.);
#934=VECTOR('',#3339,10.);
#935=VECTOR('',#3344,10.);
#936=VECTOR('',#3345,10.);
#937=VECTOR('',#3348,10.);
#938=VECTOR('',#3349,10.);
#939=VECTOR('',#3354,10.);
#940=VECTOR('',#3359,2.);
#941=VECTOR('',#3368,2.);
#942=VECTOR('',#3377,2.);
#943=VECTOR('',#3386,2.);
#944=VECTOR('',#3393,10.);
#945=VECTOR('',#3394,10.);
#946=VECTOR('',#3397,10.);
#947=VECTOR('',#3398,10.);
#948=VECTOR('',#3401,10.);
#949=VECTOR('',#3402,10.);
#950=VECTOR('',#3405,10.);
#951=VECTOR('',#3406,10.);
#952=VECTOR('',#3409,10.);
#953=VECTOR('',#3414,10.);
#954=VECTOR('',#3415,10.);
#955=VECTOR('',#3416,10.);
#956=VECTOR('',#3419,10.);
#957=VECTOR('',#3420,10.);
#958=VECTOR('',#3421,10.);
#959=VECTOR('',#3424,10.);
#960=VECTOR('',#3425,10.);
#961=VECTOR('',#3426,10.);
#962=VECTOR('',#3429,10.);
#963=VECTOR('',#3430,10.);
#964=VECTOR('',#3431,10.);
#965=VECTOR('',#3434,10.);
#966=VECTOR('',#3435,10.);
#967=VECTOR('',#3436,10.);
#968=VECTOR('',#3439,10.);
#969=VECTOR('',#3440,10.);
#970=VECTOR('',#3441,10.);
#971=VECTOR('',#3444,10.);
#972=VECTOR('',#3445,10.);
#973=VECTOR('',#3456,10.);
#974=VECTOR('',#3465,10.);
#975=VECTOR('',#3474,10.);
#976=VECTOR('',#3483,10.);
#977=VECTOR('',#3488,10.);
#978=VECTOR('',#3489,10.);
#979=VECTOR('',#3492,10.);
#980=VECTOR('',#3493,10.);
#981=VECTOR('',#3496,10.);
#982=VECTOR('',#3499,10.);
#983=VECTOR('',#3502,10.);
#984=VECTOR('',#3507,10.);
#985=VECTOR('',#3510,10.);
#986=VECTOR('',#3517,10.);
#987=VECTOR('',#3520,10.);
#988=VECTOR('',#3533,10.);
#989=VECTOR('',#3534,10.);
#990=VECTOR('',#3547,10.);
#991=VECTOR('',#3548,10.);
#992=VECTOR('',#3561,10.);
#993=VECTOR('',#3562,10.);
#994=VECTOR('',#3575,10.);
#995=VECTOR('',#3576,10.);
#996=VECTOR('',#3589,10.);
#997=VECTOR('',#3590,10.);
#998=VECTOR('',#3603,10.);
#999=VECTOR('',#3604,10.);
#1000=VECTOR('',#3617,10.);
#1001=VECTOR('',#3618,10.);
#1002=VECTOR('',#3627,10.);
#1003=VECTOR('',#3628,10.);
#1004=VECTOR('',#3631,10.);
#1005=VECTOR('',#3634,10.);
#1006=VECTOR('',#3635,10.);
#1007=VECTOR('',#3636,10.);
#1008=VECTOR('',#3639,10.);
#1009=VECTOR('',#3642,10.);
#1010=VECTOR('',#3643,10.);
#1011=VECTOR('',#3646,10.);
#1012=VECTOR('',#3651,10.);
#1013=VECTOR('',#3656,10.);
#1014=VECTOR('',#3661,10.);
#1015=VECTOR('',#3662,10.);
#1016=VECTOR('',#3675,10.);
#1017=VECTOR('',#3676,10.);
#1018=VECTOR('',#3687,10.);
#1019=VECTOR('',#3688,10.);
#1020=VECTOR('',#3699,10.);
#1021=VECTOR('',#3708,10.);
#1022=VECTOR('',#3717,10.);
#1023=VECTOR('',#3720,10.);
#1024=VECTOR('',#3723,10.);
#1025=VECTOR('',#3724,10.);
#1026=VECTOR('',#3727,10.);
#1027=VECTOR('',#3730,10.);
#1028=VECTOR('',#3733,10.);
#1029=VECTOR('',#3738,10.);
#1030=VECTOR('',#3751,10.);
#1031=VECTOR('',#3760,10.);
#1032=VECTOR('',#3773,10.);
#1033=VECTOR('',#3782,10.);
#1034=VECTOR('',#3791,10.);
#1035=VECTOR('',#3796,10.);
#1036=VECTOR('',#3799,10.);
#1037=VECTOR('',#3804,10.);
#1038=VECTOR('',#3807,10.);
#1039=VECTOR('',#3810,10.);
#1040=VECTOR('',#3813,10.);
#1041=VECTOR('',#3818,10.);
#1042=VECTOR('',#3821,10.);
#1043=VECTOR('',#3822,10.);
#1044=VECTOR('',#3829,10.);
#1045=VECTOR('',#3830,10.);
#1046=VECTOR('',#3833,10.);
#1047=VECTOR('',#3836,10.);
#1048=VECTOR('',#3841,10.);
#1049=VECTOR('',#3846,2.05);
#1050=VECTOR('',#3853,2.05);
#1051=VERTEX_POINT('',#3858);
#1052=VERTEX_POINT('',#3859);
#1053=VERTEX_POINT('',#3861);
#1054=VERTEX_POINT('',#3863);
#1055=VERTEX_POINT('',#3867);
#1056=VERTEX_POINT('',#3868);
#1057=VERTEX_POINT('',#3870);
#1058=VERTEX_POINT('',#3872);
#1059=VERTEX_POINT('',#3879);
#1060=VERTEX_POINT('',#3881);
#1061=VERTEX_POINT('',#3885);
#1062=VERTEX_POINT('',#3887);
#1063=VERTEX_POINT('',#3889);
#1064=VERTEX_POINT('',#3891);
#1065=VERTEX_POINT('',#3893);
#1066=VERTEX_POINT('',#3897);
#1067=VERTEX_POINT('',#3901);
#1068=VERTEX_POINT('',#3902);
#1069=VERTEX_POINT('',#3904);
#1070=VERTEX_POINT('',#3906);
#1071=VERTEX_POINT('',#3910);
#1072=VERTEX_POINT('',#3911);
#1073=VERTEX_POINT('',#3913);
#1074=VERTEX_POINT('',#3915);
#1075=VERTEX_POINT('',#3922);
#1076=VERTEX_POINT('',#3923);
#1077=VERTEX_POINT('',#3925);
#1078=VERTEX_POINT('',#3927);
#1079=VERTEX_POINT('',#3929);
#1080=VERTEX_POINT('',#3931);
#1081=VERTEX_POINT('',#3933);
#1082=VERTEX_POINT('',#3935);
#1083=VERTEX_POINT('',#3939);
#1084=VERTEX_POINT('',#3940);
#1085=VERTEX_POINT('',#3942);
#1086=VERTEX_POINT('',#3944);
#1087=VERTEX_POINT('',#3946);
#1088=VERTEX_POINT('',#3948);
#1089=VERTEX_POINT('',#3950);
#1090=VERTEX_POINT('',#3952);
#1091=VERTEX_POINT('',#3955);
#1092=VERTEX_POINT('',#3957);
#1093=VERTEX_POINT('',#3959);
#1094=VERTEX_POINT('',#3960);
#1095=VERTEX_POINT('',#3962);
#1096=VERTEX_POINT('',#3964);
#1097=VERTEX_POINT('',#3966);
#1098=VERTEX_POINT('',#3968);
#1099=VERTEX_POINT('',#3970);
#1100=VERTEX_POINT('',#3972);
#1101=VERTEX_POINT('',#3976);
#1102=VERTEX_POINT('',#3978);
#1103=VERTEX_POINT('',#3981);
#1104=VERTEX_POINT('',#3983);
#1105=VERTEX_POINT('',#3987);
#1106=VERTEX_POINT('',#3991);
#1107=VERTEX_POINT('',#3995);
#1108=VERTEX_POINT('',#3999);
#1109=VERTEX_POINT('',#4003);
#1110=VERTEX_POINT('',#4007);
#1111=VERTEX_POINT('',#4013);
#1112=VERTEX_POINT('',#4015);
#1113=VERTEX_POINT('',#4019);
#1114=VERTEX_POINT('',#4023);
#1115=VERTEX_POINT('',#4027);
#1116=VERTEX_POINT('',#4031);
#1117=VERTEX_POINT('',#4032);
#1118=VERTEX_POINT('',#4034);
#1119=VERTEX_POINT('',#4036);
#1120=VERTEX_POINT('',#4040);
#1121=VERTEX_POINT('',#4042);
#1122=VERTEX_POINT('',#4046);
#1123=VERTEX_POINT('',#4047);
#1124=VERTEX_POINT('',#4049);
#1125=VERTEX_POINT('',#4051);
#1126=VERTEX_POINT('',#4058);
#1127=VERTEX_POINT('',#4059);
#1128=VERTEX_POINT('',#4061);
#1129=VERTEX_POINT('',#4063);
#1130=VERTEX_POINT('',#4070);
#1131=VERTEX_POINT('',#4072);
#1132=VERTEX_POINT('',#4079);
#1133=VERTEX_POINT('',#4081);
#1134=VERTEX_POINT('',#4083);
#1135=VERTEX_POINT('',#4095);
#1136=VERTEX_POINT('',#4097);
#1137=VERTEX_POINT('',#4101);
#1138=VERTEX_POINT('',#4105);
#1139=VERTEX_POINT('',#4107);
#1140=VERTEX_POINT('',#4111);
#1141=VERTEX_POINT('',#4115);
#1142=VERTEX_POINT('',#4117);
#1143=VERTEX_POINT('',#4121);
#1144=VERTEX_POINT('',#4125);
#1145=VERTEX_POINT('',#4127);
#1146=VERTEX_POINT('',#4131);
#1147=VERTEX_POINT('',#4135);
#1148=VERTEX_POINT('',#4141);
#1149=VERTEX_POINT('',#4147);
#1150=VERTEX_POINT('',#4153);
#1151=VERTEX_POINT('',#4163);
#1152=VERTEX_POINT('',#4164);
#1153=VERTEX_POINT('',#4169);
#1154=VERTEX_POINT('',#4173);
#1155=VERTEX_POINT('',#4177);
#1156=VERTEX_POINT('',#4178);
#1157=VERTEX_POINT('',#4183);
#1158=VERTEX_POINT('',#4187);
#1159=VERTEX_POINT('',#4191);
#1160=VERTEX_POINT('',#4193);
#1161=VERTEX_POINT('',#4198);
#1162=VERTEX_POINT('',#4200);
#1163=VERTEX_POINT('',#4205);
#1164=VERTEX_POINT('',#4207);
#1165=VERTEX_POINT('',#4212);
#1166=VERTEX_POINT('',#4214);
#1167=VERTEX_POINT('',#4219);
#1168=VERTEX_POINT('',#4223);
#1169=VERTEX_POINT('',#4227);
#1170=VERTEX_POINT('',#4231);
#1171=VERTEX_POINT('',#4238);
#1172=VERTEX_POINT('',#4240);
#1173=VERTEX_POINT('',#4244);
#1174=VERTEX_POINT('',#4246);
#1175=VERTEX_POINT('',#4250);
#1176=VERTEX_POINT('',#4252);
#1177=VERTEX_POINT('',#4256);
#1178=VERTEX_POINT('',#4258);
#1179=VERTEX_POINT('',#4262);
#1180=VERTEX_POINT('',#4264);
#1181=VERTEX_POINT('',#4268);
#1182=VERTEX_POINT('',#4270);
#1183=VERTEX_POINT('',#4279);
#1184=VERTEX_POINT('',#4281);
#1185=VERTEX_POINT('',#4320);
#1186=VERTEX_POINT('',#4324);
#1187=VERTEX_POINT('',#4363);
#1188=VERTEX_POINT('',#4367);
#1189=VERTEX_POINT('',#4406);
#1190=VERTEX_POINT('',#4410);
#1191=VERTEX_POINT('',#4451);
#1192=VERTEX_POINT('',#4453);
#1193=VERTEX_POINT('',#4468);
#1194=VERTEX_POINT('',#4472);
#1195=VERTEX_POINT('',#4487);
#1196=VERTEX_POINT('',#4489);
#1197=VERTEX_POINT('',#4491);
#1198=VERTEX_POINT('',#4500);
#1199=VERTEX_POINT('',#4501);
#1200=VERTEX_POINT('',#4503);
#1201=VERTEX_POINT('',#4505);
#1202=VERTEX_POINT('',#4509);
#1203=VERTEX_POINT('',#4510);
#1204=VERTEX_POINT('',#4515);
#1205=VERTEX_POINT('',#4516);
#1206=VERTEX_POINT('',#4521);
#1207=VERTEX_POINT('',#4522);
#1208=VERTEX_POINT('',#4527);
#1209=VERTEX_POINT('',#4528);
#1210=VERTEX_POINT('',#4533);
#1211=VERTEX_POINT('',#4534);
#1212=VERTEX_POINT('',#4539);
#1213=VERTEX_POINT('',#4540);
#1214=VERTEX_POINT('',#4545);
#1215=VERTEX_POINT('',#4546);
#1216=VERTEX_POINT('',#4551);
#1217=VERTEX_POINT('',#4552);
#1218=VERTEX_POINT('',#4557);
#1219=VERTEX_POINT('',#4558);
#1220=VERTEX_POINT('',#4563);
#1221=VERTEX_POINT('',#4564);
#1222=VERTEX_POINT('',#4569);
#1223=VERTEX_POINT('',#4570);
#1224=VERTEX_POINT('',#4575);
#1225=VERTEX_POINT('',#4576);
#1226=VERTEX_POINT('',#4581);
#1227=VERTEX_POINT('',#4582);
#1228=VERTEX_POINT('',#4587);
#1229=VERTEX_POINT('',#4588);
#1230=VERTEX_POINT('',#4596);
#1231=VERTEX_POINT('',#4598);
#1232=VERTEX_POINT('',#4600);
#1233=VERTEX_POINT('',#4602);
#1234=VERTEX_POINT('',#4604);
#1235=VERTEX_POINT('',#4606);
#1236=VERTEX_POINT('',#4608);
#1237=VERTEX_POINT('',#4610);
#1238=VERTEX_POINT('',#4612);
#1239=VERTEX_POINT('',#4614);
#1240=VERTEX_POINT('',#4616);
#1241=VERTEX_POINT('',#4618);
#1242=VERTEX_POINT('',#4622);
#1243=VERTEX_POINT('',#4627);
#1244=VERTEX_POINT('',#4632);
#1245=VERTEX_POINT('',#4633);
#1246=VERTEX_POINT('',#4638);
#1247=VERTEX_POINT('',#4639);
#1248=VERTEX_POINT('',#4644);
#1249=VERTEX_POINT('',#4645);
#1250=VERTEX_POINT('',#4658);
#1251=VERTEX_POINT('',#4659);
#1252=VERTEX_POINT('',#4664);
#1253=VERTEX_POINT('',#4669);
#1254=VERTEX_POINT('',#4673);
#1255=VERTEX_POINT('',#4685);
#1256=VERTEX_POINT('',#4689);
#1257=VERTEX_POINT('',#4693);
#1258=VERTEX_POINT('',#4713);
#1259=VERTEX_POINT('',#4715);
#1260=VERTEX_POINT('',#4717);
#1261=VERTEX_POINT('',#4719);
#1262=VERTEX_POINT('',#4721);
#1263=VERTEX_POINT('',#4727);
#1264=VERTEX_POINT('',#4729);
#1265=VERTEX_POINT('',#4733);
#1266=VERTEX_POINT('',#4737);
#1267=VERTEX_POINT('',#4749);
#1268=VERTEX_POINT('',#4753);
#1269=VERTEX_POINT('',#4757);
#1270=VERTEX_POINT('',#4762);
#1271=VERTEX_POINT('',#4774);
#1272=VERTEX_POINT('',#4778);
#1273=VERTEX_POINT('',#4782);
#1274=VERTEX_POINT('',#4786);
#1275=VERTEX_POINT('',#4788);
#1276=VERTEX_POINT('',#4806);
#1277=VERTEX_POINT('',#4823);
#1278=VERTEX_POINT('',#4837);
#1279=EDGE_CURVE('',#1051,#1052,#647,.T.);
#1280=EDGE_CURVE('',#1052,#1053,#491,.T.);
#1281=EDGE_CURVE('',#1053,#1054,#648,.T.);
#1282=EDGE_CURVE('',#1054,#1051,#475,.T.);
#1283=EDGE_CURVE('',#1055,#1056,#649,.T.);
#1284=EDGE_CURVE('',#1056,#1057,#492,.T.);
#1285=EDGE_CURVE('',#1057,#1058,#650,.T.);
#1286=EDGE_CURVE('',#1058,#1055,#476,.T.);
#1287=EDGE_CURVE('',#1054,#1055,#651,.T.);
#1288=EDGE_CURVE('',#1058,#1051,#652,.T.);
#1289=EDGE_CURVE('',#1059,#1051,#653,.T.);
#1290=EDGE_CURVE('',#1060,#1059,#654,.T.);
#1291=EDGE_CURVE('',#1052,#1060,#655,.T.);
#1292=EDGE_CURVE('',#1058,#1061,#656,.T.);
#1293=EDGE_CURVE('',#1061,#1062,#657,.T.);
#1294=EDGE_CURVE('',#1062,#1063,#658,.T.);
#1295=EDGE_CURVE('',#1063,#1064,#659,.T.);
#1296=EDGE_CURVE('',#1064,#1065,#660,.T.);
#1297=EDGE_CURVE('',#1065,#1059,#661,.T.);
#1298=EDGE_CURVE('',#1057,#1066,#662,.T.);
#1299=EDGE_CURVE('',#1066,#1061,#663,.T.);
#1300=EDGE_CURVE('',#1067,#1068,#664,.T.);
#1301=EDGE_CURVE('',#1068,#1069,#493,.T.);
#1302=EDGE_CURVE('',#1069,#1070,#665,.T.);
#1303=EDGE_CURVE('',#1070,#1067,#477,.T.);
#1304=EDGE_CURVE('',#1071,#1072,#666,.T.);
#1305=EDGE_CURVE('',#1072,#1073,#494,.T.);
#1306=EDGE_CURVE('',#1073,#1074,#667,.T.);
#1307=EDGE_CURVE('',#1074,#1071,#478,.T.);
#1308=EDGE_CURVE('',#1070,#1071,#668,.T.);
#1309=EDGE_CURVE('',#1074,#1067,#669,.T.);
#1310=EDGE_CURVE('',#1075,#1076,#495,.T.);
#1311=EDGE_CURVE('',#1077,#1075,#670,.T.);
#1312=EDGE_CURVE('',#1078,#1077,#496,.T.);
#1313=EDGE_CURVE('',#1079,#1078,#671,.T.);
#1314=EDGE_CURVE('',#1080,#1079,#497,.T.);
#1315=EDGE_CURVE('',#1081,#1080,#672,.T.);
#1316=EDGE_CURVE('',#1082,#1081,#498,.T.);
#1317=EDGE_CURVE('',#1076,#1082,#673,.T.);
#1318=EDGE_CURVE('',#1053,#1056,#674,.T.);
#1319=EDGE_CURVE('',#1083,#1084,#499,.T.);
#1320=EDGE_CURVE('',#1085,#1083,#675,.T.);
#1321=EDGE_CURVE('',#1086,#1085,#500,.T.);
#1322=EDGE_CURVE('',#1087,#1086,#676,.T.);
#1323=EDGE_CURVE('',#1088,#1087,#501,.T.);
#1324=EDGE_CURVE('',#1089,#1088,#677,.T.);
#1325=EDGE_CURVE('',#1090,#1089,#502,.T.);
#1326=EDGE_CURVE('',#1084,#1090,#678,.T.);
#1327=EDGE_CURVE('',#1091,#1091,#503,.T.);
#1328=EDGE_CURVE('',#1092,#1092,#504,.T.);
#1329=EDGE_CURVE('',#1093,#1094,#679,.T.);
#1330=EDGE_CURVE('',#1095,#1093,#479,.T.);
#1331=EDGE_CURVE('',#1096,#1095,#680,.T.);
#1332=EDGE_CURVE('',#1097,#1096,#480,.T.);
#1333=EDGE_CURVE('',#1098,#1097,#681,.T.);
#1334=EDGE_CURVE('',#1099,#1098,#481,.T.);
#1335=EDGE_CURVE('',#1100,#1099,#682,.T.);
#1336=EDGE_CURVE('',#1094,#1100,#482,.T.);
#1337=EDGE_CURVE('',#1073,#1068,#683,.T.);
#1338=EDGE_CURVE('',#1101,#1101,#505,.T.);
#1339=EDGE_CURVE('',#1102,#1102,#506,.T.);
#1340=EDGE_CURVE('',#1103,#1083,#507,.T.);
#1341=EDGE_CURVE('',#1084,#1104,#508,.T.);
#1342=EDGE_CURVE('',#1104,#1103,#509,.T.);
#1343=EDGE_CURVE('',#1090,#1105,#510,.T.);
#1344=EDGE_CURVE('',#1105,#1104,#684,.T.);
#1345=EDGE_CURVE('',#1089,#1106,#511,.T.);
#1346=EDGE_CURVE('',#1106,#1105,#512,.T.);
#1347=EDGE_CURVE('',#1088,#1107,#513,.T.);
#1348=EDGE_CURVE('',#1107,#1106,#685,.T.);
#1349=EDGE_CURVE('',#1087,#1108,#514,.T.);
#1350=EDGE_CURVE('',#1108,#1107,#515,.T.);
#1351=EDGE_CURVE('',#1086,#1109,#516,.T.);
#1352=EDGE_CURVE('',#1109,#1108,#686,.T.);
#1353=EDGE_CURVE('',#1085,#1110,#517,.T.);
#1354=EDGE_CURVE('',#1110,#1109,#518,.T.);
#1355=EDGE_CURVE('',#1103,#1110,#687,.T.);
#1356=EDGE_CURVE('',#1111,#1109,#688,.T.);
#1357=EDGE_CURVE('',#1112,#1111,#689,.T.);
#1358=EDGE_CURVE('',#1108,#1112,#690,.T.);
#1359=EDGE_CURVE('',#1110,#1113,#691,.T.);
#1360=EDGE_CURVE('',#1113,#1111,#519,.T.);
#1361=EDGE_CURVE('',#1114,#1103,#692,.T.);
#1362=EDGE_CURVE('',#1113,#1114,#693,.T.);
#1363=EDGE_CURVE('',#1104,#1115,#694,.T.);
#1364=EDGE_CURVE('',#1115,#1114,#520,.T.);
#1365=EDGE_CURVE('',#1116,#1117,#521,.T.);
#1366=EDGE_CURVE('',#1116,#1118,#695,.T.);
#1367=EDGE_CURVE('',#1118,#1119,#522,.T.);
#1368=EDGE_CURVE('',#1119,#1117,#696,.T.);
#1369=EDGE_CURVE('',#1120,#1119,#697,.T.);
#1370=EDGE_CURVE('',#1121,#1120,#698,.T.);
#1371=EDGE_CURVE('',#1117,#1121,#699,.T.);
#1372=EDGE_CURVE('',#1122,#1123,#523,.T.);
#1373=EDGE_CURVE('',#1122,#1124,#700,.T.);
#1374=EDGE_CURVE('',#1124,#1125,#524,.T.);
#1375=EDGE_CURVE('',#1125,#1123,#701,.T.);
#1376=EDGE_CURVE('',#1123,#1116,#702,.T.);
#1377=EDGE_CURVE('',#1118,#1125,#703,.T.);
#1378=EDGE_CURVE('',#1126,#1127,#525,.T.);
#1379=EDGE_CURVE('',#1126,#1128,#704,.T.);
#1380=EDGE_CURVE('',#1128,#1129,#526,.T.);
#1381=EDGE_CURVE('',#1129,#1127,#705,.T.);
#1382=EDGE_CURVE('',#1127,#1122,#706,.T.);
#1383=EDGE_CURVE('',#1124,#1129,#707,.T.);
#1384=EDGE_CURVE('',#1121,#1130,#527,.T.);
#1385=EDGE_CURVE('',#1120,#1131,#528,.T.);
#1386=EDGE_CURVE('',#1131,#1130,#708,.T.);
#1387=EDGE_CURVE('',#1130,#1126,#709,.T.);
#1388=EDGE_CURVE('',#1128,#1131,#710,.T.);
#1389=EDGE_CURVE('',#1115,#1132,#711,.T.);
#1390=EDGE_CURVE('',#1133,#1132,#529,.T.);
#1391=EDGE_CURVE('',#1133,#1134,#712,.T.);
#1392=EDGE_CURVE('',#1112,#1134,#530,.T.);
#1393=EDGE_CURVE('',#1134,#1107,#713,.T.);
#1394=EDGE_CURVE('',#1106,#1133,#714,.T.);
#1395=EDGE_CURVE('',#1132,#1105,#715,.T.);
#1396=EDGE_CURVE('',#1135,#1135,#531,.T.);
#1397=EDGE_CURVE('',#1135,#1136,#716,.T.);
#1398=EDGE_CURVE('',#1136,#1136,#532,.T.);
#1399=EDGE_CURVE('',#1136,#1137,#717,.T.);
#1400=EDGE_CURVE('',#1137,#1137,#533,.T.);
#1401=EDGE_CURVE('',#1138,#1138,#534,.T.);
#1402=EDGE_CURVE('',#1138,#1139,#718,.T.);
#1403=EDGE_CURVE('',#1139,#1139,#535,.T.);
#1404=EDGE_CURVE('',#1139,#1140,#719,.T.);
#1405=EDGE_CURVE('',#1140,#1140,#536,.T.);
#1406=EDGE_CURVE('',#1141,#1141,#537,.T.);
#1407=EDGE_CURVE('',#1141,#1142,#720,.T.);
#1408=EDGE_CURVE('',#1142,#1142,#538,.T.);
#1409=EDGE_CURVE('',#1142,#1143,#721,.T.);
#1410=EDGE_CURVE('',#1143,#1143,#539,.T.);
#1411=EDGE_CURVE('',#1144,#1144,#540,.T.);
#1412=EDGE_CURVE('',#1144,#1145,#722,.T.);
#1413=EDGE_CURVE('',#1145,#1145,#541,.T.);
#1414=EDGE_CURVE('',#1145,#1146,#723,.T.);
#1415=EDGE_CURVE('',#1146,#1146,#542,.T.);
#1416=EDGE_CURVE('',#1147,#1147,#543,.T.);
#1417=EDGE_CURVE('',#1147,#1091,#544,.T.);
#1418=EDGE_CURVE('',#1138,#1147,#724,.T.);
#1419=EDGE_CURVE('',#1148,#1148,#545,.T.);
#1420=EDGE_CURVE('',#1148,#1102,#546,.T.);
#1421=EDGE_CURVE('',#1141,#1148,#725,.T.);
#1422=EDGE_CURVE('',#1149,#1149,#547,.T.);
#1423=EDGE_CURVE('',#1149,#1092,#548,.T.);
#1424=EDGE_CURVE('',#1135,#1149,#726,.T.);
#1425=EDGE_CURVE('',#1150,#1150,#549,.T.);
#1426=EDGE_CURVE('',#1150,#1101,#550,.T.);
#1427=EDGE_CURVE('',#1144,#1150,#727,.T.);
#1428=EDGE_CURVE('',#1151,#1152,#551,.T.);
#1429=EDGE_CURVE('',#1152,#1075,#728,.T.);
#1430=EDGE_CURVE('',#1076,#1151,#729,.T.);
#1431=EDGE_CURVE('',#1153,#1152,#730,.T.);
#1432=EDGE_CURVE('',#1077,#1153,#731,.T.);
#1433=EDGE_CURVE('',#1153,#1154,#552,.T.);
#1434=EDGE_CURVE('',#1154,#1078,#732,.T.);
#1435=EDGE_CURVE('',#1155,#1156,#553,.T.);
#1436=EDGE_CURVE('',#1156,#1080,#733,.T.);
#1437=EDGE_CURVE('',#1079,#1155,#734,.T.);
#1438=EDGE_CURVE('',#1157,#1156,#735,.T.);
#1439=EDGE_CURVE('',#1081,#1157,#736,.T.);
#1440=EDGE_CURVE('',#1157,#1158,#554,.T.);
#1441=EDGE_CURVE('',#1158,#1082,#737,.T.);
#1442=EDGE_CURVE('',#1159,#1159,#555,.T.);
#1443=EDGE_CURVE('',#1159,#1160,#738,.T.);
#1444=EDGE_CURVE('',#1160,#1160,#556,.T.);
#1445=EDGE_CURVE('',#1161,#1161,#557,.T.);
#1446=EDGE_CURVE('',#1161,#1162,#739,.T.);
#1447=EDGE_CURVE('',#1162,#1162,#558,.T.);
#1448=EDGE_CURVE('',#1163,#1163,#559,.T.);
#1449=EDGE_CURVE('',#1163,#1164,#740,.T.);
#1450=EDGE_CURVE('',#1164,#1164,#560,.T.);
#1451=EDGE_CURVE('',#1165,#1165,#561,.T.);
#1452=EDGE_CURVE('',#1165,#1166,#741,.T.);
#1453=EDGE_CURVE('',#1166,#1166,#562,.T.);
#1454=EDGE_CURVE('',#1060,#1167,#742,.T.);
#1455=EDGE_CURVE('',#1167,#1065,#743,.T.);
#1456=EDGE_CURVE('',#1167,#1168,#744,.T.);
#1457=EDGE_CURVE('',#1168,#1064,#745,.T.);
#1458=EDGE_CURVE('',#1169,#1168,#746,.T.);
#1459=EDGE_CURVE('',#1169,#1063,#747,.T.);
#1460=EDGE_CURVE('',#1170,#1169,#748,.T.);
#1461=EDGE_CURVE('',#1170,#1062,#749,.T.);
#1462=EDGE_CURVE('',#1066,#1170,#750,.T.);
#1463=EDGE_CURVE('',#1171,#1071,#751,.T.);
#1464=EDGE_CURVE('',#1172,#1171,#752,.T.);
#1465=EDGE_CURVE('',#1072,#1172,#753,.T.);
#1466=EDGE_CURVE('',#1172,#1173,#754,.T.);
#1467=EDGE_CURVE('',#1174,#1171,#755,.T.);
#1468=EDGE_CURVE('',#1173,#1174,#756,.T.);
#1469=EDGE_CURVE('',#1173,#1175,#757,.T.);
#1470=EDGE_CURVE('',#1176,#1174,#758,.T.);
#1471=EDGE_CURVE('',#1175,#1176,#759,.T.);
#1472=EDGE_CURVE('',#1177,#1175,#760,.T.);
#1473=EDGE_CURVE('',#1178,#1176,#761,.T.);
#1474=EDGE_CURVE('',#1177,#1178,#762,.T.);
#1475=EDGE_CURVE('',#1179,#1177,#763,.T.);
#1476=EDGE_CURVE('',#1180,#1178,#764,.T.);
#1477=EDGE_CURVE('',#1179,#1180,#765,.T.);
#1478=EDGE_CURVE('',#1181,#1179,#766,.T.);
#1479=EDGE_CURVE('',#1182,#1180,#767,.T.);
#1480=EDGE_CURVE('',#1181,#1182,#768,.T.);
#1481=EDGE_CURVE('',#1069,#1181,#769,.T.);
#1482=EDGE_CURVE('',#1070,#1182,#770,.T.);
#1483=EDGE_CURVE('',#1183,#1093,#563,.T.);
#1484=EDGE_CURVE('',#1094,#1184,#564,.T.);
#1485=EDGE_CURVE('',#1184,#1183,#771,.T.);
#1486=EDGE_CURVE('',#1100,#1185,#565,.T.);
#1487=EDGE_CURVE('',#1185,#1184,#483,.T.);
#1488=EDGE_CURVE('',#1099,#1186,#566,.T.);
#1489=EDGE_CURVE('',#1186,#1185,#772,.T.);
#1490=EDGE_CURVE('',#1098,#1187,#567,.T.);
#1491=EDGE_CURVE('',#1187,#1186,#484,.T.);
#1492=EDGE_CURVE('',#1097,#1188,#568,.T.);
#1493=EDGE_CURVE('',#1188,#1187,#773,.T.);
#1494=EDGE_CURVE('',#1096,#1189,#569,.T.);
#1495=EDGE_CURVE('',#1189,#1188,#485,.T.);
#1496=EDGE_CURVE('',#1095,#1190,#570,.T.);
#1497=EDGE_CURVE('',#1190,#1189,#774,.T.);
#1498=EDGE_CURVE('',#1183,#1190,#486,.T.);
#1499=EDGE_CURVE('',#1189,#1191,#775,.T.);
#1500=EDGE_CURVE('',#1192,#1191,#19,.T.);
#1501=EDGE_CURVE('',#1188,#1192,#776,.T.);
#1502=EDGE_CURVE('',#1193,#1190,#777,.T.);
#1503=EDGE_CURVE('',#1193,#1191,#778,.T.);
#1504=EDGE_CURVE('',#1183,#1194,#779,.T.);
#1505=EDGE_CURVE('',#1193,#1194,#20,.T.);
#1506=EDGE_CURVE('',#1184,#1195,#780,.T.);
#1507=EDGE_CURVE('',#1196,#1195,#487,.T.);
#1508=EDGE_CURVE('',#1196,#1197,#781,.T.);
#1509=EDGE_CURVE('',#1194,#1197,#488,.T.);
#1510=EDGE_CURVE('',#1155,#1154,#782,.T.);
#1511=EDGE_CURVE('',#1151,#1158,#783,.T.);
#1512=EDGE_CURVE('',#1198,#1199,#571,.T.);
#1513=EDGE_CURVE('',#1199,#1200,#784,.T.);
#1514=EDGE_CURVE('',#1200,#1201,#572,.T.);
#1515=EDGE_CURVE('',#1201,#1198,#785,.T.);
#1516=EDGE_CURVE('',#1202,#1203,#573,.T.);
#1517=EDGE_CURVE('',#1203,#1201,#574,.T.);
#1518=EDGE_CURVE('',#1200,#1202,#575,.T.);
#1519=EDGE_CURVE('',#1204,#1205,#576,.T.);
#1520=EDGE_CURVE('',#1205,#1203,#786,.T.);
#1521=EDGE_CURVE('',#1202,#1204,#787,.T.);
#1522=EDGE_CURVE('',#1206,#1207,#577,.T.);
#1523=EDGE_CURVE('',#1207,#1205,#578,.T.);
#1524=EDGE_CURVE('',#1204,#1206,#579,.T.);
#1525=EDGE_CURVE('',#1208,#1209,#580,.T.);
#1526=EDGE_CURVE('',#1209,#1207,#788,.T.);
#1527=EDGE_CURVE('',#1206,#1208,#789,.T.);
#1528=EDGE_CURVE('',#1210,#1211,#581,.T.);
#1529=EDGE_CURVE('',#1211,#1209,#582,.T.);
#1530=EDGE_CURVE('',#1208,#1210,#583,.T.);
#1531=EDGE_CURVE('',#1212,#1213,#584,.T.);
#1532=EDGE_CURVE('',#1213,#1211,#790,.T.);
#1533=EDGE_CURVE('',#1210,#1212,#791,.T.);
#1534=EDGE_CURVE('',#1214,#1215,#585,.T.);
#1535=EDGE_CURVE('',#1215,#1213,#586,.T.);
#1536=EDGE_CURVE('',#1212,#1214,#587,.T.);
#1537=EDGE_CURVE('',#1216,#1217,#588,.T.);
#1538=EDGE_CURVE('',#1217,#1215,#792,.T.);
#1539=EDGE_CURVE('',#1214,#1216,#793,.T.);
#1540=EDGE_CURVE('',#1218,#1219,#589,.T.);
#1541=EDGE_CURVE('',#1219,#1217,#590,.T.);
#1542=EDGE_CURVE('',#1216,#1218,#591,.T.);
#1543=EDGE_CURVE('',#1220,#1221,#592,.T.);
#1544=EDGE_CURVE('',#1221,#1219,#794,.T.);
#1545=EDGE_CURVE('',#1218,#1220,#795,.T.);
#1546=EDGE_CURVE('',#1222,#1223,#593,.T.);
#1547=EDGE_CURVE('',#1223,#1221,#594,.T.);
#1548=EDGE_CURVE('',#1220,#1222,#595,.T.);
#1549=EDGE_CURVE('',#1224,#1225,#596,.T.);
#1550=EDGE_CURVE('',#1225,#1223,#796,.T.);
#1551=EDGE_CURVE('',#1222,#1224,#797,.T.);
#1552=EDGE_CURVE('',#1226,#1227,#597,.T.);
#1553=EDGE_CURVE('',#1227,#1225,#598,.T.);
#1554=EDGE_CURVE('',#1224,#1226,#599,.T.);
#1555=EDGE_CURVE('',#1228,#1229,#600,.T.);
#1556=EDGE_CURVE('',#1229,#1227,#798,.T.);
#1557=EDGE_CURVE('',#1226,#1228,#799,.T.);
#1558=EDGE_CURVE('',#1228,#1199,#601,.T.);
#1559=EDGE_CURVE('',#1198,#1229,#602,.T.);
#1560=EDGE_CURVE('',#1230,#1225,#800,.T.);
#1561=EDGE_CURVE('',#1231,#1230,#801,.T.);
#1562=EDGE_CURVE('',#1232,#1231,#603,.T.);
#1563=EDGE_CURVE('',#1233,#1232,#802,.T.);
#1564=EDGE_CURVE('',#1234,#1233,#604,.T.);
#1565=EDGE_CURVE('',#1235,#1234,#803,.T.);
#1566=EDGE_CURVE('',#1236,#1235,#804,.T.);
#1567=EDGE_CURVE('',#1237,#1236,#805,.T.);
#1568=EDGE_CURVE('',#1238,#1237,#605,.T.);
#1569=EDGE_CURVE('',#1239,#1238,#806,.T.);
#1570=EDGE_CURVE('',#1240,#1239,#606,.T.);
#1571=EDGE_CURVE('',#1241,#1240,#807,.T.);
#1572=EDGE_CURVE('',#1241,#1211,#808,.T.);
#1573=EDGE_CURVE('',#1242,#1227,#809,.T.);
#1574=EDGE_CURVE('',#1230,#1242,#607,.T.);
#1575=EDGE_CURVE('',#1212,#1206,#810,.T.);
#1576=EDGE_CURVE('',#1243,#1243,#608,.T.);
#1577=EDGE_CURVE('',#1204,#1214,#811,.T.);
#1578=EDGE_CURVE('',#1244,#1245,#609,.T.);
#1579=EDGE_CURVE('',#1245,#1193,#812,.T.);
#1580=EDGE_CURVE('',#1197,#1244,#813,.T.);
#1581=EDGE_CURVE('',#1246,#1247,#610,.T.);
#1582=EDGE_CURVE('',#1247,#1245,#611,.T.);
#1583=EDGE_CURVE('',#1244,#1246,#612,.T.);
#1584=EDGE_CURVE('',#1248,#1249,#613,.T.);
#1585=EDGE_CURVE('',#1249,#1247,#814,.T.);
#1586=EDGE_CURVE('',#1246,#1248,#815,.T.);
#1587=EDGE_CURVE('',#1250,#1251,#614,.T.);
#1588=EDGE_CURVE('',#1251,#1249,#615,.T.);
#1589=EDGE_CURVE('',#1248,#1250,#616,.T.);
#1590=EDGE_CURVE('',#1252,#1242,#617,.T.);
#1591=EDGE_CURVE('',#1242,#1251,#816,.T.);
#1592=EDGE_CURVE('',#1250,#1252,#817,.T.);
#1593=EDGE_CURVE('',#1253,#1230,#618,.T.);
#1594=EDGE_CURVE('',#1252,#1253,#619,.T.);
#1595=EDGE_CURVE('',#1254,#1231,#620,.T.);
#1596=EDGE_CURVE('',#1253,#1254,#818,.T.);
#1597=EDGE_CURVE('',#1255,#1232,#621,.T.);
#1598=EDGE_CURVE('',#1254,#1255,#622,.T.);
#1599=EDGE_CURVE('',#1256,#1233,#623,.T.);
#1600=EDGE_CURVE('',#1255,#1256,#819,.T.);
#1601=EDGE_CURVE('',#1257,#1234,#624,.T.);
#1602=EDGE_CURVE('',#1256,#1257,#625,.T.);
#1603=EDGE_CURVE('',#1257,#1196,#820,.T.);
#1604=EDGE_CURVE('',#1195,#1235,#21,.T.);
#1605=EDGE_CURVE('',#1185,#1235,#821,.T.);
#1606=EDGE_CURVE('',#1258,#1209,#822,.T.);
#1607=EDGE_CURVE('',#1259,#1258,#823,.T.);
#1608=EDGE_CURVE('',#1260,#1259,#626,.T.);
#1609=EDGE_CURVE('',#1261,#1260,#824,.T.);
#1610=EDGE_CURVE('',#1262,#1261,#627,.T.);
#1611=EDGE_CURVE('',#1191,#1262,#825,.T.);
#1612=EDGE_CURVE('',#1236,#1186,#826,.T.);
#1613=EDGE_CURVE('',#1262,#1263,#628,.T.);
#1614=EDGE_CURVE('',#1263,#1264,#827,.T.);
#1615=EDGE_CURVE('',#1264,#1192,#489,.T.);
#1616=EDGE_CURVE('',#1261,#1265,#629,.T.);
#1617=EDGE_CURVE('',#1265,#1263,#630,.T.);
#1618=EDGE_CURVE('',#1260,#1266,#631,.T.);
#1619=EDGE_CURVE('',#1266,#1265,#828,.T.);
#1620=EDGE_CURVE('',#1259,#1267,#632,.T.);
#1621=EDGE_CURVE('',#1267,#1266,#633,.T.);
#1622=EDGE_CURVE('',#1258,#1268,#634,.T.);
#1623=EDGE_CURVE('',#1268,#1267,#829,.T.);
#1624=EDGE_CURVE('',#1241,#1269,#635,.T.);
#1625=EDGE_CURVE('',#1269,#1268,#636,.T.);
#1626=EDGE_CURVE('',#1258,#1241,#637,.T.);
#1627=EDGE_CURVE('',#1240,#1270,#638,.T.);
#1628=EDGE_CURVE('',#1270,#1269,#830,.T.);
#1629=EDGE_CURVE('',#1239,#1271,#639,.T.);
#1630=EDGE_CURVE('',#1271,#1270,#640,.T.);
#1631=EDGE_CURVE('',#1238,#1272,#641,.T.);
#1632=EDGE_CURVE('',#1272,#1271,#831,.T.);
#1633=EDGE_CURVE('',#1237,#1273,#642,.T.);
#1634=EDGE_CURVE('',#1273,#1272,#643,.T.);
#1635=EDGE_CURVE('',#1274,#1273,#832,.T.);
#1636=EDGE_CURVE('',#1236,#1275,#22,.T.);
#1637=EDGE_CURVE('',#1275,#1274,#490,.T.);
#1638=EDGE_CURVE('',#1187,#1275,#833,.T.);
#1639=EDGE_CURVE('',#1267,#1270,#834,.T.);
#1640=EDGE_CURVE('',#1276,#1276,#644,.T.);
#1641=EDGE_CURVE('',#1271,#1266,#835,.T.);
#1642=EDGE_CURVE('',#1265,#1272,#836,.T.);
#1643=EDGE_CURVE('',#1273,#1263,#837,.T.);
#1644=EDGE_CURVE('',#1264,#1274,#838,.T.);
#1645=EDGE_CURVE('',#1216,#1202,#839,.T.);
#1646=EDGE_CURVE('',#1220,#1199,#840,.T.);
#1647=EDGE_CURVE('',#1228,#1222,#841,.T.);
#1648=EDGE_CURVE('',#1277,#1277,#645,.T.);
#1649=EDGE_CURVE('',#1248,#1255,#842,.T.);
#1650=EDGE_CURVE('',#1254,#1250,#843,.T.);
#1651=EDGE_CURVE('',#1256,#1246,#844,.T.);
#1652=EDGE_CURVE('',#1244,#1257,#845,.T.);
#1653=EDGE_CURVE('',#1218,#1200,#846,.T.);
#1654=EDGE_CURVE('',#1277,#1278,#847,.T.);
#1655=EDGE_CURVE('',#1278,#1278,#646,.T.);
#1656=EDGE_CURVE('',#1243,#1276,#848,.T.);
#1657=ORIENTED_EDGE('',*,*,#1279,.T.);
#1658=ORIENTED_EDGE('',*,*,#1280,.T.);
#1659=ORIENTED_EDGE('',*,*,#1281,.T.);
#1660=ORIENTED_EDGE('',*,*,#1282,.T.);
#1661=ORIENTED_EDGE('',*,*,#1283,.T.);
#1662=ORIENTED_EDGE('',*,*,#1284,.T.);
#1663=ORIENTED_EDGE('',*,*,#1285,.T.);
#1664=ORIENTED_EDGE('',*,*,#1286,.T.);
#1665=ORIENTED_EDGE('',*,*,#1287,.T.);
#1666=ORIENTED_EDGE('',*,*,#1286,.F.);
#1667=ORIENTED_EDGE('',*,*,#1288,.T.);
#1668=ORIENTED_EDGE('',*,*,#1282,.F.);
#1669=ORIENTED_EDGE('',*,*,#1279,.F.);
#1670=ORIENTED_EDGE('',*,*,#1289,.F.);
#1671=ORIENTED_EDGE('',*,*,#1290,.F.);
#1672=ORIENTED_EDGE('',*,*,#1291,.F.);
#1673=ORIENTED_EDGE('',*,*,#1288,.F.);
#1674=ORIENTED_EDGE('',*,*,#1292,.T.);
#1675=ORIENTED_EDGE('',*,*,#1293,.T.);
#1676=ORIENTED_EDGE('',*,*,#1294,.T.);
#1677=ORIENTED_EDGE('',*,*,#1295,.T.);
#1678=ORIENTED_EDGE('',*,*,#1296,.T.);
#1679=ORIENTED_EDGE('',*,*,#1297,.T.);
#1680=ORIENTED_EDGE('',*,*,#1289,.T.);
#1681=ORIENTED_EDGE('',*,*,#1285,.F.);
#1682=ORIENTED_EDGE('',*,*,#1298,.T.);
#1683=ORIENTED_EDGE('',*,*,#1299,.T.);
#1684=ORIENTED_EDGE('',*,*,#1292,.F.);
#1685=ORIENTED_EDGE('',*,*,#1300,.T.);
#1686=ORIENTED_EDGE('',*,*,#1301,.T.);
#1687=ORIENTED_EDGE('',*,*,#1302,.T.);
#1688=ORIENTED_EDGE('',*,*,#1303,.T.);
#1689=ORIENTED_EDGE('',*,*,#1304,.T.);
#1690=ORIENTED_EDGE('',*,*,#1305,.T.);
#1691=ORIENTED_EDGE('',*,*,#1306,.T.);
#1692=ORIENTED_EDGE('',*,*,#1307,.T.);
#1693=ORIENTED_EDGE('',*,*,#1308,.T.);
#1694=ORIENTED_EDGE('',*,*,#1307,.F.);
#1695=ORIENTED_EDGE('',*,*,#1309,.T.);
#1696=ORIENTED_EDGE('',*,*,#1303,.F.);
#1697=ORIENTED_EDGE('',*,*,#1310,.F.);
#1698=ORIENTED_EDGE('',*,*,#1311,.F.);
#1699=ORIENTED_EDGE('',*,*,#1312,.F.);
#1700=ORIENTED_EDGE('',*,*,#1313,.F.);
#1701=ORIENTED_EDGE('',*,*,#1314,.F.);
#1702=ORIENTED_EDGE('',*,*,#1315,.F.);
#1703=ORIENTED_EDGE('',*,*,#1316,.F.);
#1704=ORIENTED_EDGE('',*,*,#1317,.F.);
#1705=ORIENTED_EDGE('',*,*,#1318,.T.);
#1706=ORIENTED_EDGE('',*,*,#1283,.F.);
#1707=ORIENTED_EDGE('',*,*,#1287,.F.);
#1708=ORIENTED_EDGE('',*,*,#1281,.F.);
#1709=ORIENTED_EDGE('',*,*,#1319,.F.);
#1710=ORIENTED_EDGE('',*,*,#1320,.F.);
#1711=ORIENTED_EDGE('',*,*,#1321,.F.);
#1712=ORIENTED_EDGE('',*,*,#1322,.F.);
#1713=ORIENTED_EDGE('',*,*,#1323,.F.);
#1714=ORIENTED_EDGE('',*,*,#1324,.F.);
#1715=ORIENTED_EDGE('',*,*,#1325,.F.);
#1716=ORIENTED_EDGE('',*,*,#1326,.F.);
#1717=ORIENTED_EDGE('',*,*,#1327,.F.);
#1718=ORIENTED_EDGE('',*,*,#1328,.F.);
#1719=ORIENTED_EDGE('',*,*,#1329,.F.);
#1720=ORIENTED_EDGE('',*,*,#1330,.F.);
#1721=ORIENTED_EDGE('',*,*,#1331,.F.);
#1722=ORIENTED_EDGE('',*,*,#1332,.F.);
#1723=ORIENTED_EDGE('',*,*,#1333,.F.);
#1724=ORIENTED_EDGE('',*,*,#1334,.F.);
#1725=ORIENTED_EDGE('',*,*,#1335,.F.);
#1726=ORIENTED_EDGE('',*,*,#1336,.F.);
#1727=ORIENTED_EDGE('',*,*,#1337,.T.);
#1728=ORIENTED_EDGE('',*,*,#1300,.F.);
#1729=ORIENTED_EDGE('',*,*,#1309,.F.);
#1730=ORIENTED_EDGE('',*,*,#1306,.F.);
#1731=ORIENTED_EDGE('',*,*,#1338,.F.);
#1732=ORIENTED_EDGE('',*,*,#1339,.F.);
#1733=ORIENTED_EDGE('',*,*,#1340,.T.);
#1734=ORIENTED_EDGE('',*,*,#1319,.T.);
#1735=ORIENTED_EDGE('',*,*,#1341,.T.);
#1736=ORIENTED_EDGE('',*,*,#1342,.T.);
#1737=ORIENTED_EDGE('',*,*,#1343,.T.);
#1738=ORIENTED_EDGE('',*,*,#1344,.T.);
#1739=ORIENTED_EDGE('',*,*,#1341,.F.);
#1740=ORIENTED_EDGE('',*,*,#1326,.T.);
#1741=ORIENTED_EDGE('',*,*,#1345,.T.);
#1742=ORIENTED_EDGE('',*,*,#1346,.T.);
#1743=ORIENTED_EDGE('',*,*,#1343,.F.);
#1744=ORIENTED_EDGE('',*,*,#1325,.T.);
#1745=ORIENTED_EDGE('',*,*,#1347,.T.);
#1746=ORIENTED_EDGE('',*,*,#1348,.T.);
#1747=ORIENTED_EDGE('',*,*,#1345,.F.);
#1748=ORIENTED_EDGE('',*,*,#1324,.T.);
#1749=ORIENTED_EDGE('',*,*,#1349,.T.);
#1750=ORIENTED_EDGE('',*,*,#1350,.T.);
#1751=ORIENTED_EDGE('',*,*,#1347,.F.);
#1752=ORIENTED_EDGE('',*,*,#1323,.T.);
#1753=ORIENTED_EDGE('',*,*,#1351,.T.);
#1754=ORIENTED_EDGE('',*,*,#1352,.T.);
#1755=ORIENTED_EDGE('',*,*,#1349,.F.);
#1756=ORIENTED_EDGE('',*,*,#1322,.T.);
#1757=ORIENTED_EDGE('',*,*,#1353,.T.);
#1758=ORIENTED_EDGE('',*,*,#1354,.T.);
#1759=ORIENTED_EDGE('',*,*,#1351,.F.);
#1760=ORIENTED_EDGE('',*,*,#1321,.T.);
#1761=ORIENTED_EDGE('',*,*,#1353,.F.);
#1762=ORIENTED_EDGE('',*,*,#1320,.T.);
#1763=ORIENTED_EDGE('',*,*,#1340,.F.);
#1764=ORIENTED_EDGE('',*,*,#1355,.T.);
#1765=ORIENTED_EDGE('',*,*,#1352,.F.);
#1766=ORIENTED_EDGE('',*,*,#1356,.F.);
#1767=ORIENTED_EDGE('',*,*,#1357,.F.);
#1768=ORIENTED_EDGE('',*,*,#1358,.F.);
#1769=ORIENTED_EDGE('',*,*,#1354,.F.);
#1770=ORIENTED_EDGE('',*,*,#1359,.T.);
#1771=ORIENTED_EDGE('',*,*,#1360,.T.);
#1772=ORIENTED_EDGE('',*,*,#1356,.T.);
#1773=ORIENTED_EDGE('',*,*,#1355,.F.);
#1774=ORIENTED_EDGE('',*,*,#1361,.F.);
#1775=ORIENTED_EDGE('',*,*,#1362,.F.);
#1776=ORIENTED_EDGE('',*,*,#1359,.F.);
#1777=ORIENTED_EDGE('',*,*,#1342,.F.);
#1778=ORIENTED_EDGE('',*,*,#1363,.T.);
#1779=ORIENTED_EDGE('',*,*,#1364,.T.);
#1780=ORIENTED_EDGE('',*,*,#1361,.T.);
#1781=ORIENTED_EDGE('',*,*,#1365,.F.);
#1782=ORIENTED_EDGE('',*,*,#1366,.T.);
#1783=ORIENTED_EDGE('',*,*,#1367,.T.);
#1784=ORIENTED_EDGE('',*,*,#1368,.T.);
#1785=ORIENTED_EDGE('',*,*,#1368,.F.);
#1786=ORIENTED_EDGE('',*,*,#1369,.F.);
#1787=ORIENTED_EDGE('',*,*,#1370,.F.);
#1788=ORIENTED_EDGE('',*,*,#1371,.F.);
#1789=ORIENTED_EDGE('',*,*,#1372,.F.);
#1790=ORIENTED_EDGE('',*,*,#1373,.T.);
#1791=ORIENTED_EDGE('',*,*,#1374,.T.);
#1792=ORIENTED_EDGE('',*,*,#1375,.T.);
#1793=ORIENTED_EDGE('',*,*,#1366,.F.);
#1794=ORIENTED_EDGE('',*,*,#1376,.F.);
#1795=ORIENTED_EDGE('',*,*,#1375,.F.);
#1796=ORIENTED_EDGE('',*,*,#1377,.F.);
#1797=ORIENTED_EDGE('',*,*,#1378,.F.);
#1798=ORIENTED_EDGE('',*,*,#1379,.T.);
#1799=ORIENTED_EDGE('',*,*,#1380,.T.);
#1800=ORIENTED_EDGE('',*,*,#1381,.T.);
#1801=ORIENTED_EDGE('',*,*,#1373,.F.);
#1802=ORIENTED_EDGE('',*,*,#1382,.F.);
#1803=ORIENTED_EDGE('',*,*,#1381,.F.);
#1804=ORIENTED_EDGE('',*,*,#1383,.F.);
#1805=ORIENTED_EDGE('',*,*,#1384,.F.);
#1806=ORIENTED_EDGE('',*,*,#1370,.T.);
#1807=ORIENTED_EDGE('',*,*,#1385,.T.);
#1808=ORIENTED_EDGE('',*,*,#1386,.T.);
#1809=ORIENTED_EDGE('',*,*,#1379,.F.);
#1810=ORIENTED_EDGE('',*,*,#1387,.F.);
#1811=ORIENTED_EDGE('',*,*,#1386,.F.);
#1812=ORIENTED_EDGE('',*,*,#1388,.F.);
#1813=ORIENTED_EDGE('',*,*,#1360,.F.);
#1814=ORIENTED_EDGE('',*,*,#1362,.T.);
#1815=ORIENTED_EDGE('',*,*,#1364,.F.);
#1816=ORIENTED_EDGE('',*,*,#1389,.T.);
#1817=ORIENTED_EDGE('',*,*,#1390,.F.);
#1818=ORIENTED_EDGE('',*,*,#1391,.T.);
#1819=ORIENTED_EDGE('',*,*,#1392,.F.);
#1820=ORIENTED_EDGE('',*,*,#1357,.T.);
#1821=ORIENTED_EDGE('',*,*,#1377,.T.);
#1822=ORIENTED_EDGE('',*,*,#1374,.F.);
#1823=ORIENTED_EDGE('',*,*,#1383,.T.);
#1824=ORIENTED_EDGE('',*,*,#1380,.F.);
#1825=ORIENTED_EDGE('',*,*,#1388,.T.);
#1826=ORIENTED_EDGE('',*,*,#1385,.F.);
#1827=ORIENTED_EDGE('',*,*,#1369,.T.);
#1828=ORIENTED_EDGE('',*,*,#1367,.F.);
#1829=ORIENTED_EDGE('',*,*,#1350,.F.);
#1830=ORIENTED_EDGE('',*,*,#1358,.T.);
#1831=ORIENTED_EDGE('',*,*,#1392,.T.);
#1832=ORIENTED_EDGE('',*,*,#1393,.T.);
#1833=ORIENTED_EDGE('',*,*,#1348,.F.);
#1834=ORIENTED_EDGE('',*,*,#1393,.F.);
#1835=ORIENTED_EDGE('',*,*,#1391,.F.);
#1836=ORIENTED_EDGE('',*,*,#1394,.F.);
#1837=ORIENTED_EDGE('',*,*,#1346,.F.);
#1838=ORIENTED_EDGE('',*,*,#1394,.T.);
#1839=ORIENTED_EDGE('',*,*,#1390,.T.);
#1840=ORIENTED_EDGE('',*,*,#1395,.T.);
#1841=ORIENTED_EDGE('',*,*,#1344,.F.);
#1842=ORIENTED_EDGE('',*,*,#1395,.F.);
#1843=ORIENTED_EDGE('',*,*,#1389,.F.);
#1844=ORIENTED_EDGE('',*,*,#1363,.F.);
#1845=ORIENTED_EDGE('',*,*,#1365,.T.);
#1846=ORIENTED_EDGE('',*,*,#1371,.T.);
#1847=ORIENTED_EDGE('',*,*,#1384,.T.);
#1848=ORIENTED_EDGE('',*,*,#1387,.T.);
#1849=ORIENTED_EDGE('',*,*,#1378,.T.);
#1850=ORIENTED_EDGE('',*,*,#1382,.T.);
#1851=ORIENTED_EDGE('',*,*,#1372,.T.);
#1852=ORIENTED_EDGE('',*,*,#1376,.T.);
#1853=ORIENTED_EDGE('',*,*,#1396,.T.);
#1854=ORIENTED_EDGE('',*,*,#1397,.T.);
#1855=ORIENTED_EDGE('',*,*,#1398,.T.);
#1856=ORIENTED_EDGE('',*,*,#1397,.F.);
#1857=ORIENTED_EDGE('',*,*,#1398,.F.);
#1858=ORIENTED_EDGE('',*,*,#1399,.T.);
#1859=ORIENTED_EDGE('',*,*,#1400,.T.);
#1860=ORIENTED_EDGE('',*,*,#1399,.F.);
#1861=ORIENTED_EDGE('',*,*,#1401,.T.);
#1862=ORIENTED_EDGE('',*,*,#1402,.T.);
#1863=ORIENTED_EDGE('',*,*,#1403,.T.);
#1864=ORIENTED_EDGE('',*,*,#1402,.F.);
#1865=ORIENTED_EDGE('',*,*,#1403,.F.);
#1866=ORIENTED_EDGE('',*,*,#1404,.T.);
#1867=ORIENTED_EDGE('',*,*,#1405,.T.);
#1868=ORIENTED_EDGE('',*,*,#1404,.F.);
#1869=ORIENTED_EDGE('',*,*,#1406,.T.);
#1870=ORIENTED_EDGE('',*,*,#1407,.T.);
#1871=ORIENTED_EDGE('',*,*,#1408,.T.);
#1872=ORIENTED_EDGE('',*,*,#1407,.F.);
#1873=ORIENTED_EDGE('',*,*,#1408,.F.);
#1874=ORIENTED_EDGE('',*,*,#1409,.T.);
#1875=ORIENTED_EDGE('',*,*,#1410,.T.);
#1876=ORIENTED_EDGE('',*,*,#1409,.F.);
#1877=ORIENTED_EDGE('',*,*,#1411,.T.);
#1878=ORIENTED_EDGE('',*,*,#1412,.T.);
#1879=ORIENTED_EDGE('',*,*,#1413,.T.);
#1880=ORIENTED_EDGE('',*,*,#1412,.F.);
#1881=ORIENTED_EDGE('',*,*,#1413,.F.);
#1882=ORIENTED_EDGE('',*,*,#1414,.T.);
#1883=ORIENTED_EDGE('',*,*,#1415,.T.);
#1884=ORIENTED_EDGE('',*,*,#1414,.F.);
#1885=ORIENTED_EDGE('',*,*,#1416,.T.);
#1886=ORIENTED_EDGE('',*,*,#1417,.T.);
#1887=ORIENTED_EDGE('',*,*,#1327,.T.);
#1888=ORIENTED_EDGE('',*,*,#1417,.F.);
#1889=ORIENTED_EDGE('',*,*,#1401,.F.);
#1890=ORIENTED_EDGE('',*,*,#1418,.T.);
#1891=ORIENTED_EDGE('',*,*,#1416,.F.);
#1892=ORIENTED_EDGE('',*,*,#1418,.F.);
#1893=ORIENTED_EDGE('',*,*,#1419,.T.);
#1894=ORIENTED_EDGE('',*,*,#1420,.T.);
#1895=ORIENTED_EDGE('',*,*,#1339,.T.);
#1896=ORIENTED_EDGE('',*,*,#1420,.F.);
#1897=ORIENTED_EDGE('',*,*,#1406,.F.);
#1898=ORIENTED_EDGE('',*,*,#1421,.T.);
#1899=ORIENTED_EDGE('',*,*,#1419,.F.);
#1900=ORIENTED_EDGE('',*,*,#1421,.F.);
#1901=ORIENTED_EDGE('',*,*,#1422,.T.);
#1902=ORIENTED_EDGE('',*,*,#1423,.T.);
#1903=ORIENTED_EDGE('',*,*,#1328,.T.);
#1904=ORIENTED_EDGE('',*,*,#1423,.F.);
#1905=ORIENTED_EDGE('',*,*,#1396,.F.);
#1906=ORIENTED_EDGE('',*,*,#1424,.T.);
#1907=ORIENTED_EDGE('',*,*,#1422,.F.);
#1908=ORIENTED_EDGE('',*,*,#1424,.F.);
#1909=ORIENTED_EDGE('',*,*,#1425,.T.);
#1910=ORIENTED_EDGE('',*,*,#1426,.T.);
#1911=ORIENTED_EDGE('',*,*,#1338,.T.);
#1912=ORIENTED_EDGE('',*,*,#1426,.F.);
#1913=ORIENTED_EDGE('',*,*,#1411,.F.);
#1914=ORIENTED_EDGE('',*,*,#1427,.T.);
#1915=ORIENTED_EDGE('',*,*,#1425,.F.);
#1916=ORIENTED_EDGE('',*,*,#1427,.F.);
#1917=ORIENTED_EDGE('',*,*,#1400,.F.);
#1918=ORIENTED_EDGE('',*,*,#1410,.F.);
#1919=ORIENTED_EDGE('',*,*,#1415,.F.);
#1920=ORIENTED_EDGE('',*,*,#1405,.F.);
#1921=ORIENTED_EDGE('',*,*,#1428,.T.);
#1922=ORIENTED_EDGE('',*,*,#1429,.T.);
#1923=ORIENTED_EDGE('',*,*,#1310,.T.);
#1924=ORIENTED_EDGE('',*,*,#1430,.T.);
#1925=ORIENTED_EDGE('',*,*,#1429,.F.);
#1926=ORIENTED_EDGE('',*,*,#1431,.F.);
#1927=ORIENTED_EDGE('',*,*,#1432,.F.);
#1928=ORIENTED_EDGE('',*,*,#1311,.T.);
#1929=ORIENTED_EDGE('',*,*,#1433,.T.);
#1930=ORIENTED_EDGE('',*,*,#1434,.T.);
#1931=ORIENTED_EDGE('',*,*,#1312,.T.);
#1932=ORIENTED_EDGE('',*,*,#1432,.T.);
#1933=ORIENTED_EDGE('',*,*,#1435,.T.);
#1934=ORIENTED_EDGE('',*,*,#1436,.T.);
#1935=ORIENTED_EDGE('',*,*,#1314,.T.);
#1936=ORIENTED_EDGE('',*,*,#1437,.T.);
#1937=ORIENTED_EDGE('',*,*,#1436,.F.);
#1938=ORIENTED_EDGE('',*,*,#1438,.F.);
#1939=ORIENTED_EDGE('',*,*,#1439,.F.);
#1940=ORIENTED_EDGE('',*,*,#1315,.T.);
#1941=ORIENTED_EDGE('',*,*,#1440,.T.);
#1942=ORIENTED_EDGE('',*,*,#1441,.T.);
#1943=ORIENTED_EDGE('',*,*,#1316,.T.);
#1944=ORIENTED_EDGE('',*,*,#1439,.T.);
#1945=ORIENTED_EDGE('',*,*,#1442,.F.);
#1946=ORIENTED_EDGE('',*,*,#1443,.T.);
#1947=ORIENTED_EDGE('',*,*,#1444,.T.);
#1948=ORIENTED_EDGE('',*,*,#1443,.F.);
#1949=ORIENTED_EDGE('',*,*,#1444,.F.);
#1950=ORIENTED_EDGE('',*,*,#1445,.F.);
#1951=ORIENTED_EDGE('',*,*,#1446,.T.);
#1952=ORIENTED_EDGE('',*,*,#1447,.T.);
#1953=ORIENTED_EDGE('',*,*,#1446,.F.);
#1954=ORIENTED_EDGE('',*,*,#1447,.F.);
#1955=ORIENTED_EDGE('',*,*,#1448,.F.);
#1956=ORIENTED_EDGE('',*,*,#1449,.T.);
#1957=ORIENTED_EDGE('',*,*,#1450,.T.);
#1958=ORIENTED_EDGE('',*,*,#1449,.F.);
#1959=ORIENTED_EDGE('',*,*,#1450,.F.);
#1960=ORIENTED_EDGE('',*,*,#1451,.F.);
#1961=ORIENTED_EDGE('',*,*,#1452,.T.);
#1962=ORIENTED_EDGE('',*,*,#1453,.T.);
#1963=ORIENTED_EDGE('',*,*,#1452,.F.);
#1964=ORIENTED_EDGE('',*,*,#1453,.F.);
#1965=ORIENTED_EDGE('',*,*,#1454,.F.);
#1966=ORIENTED_EDGE('',*,*,#1290,.T.);
#1967=ORIENTED_EDGE('',*,*,#1297,.F.);
#1968=ORIENTED_EDGE('',*,*,#1455,.F.);
#1969=ORIENTED_EDGE('',*,*,#1456,.F.);
#1970=ORIENTED_EDGE('',*,*,#1455,.T.);
#1971=ORIENTED_EDGE('',*,*,#1296,.F.);
#1972=ORIENTED_EDGE('',*,*,#1457,.F.);
#1973=ORIENTED_EDGE('',*,*,#1458,.T.);
#1974=ORIENTED_EDGE('',*,*,#1457,.T.);
#1975=ORIENTED_EDGE('',*,*,#1295,.F.);
#1976=ORIENTED_EDGE('',*,*,#1459,.F.);
#1977=ORIENTED_EDGE('',*,*,#1460,.T.);
#1978=ORIENTED_EDGE('',*,*,#1459,.T.);
#1979=ORIENTED_EDGE('',*,*,#1294,.F.);
#1980=ORIENTED_EDGE('',*,*,#1461,.F.);
#1981=ORIENTED_EDGE('',*,*,#1462,.T.);
#1982=ORIENTED_EDGE('',*,*,#1461,.T.);
#1983=ORIENTED_EDGE('',*,*,#1293,.F.);
#1984=ORIENTED_EDGE('',*,*,#1299,.F.);
#1985=ORIENTED_EDGE('',*,*,#1318,.F.);
#1986=ORIENTED_EDGE('',*,*,#1280,.F.);
#1987=ORIENTED_EDGE('',*,*,#1291,.T.);
#1988=ORIENTED_EDGE('',*,*,#1454,.T.);
#1989=ORIENTED_EDGE('',*,*,#1456,.T.);
#1990=ORIENTED_EDGE('',*,*,#1458,.F.);
#1991=ORIENTED_EDGE('',*,*,#1460,.F.);
#1992=ORIENTED_EDGE('',*,*,#1462,.F.);
#1993=ORIENTED_EDGE('',*,*,#1298,.F.);
#1994=ORIENTED_EDGE('',*,*,#1284,.F.);
#1995=ORIENTED_EDGE('',*,*,#1448,.T.);
#1996=ORIENTED_EDGE('',*,*,#1451,.T.);
#1997=ORIENTED_EDGE('',*,*,#1304,.F.);
#1998=ORIENTED_EDGE('',*,*,#1463,.F.);
#1999=ORIENTED_EDGE('',*,*,#1464,.F.);
#2000=ORIENTED_EDGE('',*,*,#1465,.F.);
#2001=ORIENTED_EDGE('',*,*,#1466,.F.);
#2002=ORIENTED_EDGE('',*,*,#1464,.T.);
#2003=ORIENTED_EDGE('',*,*,#1467,.F.);
#2004=ORIENTED_EDGE('',*,*,#1468,.F.);
#2005=ORIENTED_EDGE('',*,*,#1469,.F.);
#2006=ORIENTED_EDGE('',*,*,#1468,.T.);
#2007=ORIENTED_EDGE('',*,*,#1470,.F.);
#2008=ORIENTED_EDGE('',*,*,#1471,.F.);
#2009=ORIENTED_EDGE('',*,*,#1472,.T.);
#2010=ORIENTED_EDGE('',*,*,#1471,.T.);
#2011=ORIENTED_EDGE('',*,*,#1473,.F.);
#2012=ORIENTED_EDGE('',*,*,#1474,.F.);
#2013=ORIENTED_EDGE('',*,*,#1475,.T.);
#2014=ORIENTED_EDGE('',*,*,#1474,.T.);
#2015=ORIENTED_EDGE('',*,*,#1476,.F.);
#2016=ORIENTED_EDGE('',*,*,#1477,.F.);
#2017=ORIENTED_EDGE('',*,*,#1478,.T.);
#2018=ORIENTED_EDGE('',*,*,#1477,.T.);
#2019=ORIENTED_EDGE('',*,*,#1479,.F.);
#2020=ORIENTED_EDGE('',*,*,#1480,.F.);
#2021=ORIENTED_EDGE('',*,*,#1302,.F.);
#2022=ORIENTED_EDGE('',*,*,#1481,.T.);
#2023=ORIENTED_EDGE('',*,*,#1480,.T.);
#2024=ORIENTED_EDGE('',*,*,#1482,.F.);
#2025=ORIENTED_EDGE('',*,*,#1308,.F.);
#2026=ORIENTED_EDGE('',*,*,#1482,.T.);
#2027=ORIENTED_EDGE('',*,*,#1479,.T.);
#2028=ORIENTED_EDGE('',*,*,#1476,.T.);
#2029=ORIENTED_EDGE('',*,*,#1473,.T.);
#2030=ORIENTED_EDGE('',*,*,#1470,.T.);
#2031=ORIENTED_EDGE('',*,*,#1467,.T.);
#2032=ORIENTED_EDGE('',*,*,#1463,.T.);
#2033=ORIENTED_EDGE('',*,*,#1337,.F.);
#2034=ORIENTED_EDGE('',*,*,#1305,.F.);
#2035=ORIENTED_EDGE('',*,*,#1465,.T.);
#2036=ORIENTED_EDGE('',*,*,#1466,.T.);
#2037=ORIENTED_EDGE('',*,*,#1469,.T.);
#2038=ORIENTED_EDGE('',*,*,#1472,.F.);
#2039=ORIENTED_EDGE('',*,*,#1475,.F.);
#2040=ORIENTED_EDGE('',*,*,#1478,.F.);
#2041=ORIENTED_EDGE('',*,*,#1481,.F.);
#2042=ORIENTED_EDGE('',*,*,#1301,.F.);
#2043=ORIENTED_EDGE('',*,*,#1442,.T.);
#2044=ORIENTED_EDGE('',*,*,#1445,.T.);
#2045=ORIENTED_EDGE('',*,*,#1483,.T.);
#2046=ORIENTED_EDGE('',*,*,#1329,.T.);
#2047=ORIENTED_EDGE('',*,*,#1484,.T.);
#2048=ORIENTED_EDGE('',*,*,#1485,.T.);
#2049=ORIENTED_EDGE('',*,*,#1486,.T.);
#2050=ORIENTED_EDGE('',*,*,#1487,.T.);
#2051=ORIENTED_EDGE('',*,*,#1484,.F.);
#2052=ORIENTED_EDGE('',*,*,#1336,.T.);
#2053=ORIENTED_EDGE('',*,*,#1488,.T.);
#2054=ORIENTED_EDGE('',*,*,#1489,.T.);
#2055=ORIENTED_EDGE('',*,*,#1486,.F.);
#2056=ORIENTED_EDGE('',*,*,#1335,.T.);
#2057=ORIENTED_EDGE('',*,*,#1490,.T.);
#2058=ORIENTED_EDGE('',*,*,#1491,.T.);
#2059=ORIENTED_EDGE('',*,*,#1488,.F.);
#2060=ORIENTED_EDGE('',*,*,#1334,.T.);
#2061=ORIENTED_EDGE('',*,*,#1492,.T.);
#2062=ORIENTED_EDGE('',*,*,#1493,.T.);
#2063=ORIENTED_EDGE('',*,*,#1490,.F.);
#2064=ORIENTED_EDGE('',*,*,#1333,.T.);
#2065=ORIENTED_EDGE('',*,*,#1494,.T.);
#2066=ORIENTED_EDGE('',*,*,#1495,.T.);
#2067=ORIENTED_EDGE('',*,*,#1492,.F.);
#2068=ORIENTED_EDGE('',*,*,#1332,.T.);
#2069=ORIENTED_EDGE('',*,*,#1496,.T.);
#2070=ORIENTED_EDGE('',*,*,#1497,.T.);
#2071=ORIENTED_EDGE('',*,*,#1494,.F.);
#2072=ORIENTED_EDGE('',*,*,#1331,.T.);
#2073=ORIENTED_EDGE('',*,*,#1483,.F.);
#2074=ORIENTED_EDGE('',*,*,#1498,.T.);
#2075=ORIENTED_EDGE('',*,*,#1496,.F.);
#2076=ORIENTED_EDGE('',*,*,#1330,.T.);
#2077=ORIENTED_EDGE('',*,*,#1495,.F.);
#2078=ORIENTED_EDGE('',*,*,#1499,.T.);
#2079=ORIENTED_EDGE('',*,*,#1500,.F.);
#2080=ORIENTED_EDGE('',*,*,#1501,.F.);
#2081=ORIENTED_EDGE('',*,*,#1497,.F.);
#2082=ORIENTED_EDGE('',*,*,#1502,.F.);
#2083=ORIENTED_EDGE('',*,*,#1503,.T.);
#2084=ORIENTED_EDGE('',*,*,#1499,.F.);
#2085=ORIENTED_EDGE('',*,*,#1498,.F.);
#2086=ORIENTED_EDGE('',*,*,#1504,.T.);
#2087=ORIENTED_EDGE('',*,*,#1505,.F.);
#2088=ORIENTED_EDGE('',*,*,#1502,.T.);
#2089=ORIENTED_EDGE('',*,*,#1485,.F.);
#2090=ORIENTED_EDGE('',*,*,#1506,.T.);
#2091=ORIENTED_EDGE('',*,*,#1507,.F.);
#2092=ORIENTED_EDGE('',*,*,#1508,.T.);
#2093=ORIENTED_EDGE('',*,*,#1509,.F.);
#2094=ORIENTED_EDGE('',*,*,#1504,.F.);
#2095=ORIENTED_EDGE('',*,*,#1434,.F.);
#2096=ORIENTED_EDGE('',*,*,#1510,.F.);
#2097=ORIENTED_EDGE('',*,*,#1437,.F.);
#2098=ORIENTED_EDGE('',*,*,#1313,.T.);
#2099=ORIENTED_EDGE('',*,*,#1430,.F.);
#2100=ORIENTED_EDGE('',*,*,#1317,.T.);
#2101=ORIENTED_EDGE('',*,*,#1441,.F.);
#2102=ORIENTED_EDGE('',*,*,#1511,.F.);
#2103=ORIENTED_EDGE('',*,*,#1428,.F.);
#2104=ORIENTED_EDGE('',*,*,#1511,.T.);
#2105=ORIENTED_EDGE('',*,*,#1440,.F.);
#2106=ORIENTED_EDGE('',*,*,#1438,.T.);
#2107=ORIENTED_EDGE('',*,*,#1435,.F.);
#2108=ORIENTED_EDGE('',*,*,#1510,.T.);
#2109=ORIENTED_EDGE('',*,*,#1433,.F.);
#2110=ORIENTED_EDGE('',*,*,#1431,.T.);
#2111=ORIENTED_EDGE('',*,*,#1512,.T.);
#2112=ORIENTED_EDGE('',*,*,#1513,.T.);
#2113=ORIENTED_EDGE('',*,*,#1514,.T.);
#2114=ORIENTED_EDGE('',*,*,#1515,.T.);
#2115=ORIENTED_EDGE('',*,*,#1516,.T.);
#2116=ORIENTED_EDGE('',*,*,#1517,.T.);
#2117=ORIENTED_EDGE('',*,*,#1514,.F.);
#2118=ORIENTED_EDGE('',*,*,#1518,.T.);
#2119=ORIENTED_EDGE('',*,*,#1519,.T.);
#2120=ORIENTED_EDGE('',*,*,#1520,.T.);
#2121=ORIENTED_EDGE('',*,*,#1516,.F.);
#2122=ORIENTED_EDGE('',*,*,#1521,.T.);
#2123=ORIENTED_EDGE('',*,*,#1522,.T.);
#2124=ORIENTED_EDGE('',*,*,#1523,.T.);
#2125=ORIENTED_EDGE('',*,*,#1519,.F.);
#2126=ORIENTED_EDGE('',*,*,#1524,.T.);
#2127=ORIENTED_EDGE('',*,*,#1525,.T.);
#2128=ORIENTED_EDGE('',*,*,#1526,.T.);
#2129=ORIENTED_EDGE('',*,*,#1522,.F.);
#2130=ORIENTED_EDGE('',*,*,#1527,.T.);
#2131=ORIENTED_EDGE('',*,*,#1528,.T.);
#2132=ORIENTED_EDGE('',*,*,#1529,.T.);
#2133=ORIENTED_EDGE('',*,*,#1525,.F.);
#2134=ORIENTED_EDGE('',*,*,#1530,.T.);
#2135=ORIENTED_EDGE('',*,*,#1531,.T.);
#2136=ORIENTED_EDGE('',*,*,#1532,.T.);
#2137=ORIENTED_EDGE('',*,*,#1528,.F.);
#2138=ORIENTED_EDGE('',*,*,#1533,.T.);
#2139=ORIENTED_EDGE('',*,*,#1534,.T.);
#2140=ORIENTED_EDGE('',*,*,#1535,.T.);
#2141=ORIENTED_EDGE('',*,*,#1531,.F.);
#2142=ORIENTED_EDGE('',*,*,#1536,.T.);
#2143=ORIENTED_EDGE('',*,*,#1537,.T.);
#2144=ORIENTED_EDGE('',*,*,#1538,.T.);
#2145=ORIENTED_EDGE('',*,*,#1534,.F.);
#2146=ORIENTED_EDGE('',*,*,#1539,.T.);
#2147=ORIENTED_EDGE('',*,*,#1540,.T.);
#2148=ORIENTED_EDGE('',*,*,#1541,.T.);
#2149=ORIENTED_EDGE('',*,*,#1537,.F.);
#2150=ORIENTED_EDGE('',*,*,#1542,.T.);
#2151=ORIENTED_EDGE('',*,*,#1543,.T.);
#2152=ORIENTED_EDGE('',*,*,#1544,.T.);
#2153=ORIENTED_EDGE('',*,*,#1540,.F.);
#2154=ORIENTED_EDGE('',*,*,#1545,.T.);
#2155=ORIENTED_EDGE('',*,*,#1546,.T.);
#2156=ORIENTED_EDGE('',*,*,#1547,.T.);
#2157=ORIENTED_EDGE('',*,*,#1543,.F.);
#2158=ORIENTED_EDGE('',*,*,#1548,.T.);
#2159=ORIENTED_EDGE('',*,*,#1549,.T.);
#2160=ORIENTED_EDGE('',*,*,#1550,.T.);
#2161=ORIENTED_EDGE('',*,*,#1546,.F.);
#2162=ORIENTED_EDGE('',*,*,#1551,.T.);
#2163=ORIENTED_EDGE('',*,*,#1552,.T.);
#2164=ORIENTED_EDGE('',*,*,#1553,.T.);
#2165=ORIENTED_EDGE('',*,*,#1549,.F.);
#2166=ORIENTED_EDGE('',*,*,#1554,.T.);
#2167=ORIENTED_EDGE('',*,*,#1555,.T.);
#2168=ORIENTED_EDGE('',*,*,#1556,.T.);
#2169=ORIENTED_EDGE('',*,*,#1552,.F.);
#2170=ORIENTED_EDGE('',*,*,#1557,.T.);
#2171=ORIENTED_EDGE('',*,*,#1555,.F.);
#2172=ORIENTED_EDGE('',*,*,#1558,.T.);
#2173=ORIENTED_EDGE('',*,*,#1512,.F.);
#2174=ORIENTED_EDGE('',*,*,#1559,.T.);
#2175=ORIENTED_EDGE('',*,*,#1532,.F.);
#2176=ORIENTED_EDGE('',*,*,#1535,.F.);
#2177=ORIENTED_EDGE('',*,*,#1538,.F.);
#2178=ORIENTED_EDGE('',*,*,#1541,.F.);
#2179=ORIENTED_EDGE('',*,*,#1544,.F.);
#2180=ORIENTED_EDGE('',*,*,#1547,.F.);
#2181=ORIENTED_EDGE('',*,*,#1550,.F.);
#2182=ORIENTED_EDGE('',*,*,#1560,.F.);
#2183=ORIENTED_EDGE('',*,*,#1561,.F.);
#2184=ORIENTED_EDGE('',*,*,#1562,.F.);
#2185=ORIENTED_EDGE('',*,*,#1563,.F.);
#2186=ORIENTED_EDGE('',*,*,#1564,.F.);
#2187=ORIENTED_EDGE('',*,*,#1565,.F.);
#2188=ORIENTED_EDGE('',*,*,#1566,.F.);
#2189=ORIENTED_EDGE('',*,*,#1567,.F.);
#2190=ORIENTED_EDGE('',*,*,#1568,.F.);
#2191=ORIENTED_EDGE('',*,*,#1569,.F.);
#2192=ORIENTED_EDGE('',*,*,#1570,.F.);
#2193=ORIENTED_EDGE('',*,*,#1571,.F.);
#2194=ORIENTED_EDGE('',*,*,#1572,.T.);
#2195=ORIENTED_EDGE('',*,*,#1553,.F.);
#2196=ORIENTED_EDGE('',*,*,#1573,.F.);
#2197=ORIENTED_EDGE('',*,*,#1574,.F.);
#2198=ORIENTED_EDGE('',*,*,#1560,.T.);
#2199=ORIENTED_EDGE('',*,*,#1533,.F.);
#2200=ORIENTED_EDGE('',*,*,#1530,.F.);
#2201=ORIENTED_EDGE('',*,*,#1527,.F.);
#2202=ORIENTED_EDGE('',*,*,#1575,.F.);
#2203=ORIENTED_EDGE('',*,*,#1576,.T.);
#2204=ORIENTED_EDGE('',*,*,#1536,.F.);
#2205=ORIENTED_EDGE('',*,*,#1575,.T.);
#2206=ORIENTED_EDGE('',*,*,#1524,.F.);
#2207=ORIENTED_EDGE('',*,*,#1577,.T.);
#2208=ORIENTED_EDGE('',*,*,#1578,.T.);
#2209=ORIENTED_EDGE('',*,*,#1579,.T.);
#2210=ORIENTED_EDGE('',*,*,#1505,.T.);
#2211=ORIENTED_EDGE('',*,*,#1509,.T.);
#2212=ORIENTED_EDGE('',*,*,#1580,.T.);
#2213=ORIENTED_EDGE('',*,*,#1581,.T.);
#2214=ORIENTED_EDGE('',*,*,#1582,.T.);
#2215=ORIENTED_EDGE('',*,*,#1578,.F.);
#2216=ORIENTED_EDGE('',*,*,#1583,.T.);
#2217=ORIENTED_EDGE('',*,*,#1584,.T.);
#2218=ORIENTED_EDGE('',*,*,#1585,.T.);
#2219=ORIENTED_EDGE('',*,*,#1581,.F.);
#2220=ORIENTED_EDGE('',*,*,#1586,.T.);
#2221=ORIENTED_EDGE('',*,*,#1587,.T.);
#2222=ORIENTED_EDGE('',*,*,#1588,.T.);
#2223=ORIENTED_EDGE('',*,*,#1584,.F.);
#2224=ORIENTED_EDGE('',*,*,#1589,.T.);
#2225=ORIENTED_EDGE('',*,*,#1590,.T.);
#2226=ORIENTED_EDGE('',*,*,#1591,.T.);
#2227=ORIENTED_EDGE('',*,*,#1587,.F.);
#2228=ORIENTED_EDGE('',*,*,#1592,.T.);
#2229=ORIENTED_EDGE('',*,*,#1593,.T.);
#2230=ORIENTED_EDGE('',*,*,#1574,.T.);
#2231=ORIENTED_EDGE('',*,*,#1590,.F.);
#2232=ORIENTED_EDGE('',*,*,#1594,.T.);
#2233=ORIENTED_EDGE('',*,*,#1595,.T.);
#2234=ORIENTED_EDGE('',*,*,#1561,.T.);
#2235=ORIENTED_EDGE('',*,*,#1593,.F.);
#2236=ORIENTED_EDGE('',*,*,#1596,.T.);
#2237=ORIENTED_EDGE('',*,*,#1597,.T.);
#2238=ORIENTED_EDGE('',*,*,#1562,.T.);
#2239=ORIENTED_EDGE('',*,*,#1595,.F.);
#2240=ORIENTED_EDGE('',*,*,#1598,.T.);
#2241=ORIENTED_EDGE('',*,*,#1599,.T.);
#2242=ORIENTED_EDGE('',*,*,#1563,.T.);
#2243=ORIENTED_EDGE('',*,*,#1597,.F.);
#2244=ORIENTED_EDGE('',*,*,#1600,.T.);
#2245=ORIENTED_EDGE('',*,*,#1601,.T.);
#2246=ORIENTED_EDGE('',*,*,#1564,.T.);
#2247=ORIENTED_EDGE('',*,*,#1599,.F.);
#2248=ORIENTED_EDGE('',*,*,#1602,.T.);
#2249=ORIENTED_EDGE('',*,*,#1565,.T.);
#2250=ORIENTED_EDGE('',*,*,#1601,.F.);
#2251=ORIENTED_EDGE('',*,*,#1603,.T.);
#2252=ORIENTED_EDGE('',*,*,#1507,.T.);
#2253=ORIENTED_EDGE('',*,*,#1604,.T.);
#2254=ORIENTED_EDGE('',*,*,#1487,.F.);
#2255=ORIENTED_EDGE('',*,*,#1605,.T.);
#2256=ORIENTED_EDGE('',*,*,#1604,.F.);
#2257=ORIENTED_EDGE('',*,*,#1506,.F.);
#2258=ORIENTED_EDGE('',*,*,#1526,.F.);
#2259=ORIENTED_EDGE('',*,*,#1606,.F.);
#2260=ORIENTED_EDGE('',*,*,#1607,.F.);
#2261=ORIENTED_EDGE('',*,*,#1608,.F.);
#2262=ORIENTED_EDGE('',*,*,#1609,.F.);
#2263=ORIENTED_EDGE('',*,*,#1610,.F.);
#2264=ORIENTED_EDGE('',*,*,#1611,.F.);
#2265=ORIENTED_EDGE('',*,*,#1503,.F.);
#2266=ORIENTED_EDGE('',*,*,#1579,.F.);
#2267=ORIENTED_EDGE('',*,*,#1582,.F.);
#2268=ORIENTED_EDGE('',*,*,#1585,.F.);
#2269=ORIENTED_EDGE('',*,*,#1588,.F.);
#2270=ORIENTED_EDGE('',*,*,#1591,.F.);
#2271=ORIENTED_EDGE('',*,*,#1573,.T.);
#2272=ORIENTED_EDGE('',*,*,#1556,.F.);
#2273=ORIENTED_EDGE('',*,*,#1559,.F.);
#2274=ORIENTED_EDGE('',*,*,#1515,.F.);
#2275=ORIENTED_EDGE('',*,*,#1517,.F.);
#2276=ORIENTED_EDGE('',*,*,#1520,.F.);
#2277=ORIENTED_EDGE('',*,*,#1523,.F.);
#2278=ORIENTED_EDGE('',*,*,#1489,.F.);
#2279=ORIENTED_EDGE('',*,*,#1612,.F.);
#2280=ORIENTED_EDGE('',*,*,#1566,.T.);
#2281=ORIENTED_EDGE('',*,*,#1605,.F.);
#2282=ORIENTED_EDGE('',*,*,#1613,.T.);
#2283=ORIENTED_EDGE('',*,*,#1614,.T.);
#2284=ORIENTED_EDGE('',*,*,#1615,.T.);
#2285=ORIENTED_EDGE('',*,*,#1500,.T.);
#2286=ORIENTED_EDGE('',*,*,#1611,.T.);
#2287=ORIENTED_EDGE('',*,*,#1616,.T.);
#2288=ORIENTED_EDGE('',*,*,#1617,.T.);
#2289=ORIENTED_EDGE('',*,*,#1613,.F.);
#2290=ORIENTED_EDGE('',*,*,#1610,.T.);
#2291=ORIENTED_EDGE('',*,*,#1618,.T.);
#2292=ORIENTED_EDGE('',*,*,#1619,.T.);
#2293=ORIENTED_EDGE('',*,*,#1616,.F.);
#2294=ORIENTED_EDGE('',*,*,#1609,.T.);
#2295=ORIENTED_EDGE('',*,*,#1620,.T.);
#2296=ORIENTED_EDGE('',*,*,#1621,.T.);
#2297=ORIENTED_EDGE('',*,*,#1618,.F.);
#2298=ORIENTED_EDGE('',*,*,#1608,.T.);
#2299=ORIENTED_EDGE('',*,*,#1622,.T.);
#2300=ORIENTED_EDGE('',*,*,#1623,.T.);
#2301=ORIENTED_EDGE('',*,*,#1620,.F.);
#2302=ORIENTED_EDGE('',*,*,#1607,.T.);
#2303=ORIENTED_EDGE('',*,*,#1624,.T.);
#2304=ORIENTED_EDGE('',*,*,#1625,.T.);
#2305=ORIENTED_EDGE('',*,*,#1622,.F.);
#2306=ORIENTED_EDGE('',*,*,#1626,.T.);
#2307=ORIENTED_EDGE('',*,*,#1627,.T.);
#2308=ORIENTED_EDGE('',*,*,#1628,.T.);
#2309=ORIENTED_EDGE('',*,*,#1624,.F.);
#2310=ORIENTED_EDGE('',*,*,#1571,.T.);
#2311=ORIENTED_EDGE('',*,*,#1629,.T.);
#2312=ORIENTED_EDGE('',*,*,#1630,.T.);
#2313=ORIENTED_EDGE('',*,*,#1627,.F.);
#2314=ORIENTED_EDGE('',*,*,#1570,.T.);
#2315=ORIENTED_EDGE('',*,*,#1631,.T.);
#2316=ORIENTED_EDGE('',*,*,#1632,.T.);
#2317=ORIENTED_EDGE('',*,*,#1629,.F.);
#2318=ORIENTED_EDGE('',*,*,#1569,.T.);
#2319=ORIENTED_EDGE('',*,*,#1633,.T.);
#2320=ORIENTED_EDGE('',*,*,#1634,.T.);
#2321=ORIENTED_EDGE('',*,*,#1631,.F.);
#2322=ORIENTED_EDGE('',*,*,#1568,.T.);
#2323=ORIENTED_EDGE('',*,*,#1635,.T.);
#2324=ORIENTED_EDGE('',*,*,#1633,.F.);
#2325=ORIENTED_EDGE('',*,*,#1567,.T.);
#2326=ORIENTED_EDGE('',*,*,#1636,.T.);
#2327=ORIENTED_EDGE('',*,*,#1637,.T.);
#2328=ORIENTED_EDGE('',*,*,#1491,.F.);
#2329=ORIENTED_EDGE('',*,*,#1638,.T.);
#2330=ORIENTED_EDGE('',*,*,#1636,.F.);
#2331=ORIENTED_EDGE('',*,*,#1612,.T.);
#2332=ORIENTED_EDGE('',*,*,#1623,.F.);
#2333=ORIENTED_EDGE('',*,*,#1625,.F.);
#2334=ORIENTED_EDGE('',*,*,#1628,.F.);
#2335=ORIENTED_EDGE('',*,*,#1639,.F.);
#2336=ORIENTED_EDGE('',*,*,#1640,.F.);
#2337=ORIENTED_EDGE('',*,*,#1621,.F.);
#2338=ORIENTED_EDGE('',*,*,#1639,.T.);
#2339=ORIENTED_EDGE('',*,*,#1630,.F.);
#2340=ORIENTED_EDGE('',*,*,#1641,.T.);
#2341=ORIENTED_EDGE('',*,*,#1619,.F.);
#2342=ORIENTED_EDGE('',*,*,#1641,.F.);
#2343=ORIENTED_EDGE('',*,*,#1632,.F.);
#2344=ORIENTED_EDGE('',*,*,#1642,.F.);
#2345=ORIENTED_EDGE('',*,*,#1617,.F.);
#2346=ORIENTED_EDGE('',*,*,#1642,.T.);
#2347=ORIENTED_EDGE('',*,*,#1634,.F.);
#2348=ORIENTED_EDGE('',*,*,#1643,.T.);
#2349=ORIENTED_EDGE('',*,*,#1614,.F.);
#2350=ORIENTED_EDGE('',*,*,#1643,.F.);
#2351=ORIENTED_EDGE('',*,*,#1635,.F.);
#2352=ORIENTED_EDGE('',*,*,#1644,.F.);
#2353=ORIENTED_EDGE('',*,*,#1493,.F.);
#2354=ORIENTED_EDGE('',*,*,#1501,.T.);
#2355=ORIENTED_EDGE('',*,*,#1615,.F.);
#2356=ORIENTED_EDGE('',*,*,#1644,.T.);
#2357=ORIENTED_EDGE('',*,*,#1637,.F.);
#2358=ORIENTED_EDGE('',*,*,#1638,.F.);
#2359=ORIENTED_EDGE('',*,*,#1539,.F.);
#2360=ORIENTED_EDGE('',*,*,#1577,.F.);
#2361=ORIENTED_EDGE('',*,*,#1521,.F.);
#2362=ORIENTED_EDGE('',*,*,#1645,.F.);
#2363=ORIENTED_EDGE('',*,*,#1548,.F.);
#2364=ORIENTED_EDGE('',*,*,#1646,.T.);
#2365=ORIENTED_EDGE('',*,*,#1558,.F.);
#2366=ORIENTED_EDGE('',*,*,#1647,.T.);
#2367=ORIENTED_EDGE('',*,*,#1551,.F.);
#2368=ORIENTED_EDGE('',*,*,#1647,.F.);
#2369=ORIENTED_EDGE('',*,*,#1557,.F.);
#2370=ORIENTED_EDGE('',*,*,#1554,.F.);
#2371=ORIENTED_EDGE('',*,*,#1648,.F.);
#2372=ORIENTED_EDGE('',*,*,#1589,.F.);
#2373=ORIENTED_EDGE('',*,*,#1649,.T.);
#2374=ORIENTED_EDGE('',*,*,#1598,.F.);
#2375=ORIENTED_EDGE('',*,*,#1650,.T.);
#2376=ORIENTED_EDGE('',*,*,#1586,.F.);
#2377=ORIENTED_EDGE('',*,*,#1651,.F.);
#2378=ORIENTED_EDGE('',*,*,#1600,.F.);
#2379=ORIENTED_EDGE('',*,*,#1649,.F.);
#2380=ORIENTED_EDGE('',*,*,#1583,.F.);
#2381=ORIENTED_EDGE('',*,*,#1652,.T.);
#2382=ORIENTED_EDGE('',*,*,#1602,.F.);
#2383=ORIENTED_EDGE('',*,*,#1651,.T.);
#2384=ORIENTED_EDGE('',*,*,#1580,.F.);
#2385=ORIENTED_EDGE('',*,*,#1508,.F.);
#2386=ORIENTED_EDGE('',*,*,#1603,.F.);
#2387=ORIENTED_EDGE('',*,*,#1652,.F.);
#2388=ORIENTED_EDGE('',*,*,#1542,.F.);
#2389=ORIENTED_EDGE('',*,*,#1645,.T.);
#2390=ORIENTED_EDGE('',*,*,#1518,.F.);
#2391=ORIENTED_EDGE('',*,*,#1653,.F.);
#2392=ORIENTED_EDGE('',*,*,#1545,.F.);
#2393=ORIENTED_EDGE('',*,*,#1653,.T.);
#2394=ORIENTED_EDGE('',*,*,#1513,.F.);
#2395=ORIENTED_EDGE('',*,*,#1646,.F.);
#2396=ORIENTED_EDGE('',*,*,#1648,.T.);
#2397=ORIENTED_EDGE('',*,*,#1654,.T.);
#2398=ORIENTED_EDGE('',*,*,#1655,.F.);
#2399=ORIENTED_EDGE('',*,*,#1654,.F.);
#2400=ORIENTED_EDGE('',*,*,#1592,.F.);
#2401=ORIENTED_EDGE('',*,*,#1650,.F.);
#2402=ORIENTED_EDGE('',*,*,#1596,.F.);
#2403=ORIENTED_EDGE('',*,*,#1594,.F.);
#2404=ORIENTED_EDGE('',*,*,#1655,.T.);
#2405=ORIENTED_EDGE('',*,*,#1576,.F.);
#2406=ORIENTED_EDGE('',*,*,#1656,.T.);
#2407=ORIENTED_EDGE('',*,*,#1640,.T.);
#2408=ORIENTED_EDGE('',*,*,#1656,.F.);
#2409=ORIENTED_EDGE('',*,*,#1529,.F.);
#2410=ORIENTED_EDGE('',*,*,#1572,.F.);
#2411=ORIENTED_EDGE('',*,*,#1626,.F.);
#2412=ORIENTED_EDGE('',*,*,#1606,.T.);
#2413=CYLINDRICAL_SURFACE('',#2665,2.);
#2414=CYLINDRICAL_SURFACE('',#2668,2.);
#2415=CYLINDRICAL_SURFACE('',#2671,2.);
#2416=CYLINDRICAL_SURFACE('',#2675,2.);
#2417=CYLINDRICAL_SURFACE('',#2678,2.);
#2418=CYLINDRICAL_SURFACE('',#2681,2.);
#2419=CYLINDRICAL_SURFACE('',#2703,2.);
#2420=CYLINDRICAL_SURFACE('',#2708,2.);
#2421=CYLINDRICAL_SURFACE('',#2713,2.);
#2422=CYLINDRICAL_SURFACE('',#2718,2.);
#2423=CYLINDRICAL_SURFACE('',#2720,3.);
#2424=CYLINDRICAL_SURFACE('',#2723,3.);
#2425=CYLINDRICAL_SURFACE('',#2725,1.);
#2426=CYLINDRICAL_SURFACE('',#2729,1.);
#2427=CYLINDRICAL_SURFACE('',#2733,1.);
#2428=CYLINDRICAL_SURFACE('',#2737,1.);
#2429=CYLINDRICAL_SURFACE('',#2744,3.);
#2430=CYLINDRICAL_SURFACE('',#2746,3.);
#2431=CYLINDRICAL_SURFACE('',#2752,1.5);
#2432=CYLINDRICAL_SURFACE('',#2757,1.5);
#2433=CYLINDRICAL_SURFACE('',#2762,1.49999999999999);
#2434=CYLINDRICAL_SURFACE('',#2767,1.49999999999999);
#2435=CYLINDRICAL_SURFACE('',#2772,1.99999999999999);
#2436=CYLINDRICAL_SURFACE('',#2776,2.);
#2437=CYLINDRICAL_SURFACE('',#2780,1.99999999999999);
#2438=CYLINDRICAL_SURFACE('',#2784,2.);
#2439=CYLINDRICAL_SURFACE('',#2789,30.);
#2440=CYLINDRICAL_SURFACE('',#2792,30.);
#2441=CYLINDRICAL_SURFACE('',#2794,30.);
#2442=CYLINDRICAL_SURFACE('',#2797,30.);
#2443=CYLINDRICAL_SURFACE('',#2799,2.);
#2444=CYLINDRICAL_SURFACE('',#2803,2.);
#2445=CYLINDRICAL_SURFACE('',#2807,2.);
#2446=CYLINDRICAL_SURFACE('',#2811,2.);
#2447=CYLINDRICAL_SURFACE('',#2830,5.);
#2448=CYLINDRICAL_SURFACE('',#2835,5.);
#2449=CYLINDRICAL_SURFACE('',#2839,5.);
#2450=CYLINDRICAL_SURFACE('',#2843,5.);
#2451=CYLINDRICAL_SURFACE('',#2846,1.);
#2452=CYLINDRICAL_SURFACE('',#2848,1.);
#2453=CYLINDRICAL_SURFACE('',#2855,1.);
#2454=CYLINDRICAL_SURFACE('',#2862,1.);
#2455=CYLINDRICAL_SURFACE('',#2868,1.);
#2456=CYLINDRICAL_SURFACE('',#2874,1.);
#2457=CYLINDRICAL_SURFACE('',#2880,1.);
#2458=CYLINDRICAL_SURFACE('',#2886,1.);
#2459=CYLINDRICAL_SURFACE('',#2892,1.);
#2460=CYLINDRICAL_SURFACE('',#2898,1.);
#2461=CYLINDRICAL_SURFACE('',#2908,5.00000007450581);
#2462=CYLINDRICAL_SURFACE('',#2912,2.);
#2463=CYLINDRICAL_SURFACE('',#2913,1.);
#2464=CYLINDRICAL_SURFACE('',#2919,1.);
#2465=CYLINDRICAL_SURFACE('',#2924,1.);
#2466=CYLINDRICAL_SURFACE('',#2929,1.);
#2467=CYLINDRICAL_SURFACE('',#2933,1.);
#2468=CYLINDRICAL_SURFACE('',#2938,1.);
#2469=CYLINDRICAL_SURFACE('',#2939,1.);
#2470=CYLINDRICAL_SURFACE('',#2944,1.);
#2471=CYLINDRICAL_SURFACE('',#2950,1.);
#2472=CYLINDRICAL_SURFACE('',#2954,1.);
#2473=CYLINDRICAL_SURFACE('',#2960,1.);
#2474=CYLINDRICAL_SURFACE('',#2964,1.);
#2475=CYLINDRICAL_SURFACE('',#2969,1.);
#2476=CYLINDRICAL_SURFACE('',#2971,1.);
#2477=CYLINDRICAL_SURFACE('',#2974,2.);
#2478=CYLINDRICAL_SURFACE('',#2976,2.);
#2479=CYLINDRICAL_SURFACE('',#2980,2.);
#2480=CYLINDRICAL_SURFACE('',#2983,2.);
#2481=CYLINDRICAL_SURFACE('',#2985,2.);
#2482=CYLINDRICAL_SURFACE('',#2987,6.);
#2483=CYLINDRICAL_SURFACE('',#2989,2.05);
#2484=CYLINDRICAL_SURFACE('',#2992,2.05);
#2485=CYLINDRICAL_SURFACE('',#2993,5.00000007450581);
#2486=ADVANCED_FACE('',(#128),#2413,.F.);
#2487=ADVANCED_FACE('',(#129),#2414,.F.);
#2488=ADVANCED_FACE('',(#130),#2415,.F.);
#2489=ADVANCED_FACE('',(#131),#70,.T.);
#2490=ADVANCED_FACE('',(#132),#71,.T.);
#2491=ADVANCED_FACE('',(#133),#72,.T.);
#2492=ADVANCED_FACE('',(#134),#2416,.F.);
#2493=ADVANCED_FACE('',(#135),#2417,.F.);
#2494=ADVANCED_FACE('',(#136),#2418,.F.);
#2495=ADVANCED_FACE('',(#137,#53,#54,#55,#56,#57,#58,#59,#60),#73,.F.);
#2496=ADVANCED_FACE('',(#138),#31,.F.);
#2497=ADVANCED_FACE('',(#139),#2419,.F.);
#2498=ADVANCED_FACE('',(#140),#32,.F.);
#2499=ADVANCED_FACE('',(#141),#2420,.F.);
#2500=ADVANCED_FACE('',(#142),#33,.F.);
#2501=ADVANCED_FACE('',(#143),#2421,.F.);
#2502=ADVANCED_FACE('',(#144),#34,.F.);
#2503=ADVANCED_FACE('',(#145),#2422,.F.);
#2504=ADVANCED_FACE('',(#146),#74,.T.);
#2505=ADVANCED_FACE('',(#147),#2423,.T.);
#2506=ADVANCED_FACE('',(#148),#75,.T.);
#2507=ADVANCED_FACE('',(#149),#2424,.T.);
#2508=ADVANCED_FACE('',(#150),#2425,.F.);
#2509=ADVANCED_FACE('',(#151),#76,.T.);
#2510=ADVANCED_FACE('',(#152),#2426,.F.);
#2511=ADVANCED_FACE('',(#153),#77,.T.);
#2512=ADVANCED_FACE('',(#154),#2427,.F.);
#2513=ADVANCED_FACE('',(#155),#78,.T.);
#2514=ADVANCED_FACE('',(#156),#2428,.F.);
#2515=ADVANCED_FACE('',(#157),#79,.T.);
#2516=ADVANCED_FACE('',(#158,#61),#80,.T.);
#2517=ADVANCED_FACE('',(#159),#2429,.T.);
#2518=ADVANCED_FACE('',(#160),#81,.T.);
#2519=ADVANCED_FACE('',(#161),#2430,.T.);
#2520=ADVANCED_FACE('',(#162),#82,.T.);
#2521=ADVANCED_FACE('',(#163),#83,.F.);
#2522=ADVANCED_FACE('',(#164),#27,.F.);
#2523=ADVANCED_FACE('',(#165),#2431,.F.);
#2524=ADVANCED_FACE('',(#166),#28,.F.);
#2525=ADVANCED_FACE('',(#167),#2432,.F.);
#2526=ADVANCED_FACE('',(#168),#29,.F.);
#2527=ADVANCED_FACE('',(#169),#2433,.F.);
#2528=ADVANCED_FACE('',(#170),#30,.F.);
#2529=ADVANCED_FACE('',(#171),#2434,.F.);
#2530=ADVANCED_FACE('',(#172),#35,.F.);
#2531=ADVANCED_FACE('',(#173),#2435,.T.);
#2532=ADVANCED_FACE('',(#174),#36,.F.);
#2533=ADVANCED_FACE('',(#175),#2436,.T.);
#2534=ADVANCED_FACE('',(#176),#37,.F.);
#2535=ADVANCED_FACE('',(#177),#2437,.T.);
#2536=ADVANCED_FACE('',(#178),#38,.F.);
#2537=ADVANCED_FACE('',(#179),#2438,.T.);
#2538=ADVANCED_FACE('',(#180),#84,.T.);
#2539=ADVANCED_FACE('',(#181),#85,.T.);
#2540=ADVANCED_FACE('',(#182),#86,.T.);
#2541=ADVANCED_FACE('',(#183),#87,.T.);
#2542=ADVANCED_FACE('',(#184),#2439,.T.);
#2543=ADVANCED_FACE('',(#185),#88,.T.);
#2544=ADVANCED_FACE('',(#186),#2440,.T.);
#2545=ADVANCED_FACE('',(#187),#2441,.T.);
#2546=ADVANCED_FACE('',(#188),#89,.T.);
#2547=ADVANCED_FACE('',(#189),#2442,.T.);
#2548=ADVANCED_FACE('',(#190),#2443,.F.);
#2549=ADVANCED_FACE('',(#191),#90,.T.);
#2550=ADVANCED_FACE('',(#192),#2444,.F.);
#2551=ADVANCED_FACE('',(#193),#91,.T.);
#2552=ADVANCED_FACE('',(#194),#2445,.F.);
#2553=ADVANCED_FACE('',(#195),#92,.T.);
#2554=ADVANCED_FACE('',(#196),#2446,.F.);
#2555=ADVANCED_FACE('',(#197),#93,.T.);
#2556=ADVANCED_FACE('',(#198),#94,.T.);
#2557=ADVANCED_FACE('',(#199),#95,.T.);
#2558=ADVANCED_FACE('',(#200),#96,.T.);
#2559=ADVANCED_FACE('',(#201),#97,.T.);
#2560=ADVANCED_FACE('',(#202),#98,.T.);
#2561=ADVANCED_FACE('',(#203,#62,#63),#99,.F.);
#2562=ADVANCED_FACE('',(#204),#100,.T.);
#2563=ADVANCED_FACE('',(#205),#101,.T.);
#2564=ADVANCED_FACE('',(#206),#102,.T.);
#2565=ADVANCED_FACE('',(#207),#103,.T.);
#2566=ADVANCED_FACE('',(#208),#104,.T.);
#2567=ADVANCED_FACE('',(#209),#105,.T.);
#2568=ADVANCED_FACE('',(#210),#106,.T.);
#2569=ADVANCED_FACE('',(#211),#107,.T.);
#2570=ADVANCED_FACE('',(#212,#64,#65),#108,.F.);
#2571=ADVANCED_FACE('',(#213),#2447,.F.);
#2572=ADVANCED_FACE('',(#214),#23,.T.);
#2573=ADVANCED_FACE('',(#215),#2448,.F.);
#2574=ADVANCED_FACE('',(#216),#24,.T.);
#2575=ADVANCED_FACE('',(#217),#2449,.F.);
#2576=ADVANCED_FACE('',(#218),#25,.T.);
#2577=ADVANCED_FACE('',(#219),#2450,.F.);
#2578=ADVANCED_FACE('',(#220),#26,.T.);
#2579=ADVANCED_FACE('',(#221),#2451,.T.);
#2580=ADVANCED_FACE('',(#222),#109,.F.);
#2581=ADVANCED_FACE('',(#223),#2452,.T.);
#2582=ADVANCED_FACE('',(#224),#110,.F.);
#2583=ADVANCED_FACE('',(#225),#111,.T.);
#2584=ADVANCED_FACE('',(#226),#112,.T.);
#2585=ADVANCED_FACE('',(#227),#113,.T.);
#2586=ADVANCED_FACE('',(#228),#2453,.T.);
#2587=ADVANCED_FACE('',(#229),#39,.T.);
#2588=ADVANCED_FACE('',(#230),#2454,.T.);
#2589=ADVANCED_FACE('',(#231),#40,.T.);
#2590=ADVANCED_FACE('',(#232),#2455,.T.);
#2591=ADVANCED_FACE('',(#233),#41,.T.);
#2592=ADVANCED_FACE('',(#234),#2456,.T.);
#2593=ADVANCED_FACE('',(#235),#42,.T.);
#2594=ADVANCED_FACE('',(#236),#2457,.T.);
#2595=ADVANCED_FACE('',(#237),#43,.T.);
#2596=ADVANCED_FACE('',(#238),#2458,.T.);
#2597=ADVANCED_FACE('',(#239),#44,.T.);
#2598=ADVANCED_FACE('',(#240),#2459,.T.);
#2599=ADVANCED_FACE('',(#241),#45,.T.);
#2600=ADVANCED_FACE('',(#242),#2460,.T.);
#2601=ADVANCED_FACE('',(#243),#46,.T.);
#2602=ADVANCED_FACE('',(#244),#114,.F.);
#2603=ADVANCED_FACE('',(#245),#2461,.T.);
#2604=ADVANCED_FACE('',(#246,#66),#115,.T.);
#2605=ADVANCED_FACE('',(#247),#2462,.F.);
#2606=ADVANCED_FACE('',(#248),#2463,.T.);
#2607=ADVANCED_FACE('',(#249),#47,.T.);
#2608=ADVANCED_FACE('',(#250),#2464,.T.);
#2609=ADVANCED_FACE('',(#251),#15,.F.);
#2610=ADVANCED_FACE('',(#252),#2465,.T.);
#2611=ADVANCED_FACE('',(#253),#48,.T.);
#2612=ADVANCED_FACE('',(#254),#2466,.T.);
#2613=ADVANCED_FACE('',(#255),#16,.F.);
#2614=ADVANCED_FACE('',(#256),#2467,.T.);
#2615=ADVANCED_FACE('',(#257),#49,.T.);
#2616=ADVANCED_FACE('',(#258),#2468,.T.);
#2617=ADVANCED_FACE('',(#259),#2469,.T.);
#2618=ADVANCED_FACE('',(#260),#116,.F.);
#2619=ADVANCED_FACE('',(#261),#117,.F.);
#2620=ADVANCED_FACE('',(#262),#2470,.T.);
#2621=ADVANCED_FACE('',(#263),#50,.T.);
#2622=ADVANCED_FACE('',(#264),#2471,.T.);
#2623=ADVANCED_FACE('',(#265),#17,.F.);
#2624=ADVANCED_FACE('',(#266),#2472,.T.);
#2625=ADVANCED_FACE('',(#267),#51,.T.);
#2626=ADVANCED_FACE('',(#268),#2473,.T.);
#2627=ADVANCED_FACE('',(#269),#18,.F.);
#2628=ADVANCED_FACE('',(#270),#2474,.T.);
#2629=ADVANCED_FACE('',(#271),#52,.T.);
#2630=ADVANCED_FACE('',(#272),#2475,.T.);
#2631=ADVANCED_FACE('',(#273),#2476,.T.);
#2632=ADVANCED_FACE('',(#274,#67),#118,.F.);
#2633=ADVANCED_FACE('',(#275),#2477,.T.);
#2634=ADVANCED_FACE('',(#276),#119,.F.);
#2635=ADVANCED_FACE('',(#277),#2478,.F.);
#2636=ADVANCED_FACE('',(#278),#120,.T.);
#2637=ADVANCED_FACE('',(#279),#121,.F.);
#2638=ADVANCED_FACE('',(#280),#122,.F.);
#2639=ADVANCED_FACE('',(#281),#2479,.F.);
#2640=ADVANCED_FACE('',(#282,#68),#123,.F.);
#2641=ADVANCED_FACE('',(#283),#2480,.T.);
#2642=ADVANCED_FACE('',(#284),#124,.T.);
#2643=ADVANCED_FACE('',(#285),#2481,.F.);
#2644=ADVANCED_FACE('',(#286),#125,.T.);
#2645=ADVANCED_FACE('',(#287),#2482,.F.);
#2646=ADVANCED_FACE('',(#288),#126,.T.);
#2647=ADVANCED_FACE('',(#289),#2483,.F.);
#2648=ADVANCED_FACE('',(#290,#69),#127,.T.);
#2649=ADVANCED_FACE('',(#291),#2484,.F.);
#2650=ADVANCED_FACE('',(#292),#2485,.T.);
#2651=CLOSED_SHELL('',(#2486,#2487,#2488,#2489,#2490,#2491,#2492,#2493,
#2494,#2495,#2496,#2497,#2498,#2499,#2500,#2501,#2502,#2503,#2504,#2505,
#2506,#2507,#2508,#2509,#2510,#2511,#2512,#2513,#2514,#2515,#2516,#2517,
#2518,#2519,#2520,#2521,#2522,#2523,#2524,#2525,#2526,#2527,#2528,#2529,
#2530,#2531,#2532,#2533,#2534,#2535,#2536,#2537,#2538,#2539,#2540,#2541,
#2542,#2543,#2544,#2545,#2546,#2547,#2548,#2549,#2550,#2551,#2552,#2553,
#2554,#2555,#2556,#2557,#2558,#2559,#2560,#2561,#2562,#2563,#2564,#2565,
#2566,#2567,#2568,#2569,#2570,#2571,#2572,#2573,#2574,#2575,#2576,#2577,
#2578,#2579,#2580,#2581,#2582,#2583,#2584,#2585,#2586,#2587,#2588,#2589,
#2590,#2591,#2592,#2593,#2594,#2595,#2596,#2597,#2598,#2599,#2600,#2601,
#2602,#2603,#2604,#2605,#2606,#2607,#2608,#2609,#2610,#2611,#2612,#2613,
#2614,#2615,#2616,#2617,#2618,#2619,#2620,#2621,#2622,#2623,#2624,#2625,
#2626,#2627,#2628,#2629,#2630,#2631,#2632,#2633,#2634,#2635,#2636,#2637,
#2638,#2639,#2640,#2641,#2642,#2643,#2644,#2645,#2646,#2647,#2648,#2649,
#2650));
#2652=DERIVED_UNIT_ELEMENT(#2654,1.);
#2653=DERIVED_UNIT_ELEMENT(#4849,-3.);
#2654=(
MASS_UNIT()
NAMED_UNIT(*)
SI_UNIT(.KILO.,.GRAM.)
);
#2655=DERIVED_UNIT((#2652,#2653));
#2656=MEASURE_REPRESENTATION_ITEM('density measure',
POSITIVE_RATIO_MEASURE(7850.),#2655);
#2657=PROPERTY_DEFINITION_REPRESENTATION(#2662,#2659);
#2658=PROPERTY_DEFINITION_REPRESENTATION(#2663,#2660);
#2659=REPRESENTATION('material name',(#2661),#4846);
#2660=REPRESENTATION('density',(#2656),#4846);
#2661=DESCRIPTIVE_REPRESENTATION_ITEM('Acero','Acero');
#2662=PROPERTY_DEFINITION('material property','material name',#4856);
#2663=PROPERTY_DEFINITION('material property','density of part',#4856);
#2664=AXIS2_PLACEMENT_3D('',#3856,#2994,#2995);
#2665=AXIS2_PLACEMENT_3D('',#3857,#2996,#2997);
#2666=AXIS2_PLACEMENT_3D('',#3862,#2999,#3000);
#2667=AXIS2_PLACEMENT_3D('',#3865,#3002,#3003);
#2668=AXIS2_PLACEMENT_3D('',#3866,#3004,#3005);
#2669=AXIS2_PLACEMENT_3D('',#3871,#3007,#3008);
#2670=AXIS2_PLACEMENT_3D('',#3874,#3010,#3011);
#2671=AXIS2_PLACEMENT_3D('',#3875,#3012,#3013);
#2672=AXIS2_PLACEMENT_3D('',#3878,#3016,#3017);
#2673=AXIS2_PLACEMENT_3D('',#3884,#3021,#3022);
#2674=AXIS2_PLACEMENT_3D('',#3896,#3029,#3030);
#2675=AXIS2_PLACEMENT_3D('',#3900,#3033,#3034);
#2676=AXIS2_PLACEMENT_3D('',#3905,#3036,#3037);
#2677=AXIS2_PLACEMENT_3D('',#3908,#3039,#3040);
#2678=AXIS2_PLACEMENT_3D('',#3909,#3041,#3042);
#2679=AXIS2_PLACEMENT_3D('',#3914,#3044,#3045);
#2680=AXIS2_PLACEMENT_3D('',#3917,#3047,#3048);
#2681=AXIS2_PLACEMENT_3D('',#3918,#3049,#3050);
#2682=AXIS2_PLACEMENT_3D('',#3921,#3053,#3054);
#2683=AXIS2_PLACEMENT_3D('',#3924,#3055,#3056);
#2684=AXIS2_PLACEMENT_3D('',#3928,#3058,#3059);
#2685=AXIS2_PLACEMENT_3D('',#3932,#3061,#3062);
#2686=AXIS2_PLACEMENT_3D('',#3936,#3064,#3065);
#2687=AXIS2_PLACEMENT_3D('',#3941,#3068,#3069);
#2688=AXIS2_PLACEMENT_3D('',#3945,#3071,#3072);
#2689=AXIS2_PLACEMENT_3D('',#3949,#3074,#3075);
#2690=AXIS2_PLACEMENT_3D('',#3953,#3077,#3078);
#2691=AXIS2_PLACEMENT_3D('',#3956,#3080,#3081);
#2692=AXIS2_PLACEMENT_3D('',#3958,#3082,#3083);
#2693=AXIS2_PLACEMENT_3D('',#3963,#3085,#3086);
#2694=AXIS2_PLACEMENT_3D('',#3967,#3088,#3089);
#2695=AXIS2_PLACEMENT_3D('',#3971,#3091,#3092);
#2696=AXIS2_PLACEMENT_3D('',#3974,#3094,#3095);
#2697=AXIS2_PLACEMENT_3D('',#3977,#3097,#3098);
#2698=AXIS2_PLACEMENT_3D('',#3979,#3099,#3100);
#2699=AXIS2_PLACEMENT_3D('',#3980,#3101,#3102);
#2700=AXIS2_PLACEMENT_3D('',#3982,#3103,#3104);
#2701=AXIS2_PLACEMENT_3D('',#3984,#3105,#3106);
#2702=AXIS2_PLACEMENT_3D('',#3985,#3107,#3108);
#2703=AXIS2_PLACEMENT_3D('',#3986,#3109,#3110);
#2704=AXIS2_PLACEMENT_3D('',#3988,#3111,#3112);
#2705=AXIS2_PLACEMENT_3D('',#3990,#3114,#3115);
#2706=AXIS2_PLACEMENT_3D('',#3992,#3116,#3117);
#2707=AXIS2_PLACEMENT_3D('',#3993,#3118,#3119);
#2708=AXIS2_PLACEMENT_3D('',#3994,#3120,#3121);
#2709=AXIS2_PLACEMENT_3D('',#3996,#3122,#3123);
#2710=AXIS2_PLACEMENT_3D('',#3998,#3125,#3126);
#2711=AXIS2_PLACEMENT_3D('',#4000,#3127,#3128);
#2712=AXIS2_PLACEMENT_3D('',#4001,#3129,#3130);
#2713=AXIS2_PLACEMENT_3D('',#4002,#3131,#3132);
#2714=AXIS2_PLACEMENT_3D('',#4004,#3133,#3134);
#2715=AXIS2_PLACEMENT_3D('',#4006,#3136,#3137);
#2716=AXIS2_PLACEMENT_3D('',#4008,#3138,#3139);
#2717=AXIS2_PLACEMENT_3D('',#4009,#3140,#3141);
#2718=AXIS2_PLACEMENT_3D('',#4010,#3142,#3143);
#2719=AXIS2_PLACEMENT_3D('',#4012,#3145,#3146);
#2720=AXIS2_PLACEMENT_3D('',#4018,#3150,#3151);
#2721=AXIS2_PLACEMENT_3D('',#4021,#3153,#3154);
#2722=AXIS2_PLACEMENT_3D('',#4022,#3155,#3156);
#2723=AXIS2_PLACEMENT_3D('',#4026,#3159,#3160);
#2724=AXIS2_PLACEMENT_3D('',#4029,#3162,#3163);
#2725=AXIS2_PLACEMENT_3D('',#4030,#3164,#3165);
#2726=AXIS2_PLACEMENT_3D('',#4033,#3166,#3167);
#2727=AXIS2_PLACEMENT_3D('',#4037,#3169,#3170);
#2728=AXIS2_PLACEMENT_3D('',#4039,#3172,#3173);
#2729=AXIS2_PLACEMENT_3D('',#4045,#3177,#3178);
#2730=AXIS2_PLACEMENT_3D('',#4048,#3179,#3180);
#2731=AXIS2_PLACEMENT_3D('',#4052,#3182,#3183);
#2732=AXIS2_PLACEMENT_3D('',#4054,#3185,#3186);
#2733=AXIS2_PLACEMENT_3D('',#4057,#3189,#3190);
#2734=AXIS2_PLACEMENT_3D('',#4060,#3191,#3192);
#2735=AXIS2_PLACEMENT_3D('',#4064,#3194,#3195);
#2736=AXIS2_PLACEMENT_3D('',#4066,#3197,#3198);
#2737=AXIS2_PLACEMENT_3D('',#4069,#3201,#3202);
#2738=AXIS2_PLACEMENT_3D('',#4071,#3203,#3204);
#2739=AXIS2_PLACEMENT_3D('',#4073,#3205,#3206);
#2740=AXIS2_PLACEMENT_3D('',#4075,#3208,#3209);
#2741=AXIS2_PLACEMENT_3D('',#4078,#3212,#3213);
#2742=AXIS2_PLACEMENT_3D('',#4082,#3215,#3216);
#2743=AXIS2_PLACEMENT_3D('',#4085,#3218,#3219);
#2744=AXIS2_PLACEMENT_3D('',#4086,#3220,#3221);
#2745=AXIS2_PLACEMENT_3D('',#4088,#3223,#3224);
#2746=AXIS2_PLACEMENT_3D('',#4090,#3226,#3227);
#2747=AXIS2_PLACEMENT_3D('',#4092,#3229,#3230);
#2748=AXIS2_PLACEMENT_3D('',#4093,#3231,#3232);
#2749=AXIS2_PLACEMENT_3D('',#4094,#3233,#3234);
#2750=AXIS2_PLACEMENT_3D('',#4096,#3235,#3236);
#2751=AXIS2_PLACEMENT_3D('',#4099,#3238,#3239);
#2752=AXIS2_PLACEMENT_3D('',#4100,#3240,#3241);
#2753=AXIS2_PLACEMENT_3D('',#4103,#3243,#3244);
#2754=AXIS2_PLACEMENT_3D('',#4104,#3245,#3246);
#2755=AXIS2_PLACEMENT_3D('',#4106,#3247,#3248);
#2756=AXIS2_PLACEMENT_3D('',#4109,#3250,#3251);
#2757=AXIS2_PLACEMENT_3D('',#4110,#3252,#3253);
#2758=AXIS2_PLACEMENT_3D('',#4113,#3255,#3256);
#2759=AXIS2_PLACEMENT_3D('',#4114,#3257,#3258);
#2760=AXIS2_PLACEMENT_3D('',#4116,#3259,#3260);
#2761=AXIS2_PLACEMENT_3D('',#4119,#3262,#3263);
#2762=AXIS2_PLACEMENT_3D('',#4120,#3264,#3265);
#2763=AXIS2_PLACEMENT_3D('',#4123,#3267,#3268);
#2764=AXIS2_PLACEMENT_3D('',#4124,#3269,#3270);
#2765=AXIS2_PLACEMENT_3D('',#4126,#3271,#3272);
#2766=AXIS2_PLACEMENT_3D('',#4129,#3274,#3275);
#2767=AXIS2_PLACEMENT_3D('',#4130,#3276,#3277);
#2768=AXIS2_PLACEMENT_3D('',#4133,#3279,#3280);
#2769=AXIS2_PLACEMENT_3D('',#4134,#3281,#3282);
#2770=AXIS2_PLACEMENT_3D('',#4136,#3283,#3284);
#2771=AXIS2_PLACEMENT_3D('',#4137,#3285,#3286);
#2772=AXIS2_PLACEMENT_3D('',#4138,#3287,#3288);
#2773=AXIS2_PLACEMENT_3D('',#4140,#3290,#3291);
#2774=AXIS2_PLACEMENT_3D('',#4142,#3292,#3293);
#2775=AXIS2_PLACEMENT_3D('',#4143,#3294,#3295);
#2776=AXIS2_PLACEMENT_3D('',#4144,#3296,#3297);
#2777=AXIS2_PLACEMENT_3D('',#4146,#3299,#3300);
#2778=AXIS2_PLACEMENT_3D('',#4148,#3301,#3302);
#2779=AXIS2_PLACEMENT_3D('',#4149,#3303,#3304);
#2780=AXIS2_PLACEMENT_3D('',#4150,#3305,#3306);
#2781=AXIS2_PLACEMENT_3D('',#4152,#3308,#3309);
#2782=AXIS2_PLACEMENT_3D('',#4154,#3310,#3311);
#2783=AXIS2_PLACEMENT_3D('',#4155,#3312,#3313);
#2784=AXIS2_PLACEMENT_3D('',#4156,#3314,#3315);
#2785=AXIS2_PLACEMENT_3D('',#4158,#3317,#3318);
#2786=AXIS2_PLACEMENT_3D('',#4159,#3319,#3320);
#2787=AXIS2_PLACEMENT_3D('',#4160,#3321,#3322);
#2788=AXIS2_PLACEMENT_3D('',#4161,#3323,#3324);
#2789=AXIS2_PLACEMENT_3D('',#4162,#3325,#3326);
#2790=AXIS2_PLACEMENT_3D('',#4165,#3327,#3328);
#2791=AXIS2_PLACEMENT_3D('',#4168,#3331,#3332);
#2792=AXIS2_PLACEMENT_3D('',#4172,#3335,#3336);
#2793=AXIS2_PLACEMENT_3D('',#4174,#3337,#3338);
#2794=AXIS2_PLACEMENT_3D('',#4176,#3340,#3341);
#2795=AXIS2_PLACEMENT_3D('',#4179,#3342,#3343);
#2796=AXIS2_PLACEMENT_3D('',#4182,#3346,#3347);
#2797=AXIS2_PLACEMENT_3D('',#4186,#3350,#3351);
#2798=AXIS2_PLACEMENT_3D('',#4188,#3352,#3353);
#2799=AXIS2_PLACEMENT_3D('',#4190,#3355,#3356);
#2800=AXIS2_PLACEMENT_3D('',#4192,#3357,#3358);
#2801=AXIS2_PLACEMENT_3D('',#4195,#3360,#3361);
#2802=AXIS2_PLACEMENT_3D('',#4196,#3362,#3363);
#2803=AXIS2_PLACEMENT_3D('',#4197,#3364,#3365);
#2804=AXIS2_PLACEMENT_3D('',#4199,#3366,#3367);
#2805=AXIS2_PLACEMENT_3D('',#4202,#3369,#3370);
#2806=AXIS2_PLACEMENT_3D('',#4203,#3371,#3372);
#2807=AXIS2_PLACEMENT_3D('',#4204,#3373,#3374);
#2808=AXIS2_PLACEMENT_3D('',#4206,#3375,#3376);
#2809=AXIS2_PLACEMENT_3D('',#4209,#3378,#3379);
#2810=AXIS2_PLACEMENT_3D('',#4210,#3380,#3381);
#2811=AXIS2_PLACEMENT_3D('',#4211,#3382,#3383);
#2812=AXIS2_PLACEMENT_3D('',#4213,#3384,#3385);
#2813=AXIS2_PLACEMENT_3D('',#4216,#3387,#3388);
#2814=AXIS2_PLACEMENT_3D('',#4217,#3389,#3390);
#2815=AXIS2_PLACEMENT_3D('',#4218,#3391,#3392);
#2816=AXIS2_PLACEMENT_3D('',#4222,#3395,#3396);
#2817=AXIS2_PLACEMENT_3D('',#4226,#3399,#3400);
#2818=AXIS2_PLACEMENT_3D('',#4230,#3403,#3404);
#2819=AXIS2_PLACEMENT_3D('',#4234,#3407,#3408);
#2820=AXIS2_PLACEMENT_3D('',#4236,#3410,#3411);
#2821=AXIS2_PLACEMENT_3D('',#4237,#3412,#3413);
#2822=AXIS2_PLACEMENT_3D('',#4243,#3417,#3418);
#2823=AXIS2_PLACEMENT_3D('',#4249,#3422,#3423);
#2824=AXIS2_PLACEMENT_3D('',#4255,#3427,#3428);
#2825=AXIS2_PLACEMENT_3D('',#4261,#3432,#3433);
#2826=AXIS2_PLACEMENT_3D('',#4267,#3437,#3438);
#2827=AXIS2_PLACEMENT_3D('',#4273,#3442,#3443);
#2828=AXIS2_PLACEMENT_3D('',#4276,#3446,#3447);
#2829=AXIS2_PLACEMENT_3D('',#4277,#3448,#3449);
#2830=AXIS2_PLACEMENT_3D('',#4278,#3450,#3451);
#2831=AXIS2_PLACEMENT_3D('',#4280,#3452,#3453);
#2832=AXIS2_PLACEMENT_3D('',#4282,#3454,#3455);
#2833=AXIS2_PLACEMENT_3D('',#4321,#3457,#3458);
#2834=AXIS2_PLACEMENT_3D('',#4322,#3459,#3460);
#2835=AXIS2_PLACEMENT_3D('',#4323,#3461,#3462);
#2836=AXIS2_PLACEMENT_3D('',#4325,#3463,#3464);
#2837=AXIS2_PLACEMENT_3D('',#4364,#3466,#3467);
#2838=AXIS2_PLACEMENT_3D('',#4365,#3468,#3469);
#2839=AXIS2_PLACEMENT_3D('',#4366,#3470,#3471);
#2840=AXIS2_PLACEMENT_3D('',#4368,#3472,#3473);
#2841=AXIS2_PLACEMENT_3D('',#4407,#3475,#3476);
#2842=AXIS2_PLACEMENT_3D('',#4408,#3477,#3478);
#2843=AXIS2_PLACEMENT_3D('',#4409,#3479,#3480);
#2844=AXIS2_PLACEMENT_3D('',#4411,#3481,#3482);
#2845=AXIS2_PLACEMENT_3D('',#4449,#3484,#3485);
#2846=AXIS2_PLACEMENT_3D('',#4450,#3486,#3487);
#2847=AXIS2_PLACEMENT_3D('',#4467,#3490,#3491);
#2848=AXIS2_PLACEMENT_3D('',#4471,#3494,#3495);
#2849=AXIS2_PLACEMENT_3D('',#4486,#3497,#3498);
#2850=AXIS2_PLACEMENT_3D('',#4490,#3500,#3501);
#2851=AXIS2_PLACEMENT_3D('',#4493,#3503,#3504);
#2852=AXIS2_PLACEMENT_3D('',#4494,#3505,#3506);
#2853=AXIS2_PLACEMENT_3D('',#4496,#3508,#3509);
#2854=AXIS2_PLACEMENT_3D('',#4498,#3511,#3512);
#2855=AXIS2_PLACEMENT_3D('',#4499,#3513,#3514);
#2856=AXIS2_PLACEMENT_3D('',#4502,#3515,#3516);
#2857=AXIS2_PLACEMENT_3D('',#4506,#3518,#3519);
#2858=AXIS2_PLACEMENT_3D('',#4508,#3521,#3522);
#2859=AXIS2_PLACEMENT_3D('',#4511,#3523,#3524);
#2860=AXIS2_PLACEMENT_3D('',#4512,#3525,#3526);
#2861=AXIS2_PLACEMENT_3D('',#4513,#3527,#3528);
#2862=AXIS2_PLACEMENT_3D('',#4514,#3529,#3530);
#2863=AXIS2_PLACEMENT_3D('',#4517,#3531,#3532);
#2864=AXIS2_PLACEMENT_3D('',#4520,#3535,#3536);
#2865=AXIS2_PLACEMENT_3D('',#4523,#3537,#3538);
#2866=AXIS2_PLACEMENT_3D('',#4524,#3539,#3540);
#2867=AXIS2_PLACEMENT_3D('',#4525,#3541,#3542);
#2868=AXIS2_PLACEMENT_3D('',#4526,#3543,#3544);
#2869=AXIS2_PLACEMENT_3D('',#4529,#3545,#3546);
#2870=AXIS2_PLACEMENT_3D('',#4532,#3549,#3550);
#2871=AXIS2_PLACEMENT_3D('',#4535,#3551,#3552);
#2872=AXIS2_PLACEMENT_3D('',#4536,#3553,#3554);
#2873=AXIS2_PLACEMENT_3D('',#4537,#3555,#3556);
#2874=AXIS2_PLACEMENT_3D('',#4538,#3557,#3558);
#2875=AXIS2_PLACEMENT_3D('',#4541,#3559,#3560);
#2876=AXIS2_PLACEMENT_3D('',#4544,#3563,#3564);
#2877=AXIS2_PLACEMENT_3D('',#4547,#3565,#3566);
#2878=AXIS2_PLACEMENT_3D('',#4548,#3567,#3568);
#2879=AXIS2_PLACEMENT_3D('',#4549,#3569,#3570);
#2880=AXIS2_PLACEMENT_3D('',#4550,#3571,#3572);
#2881=AXIS2_PLACEMENT_3D('',#4553,#3573,#3574);
#2882=AXIS2_PLACEMENT_3D('',#4556,#3577,#3578);
#2883=AXIS2_PLACEMENT_3D('',#4559,#3579,#3580);
#2884=AXIS2_PLACEMENT_3D('',#4560,#3581,#3582);
#2885=AXIS2_PLACEMENT_3D('',#4561,#3583,#3584);
#2886=AXIS2_PLACEMENT_3D('',#4562,#3585,#3586);
#2887=AXIS2_PLACEMENT_3D('',#4565,#3587,#3588);
#2888=AXIS2_PLACEMENT_3D('',#4568,#3591,#3592);
#2889=AXIS2_PLACEMENT_3D('',#4571,#3593,#3594);
#2890=AXIS2_PLACEMENT_3D('',#4572,#3595,#3596);
#2891=AXIS2_PLACEMENT_3D('',#4573,#3597,#3598);
#2892=AXIS2_PLACEMENT_3D('',#4574,#3599,#3600);
#2893=AXIS2_PLACEMENT_3D('',#4577,#3601,#3602);
#2894=AXIS2_PLACEMENT_3D('',#4580,#3605,#3606);
#2895=AXIS2_PLACEMENT_3D('',#4583,#3607,#3608);
#2896=AXIS2_PLACEMENT_3D('',#4584,#3609,#3610);
#2897=AXIS2_PLACEMENT_3D('',#4585,#3611,#3612);
#2898=AXIS2_PLACEMENT_3D('',#4586,#3613,#3614);
#2899=AXIS2_PLACEMENT_3D('',#4589,#3615,#3616);
#2900=AXIS2_PLACEMENT_3D('',#4592,#3619,#3620);
#2901=AXIS2_PLACEMENT_3D('',#4593,#3621,#3622);
#2902=AXIS2_PLACEMENT_3D('',#4594,#3623,#3624);
#2903=AXIS2_PLACEMENT_3D('',#4595,#3625,#3626);
#2904=AXIS2_PLACEMENT_3D('',#4601,#3629,#3630);
#2905=AXIS2_PLACEMENT_3D('',#4605,#3632,#3633);
#2906=AXIS2_PLACEMENT_3D('',#4613,#3637,#3638);
#2907=AXIS2_PLACEMENT_3D('',#4617,#3640,#3641);
#2908=AXIS2_PLACEMENT_3D('',#4621,#3644,#3645);
#2909=AXIS2_PLACEMENT_3D('',#4624,#3647,#3648);
#2910=AXIS2_PLACEMENT_3D('',#4625,#3649,#3650);
#2911=AXIS2_PLACEMENT_3D('',#4628,#3652,#3653);
#2912=AXIS2_PLACEMENT_3D('',#4629,#3654,#3655);
#2913=AXIS2_PLACEMENT_3D('',#4631,#3657,#3658);
#2914=AXIS2_PLACEMENT_3D('',#4634,#3659,#3660);
#2915=AXIS2_PLACEMENT_3D('',#4637,#3663,#3664);
#2916=AXIS2_PLACEMENT_3D('',#4640,#3665,#3666);
#2917=AXIS2_PLACEMENT_3D('',#4641,#3667,#3668);
#2918=AXIS2_PLACEMENT_3D('',#4642,#3669,#3670);
#2919=AXIS2_PLACEMENT_3D('',#4643,#3671,#3672);
#2920=AXIS2_PLACEMENT_3D('',#4646,#3673,#3674);
#2921=AXIS2_PLACEMENT_3D('',#4660,#3677,#3678);
#2922=AXIS2_PLACEMENT_3D('',#4661,#3679,#3680);
#2923=AXIS2_PLACEMENT_3D('',#4662,#3681,#3682);
#2924=AXIS2_PLACEMENT_3D('',#4663,#3683,#3684);
#2925=AXIS2_PLACEMENT_3D('',#4665,#3685,#3686);
#2926=AXIS2_PLACEMENT_3D('',#4668,#3689,#3690);
#2927=AXIS2_PLACEMENT_3D('',#4670,#3691,#3692);
#2928=AXIS2_PLACEMENT_3D('',#4671,#3693,#3694);
#2929=AXIS2_PLACEMENT_3D('',#4672,#3695,#3696);
#2930=AXIS2_PLACEMENT_3D('',#4674,#3697,#3698);
#2931=AXIS2_PLACEMENT_3D('',#4686,#3700,#3701);
#2932=AXIS2_PLACEMENT_3D('',#4687,#3702,#3703);
#2933=AXIS2_PLACEMENT_3D('',#4688,#3704,#3705);
#2934=AXIS2_PLACEMENT_3D('',#4690,#3706,#3707);
#2935=AXIS2_PLACEMENT_3D('',#4692,#3709,#3710);
#2936=AXIS2_PLACEMENT_3D('',#4694,#3711,#3712);
#2937=AXIS2_PLACEMENT_3D('',#4695,#3713,#3714);
#2938=AXIS2_PLACEMENT_3D('',#4696,#3715,#3716);
#2939=AXIS2_PLACEMENT_3D('',#4710,#3718,#3719);
#2940=AXIS2_PLACEMENT_3D('',#4712,#3721,#3722);
#2941=AXIS2_PLACEMENT_3D('',#4718,#3725,#3726);
#2942=AXIS2_PLACEMENT_3D('',#4722,#3728,#3729);
#2943=AXIS2_PLACEMENT_3D('',#4724,#3731,#3732);
#2944=AXIS2_PLACEMENT_3D('',#4726,#3734,#3735);
#2945=AXIS2_PLACEMENT_3D('',#4728,#3736,#3737);
#2946=AXIS2_PLACEMENT_3D('',#4731,#3739,#3740);
#2947=AXIS2_PLACEMENT_3D('',#4732,#3741,#3742);
#2948=AXIS2_PLACEMENT_3D('',#4734,#3743,#3744);
#2949=AXIS2_PLACEMENT_3D('',#4735,#3745,#3746);
#2950=AXIS2_PLACEMENT_3D('',#4736,#3747,#3748);
#2951=AXIS2_PLACEMENT_3D('',#4738,#3749,#3750);
#2952=AXIS2_PLACEMENT_3D('',#4750,#3752,#3753);
#2953=AXIS2_PLACEMENT_3D('',#4751,#3754,#3755);
#2954=AXIS2_PLACEMENT_3D('',#4752,#3756,#3757);
#2955=AXIS2_PLACEMENT_3D('',#4754,#3758,#3759);
#2956=AXIS2_PLACEMENT_3D('',#4756,#3761,#3762);
#2957=AXIS2_PLACEMENT_3D('',#4758,#3763,#3764);
#2958=AXIS2_PLACEMENT_3D('',#4759,#3765,#3766);
#2959=AXIS2_PLACEMENT_3D('',#4760,#3767,#3768);
#2960=AXIS2_PLACEMENT_3D('',#4761,#3769,#3770);
#2961=AXIS2_PLACEMENT_3D('',#4763,#3771,#3772);
#2962=AXIS2_PLACEMENT_3D('',#4775,#3774,#3775);
#2963=AXIS2_PLACEMENT_3D('',#4776,#3776,#3777);
#2964=AXIS2_PLACEMENT_3D('',#4777,#3778,#3779);
#2965=AXIS2_PLACEMENT_3D('',#4779,#3780,#3781);
#2966=AXIS2_PLACEMENT_3D('',#4781,#3783,#3784);
#2967=AXIS2_PLACEMENT_3D('',#4783,#3785,#3786);
#2968=AXIS2_PLACEMENT_3D('',#4784,#3787,#3788);
#2969=AXIS2_PLACEMENT_3D('',#4785,#3789,#3790);
#2970=AXIS2_PLACEMENT_3D('',#4801,#3792,#3793);
#2971=AXIS2_PLACEMENT_3D('',#4802,#3794,#3795);
#2972=AXIS2_PLACEMENT_3D('',#4804,#3797,#3798);
#2973=AXIS2_PLACEMENT_3D('',#4807,#3800,#3801);
#2974=AXIS2_PLACEMENT_3D('',#4808,#3802,#3803);
#2975=AXIS2_PLACEMENT_3D('',#4810,#3805,#3806);
#2976=AXIS2_PLACEMENT_3D('',#4812,#3808,#3809);
#2977=AXIS2_PLACEMENT_3D('',#4814,#3811,#3812);
#2978=AXIS2_PLACEMENT_3D('',#4816,#3814,#3815);
#2979=AXIS2_PLACEMENT_3D('',#4817,#3816,#3817);
#2980=AXIS2_PLACEMENT_3D('',#4819,#3819,#3820);
#2981=AXIS2_PLACEMENT_3D('',#4822,#3823,#3824);
#2982=AXIS2_PLACEMENT_3D('',#4824,#3825,#3826);
#2983=AXIS2_PLACEMENT_3D('',#4825,#3827,#3828);
#2984=AXIS2_PLACEMENT_3D('',#4828,#3831,#3832);
#2985=AXIS2_PLACEMENT_3D('',#4830,#3834,#3835);
#2986=AXIS2_PLACEMENT_3D('',#4832,#3837,#3838);
#2987=AXIS2_PLACEMENT_3D('',#4833,#3839,#3840);
#2988=AXIS2_PLACEMENT_3D('',#4835,#3842,#3843);
#2989=AXIS2_PLACEMENT_3D('',#4836,#3844,#3845);
#2990=AXIS2_PLACEMENT_3D('',#4839,#3847,#3848);
#2991=AXIS2_PLACEMENT_3D('',#4840,#3849,#3850);
#2992=AXIS2_PLACEMENT_3D('',#4841,#3851,#3852);
#2993=AXIS2_PLACEMENT_3D('',#4843,#3854,#3855);
#2994=DIRECTION('axis',(0.,0.,1.));
#2995=DIRECTION('refdir',(1.,0.,0.));
#2996=DIRECTION('center_axis',(0.,-1.,0.));
#2997=DIRECTION('ref_axis',(-0.707106781186546,0.,-0.707106781186549));
#2998=DIRECTION('',(0.,-1.,0.));
#2999=DIRECTION('center_axis',(0.,-1.,0.));
#3000=DIRECTION('ref_axis',(-0.707106781186546,0.,-0.707106781186549));
#3001=DIRECTION('',(0.,1.,0.));
#3002=DIRECTION('center_axis',(-0.707106781186548,0.707106781186548,0.));
#3003=DIRECTION('ref_axis',(0.707106781186548,0.707106781186548,0.));
#3004=DIRECTION('center_axis',(0.,1.,0.));
#3005=DIRECTION('ref_axis',(0.707106781186548,0.,-0.707106781186548));
#3006=DIRECTION('',(0.,-1.,0.));
#3007=DIRECTION('center_axis',(0.,-1.,0.));
#3008=DIRECTION('ref_axis',(0.707106781186548,0.,-0.707106781186548));
#3009=DIRECTION('',(0.,1.,0.));
#3010=DIRECTION('center_axis',(0.707106781186548,0.707106781186548,0.));
#3011=DIRECTION('ref_axis',(0.707106781186548,-0.707106781186548,0.));
#3012=DIRECTION('center_axis',(1.,0.,0.));
#3013=DIRECTION('ref_axis',(0.,-0.707106781186551,-0.707106781186544));
#3014=DIRECTION('',(-1.,0.,0.));
#3015=DIRECTION('',(1.,0.,0.));
#3016=DIRECTION('center_axis',(1.,0.,0.));
#3017=DIRECTION('ref_axis',(0.,0.,-1.));
#3018=DIRECTION('',(0.,0.,-1.));
#3019=DIRECTION('',(0.,1.,0.));
#3020=DIRECTION('',(0.,0.,1.));
#3021=DIRECTION('center_axis',(0.,1.,0.));
#3022=DIRECTION('ref_axis',(0.,0.,1.));
#3023=DIRECTION('',(-8.45884209238214E-16,0.,1.));
#3024=DIRECTION('',(1.,0.,0.));
#3025=DIRECTION('',(8.88178419700124E-16,0.,-1.));
#3026=DIRECTION('',(1.,0.,8.88178419700124E-16));
#3027=DIRECTION('',(1.77635683940025E-15,0.,1.));
#3028=DIRECTION('',(1.,0.,0.));
#3029=DIRECTION('center_axis',(-1.,0.,-8.45884209238214E-16));
#3030=DIRECTION('ref_axis',(-8.45884209238214E-16,0.,1.));
#3031=DIRECTION('',(-8.45884209238214E-16,0.,1.));
#3032=DIRECTION('',(0.,1.,0.));
#3033=DIRECTION('center_axis',(1.,0.,0.));
#3034=DIRECTION('ref_axis',(0.,-0.707106781186549,-0.707106781186546));
#3035=DIRECTION('',(-1.,0.,0.));
#3036=DIRECTION('center_axis',(-1.,0.,0.));
#3037=DIRECTION('ref_axis',(0.,-0.707106781186549,-0.707106781186546));
#3038=DIRECTION('',(1.,0.,0.));
#3039=DIRECTION('center_axis',(0.707106781186548,-0.707106781186548,0.));
#3040=DIRECTION('ref_axis',(-0.707106781186548,-0.707106781186548,0.));
#3041=DIRECTION('center_axis',(-1.,0.,0.));
#3042=DIRECTION('ref_axis',(0.,0.707106781186548,-0.707106781186548));
#3043=DIRECTION('',(-1.,0.,0.));
#3044=DIRECTION('center_axis',(-1.,0.,0.));
#3045=DIRECTION('ref_axis',(0.,0.707106781186548,-0.707106781186548));
#3046=DIRECTION('',(1.,0.,0.));
#3047=DIRECTION('center_axis',(0.707106781186548,0.707106781186548,0.));
#3048=DIRECTION('ref_axis',(0.707106781186548,-0.707106781186548,0.));
#3049=DIRECTION('center_axis',(0.,-1.,0.));
#3050=DIRECTION('ref_axis',(-0.707106781186548,0.,-0.707106781186548));
#3051=DIRECTION('',(0.,-1.,0.));
#3052=DIRECTION('',(0.,1.,0.));
#3053=DIRECTION('center_axis',(0.,0.,-1.));
#3054=DIRECTION('ref_axis',(1.,0.,0.));
#3055=DIRECTION('center_axis',(0.,0.,-1.));
#3056=DIRECTION('ref_axis',(0.707106781186547,0.707106781186547,0.));
#3057=DIRECTION('',(1.,-4.60196072383485E-17,0.));
#3058=DIRECTION('center_axis',(0.,0.,-1.));
#3059=DIRECTION('ref_axis',(-0.707106781186547,0.707106781186547,0.));
#3060=DIRECTION('',(-2.4168120263949E-16,1.,0.));
#3061=DIRECTION('center_axis',(0.,0.,-1.));
#3062=DIRECTION('ref_axis',(-0.707106781186548,-0.707106781186547,0.));
#3063=DIRECTION('',(-1.,4.60196072383485E-17,0.));
#3064=DIRECTION('center_axis',(0.,0.,-1.));
#3065=DIRECTION('ref_axis',(0.707106781186547,-0.707106781186547,0.));
#3066=DIRECTION('',(1.20840601319745E-16,-1.,0.));
#3067=DIRECTION('',(-1.,0.,0.));
#3068=DIRECTION('center_axis',(0.,0.,1.));
#3069=DIRECTION('ref_axis',(-0.707106781186548,0.707106781186547,0.));
#3070=DIRECTION('',(-1.,7.65671051465625E-17,0.));
#3071=DIRECTION('center_axis',(0.,0.,1.));
#3072=DIRECTION('ref_axis',(0.707106781186547,0.707106781186547,0.));
#3073=DIRECTION('',(0.,1.,0.));
#3074=DIRECTION('center_axis',(0.,0.,1.));
#3075=DIRECTION('ref_axis',(0.707106781186547,-0.707106781186548,0.));
#3076=DIRECTION('',(1.,0.,0.));
#3077=DIRECTION('center_axis',(0.,0.,1.));
#3078=DIRECTION('ref_axis',(-0.707106781186549,-0.707106781186546,0.));
#3079=DIRECTION('',(0.,-1.,0.));
#3080=DIRECTION('center_axis',(0.,0.,1.));
#3081=DIRECTION('ref_axis',(-1.,0.,0.));
#3082=DIRECTION('center_axis',(0.,0.,1.));
#3083=DIRECTION('ref_axis',(-1.,0.,0.));
#3084=DIRECTION('',(-3.79276051283971E-17,1.,0.));
#3085=DIRECTION('center_axis',(0.,0.,1.));
#3086=DIRECTION('ref_axis',(0.894427196331114,-0.447213584837561,0.));
#3087=DIRECTION('',(1.,0.,0.));
#3088=DIRECTION('center_axis',(0.,0.,1.));
#3089=DIRECTION('ref_axis',(-0.894427196331123,-0.447213584837544,0.));
#3090=DIRECTION('',(3.79276051283971E-17,-1.,0.));
#3091=DIRECTION('center_axis',(0.,0.,1.));
#3092=DIRECTION('ref_axis',(-0.894427196331114,0.447213584837561,0.));
#3093=DIRECTION('',(-1.,0.,0.));
#3094=DIRECTION('center_axis',(0.,0.,1.));
#3095=DIRECTION('ref_axis',(0.894427196331123,0.447213584837544,0.));
#3096=DIRECTION('',(0.,1.,0.));
#3097=DIRECTION('center_axis',(0.,0.,1.));
#3098=DIRECTION('ref_axis',(-1.,0.,0.));
#3099=DIRECTION('center_axis',(0.,0.,1.));
#3100=DIRECTION('ref_axis',(-1.,0.,0.));
#3101=DIRECTION('center_axis',(0.,0.,1.));
#3102=DIRECTION('ref_axis',(1.,0.,0.));
#3103=DIRECTION('center_axis',(1.,0.,0.));
#3104=DIRECTION('ref_axis',(0.,-1.,0.));
#3105=DIRECTION('center_axis',(0.,-1.,0.));
#3106=DIRECTION('ref_axis',(0.,0.,-1.));
#3107=DIRECTION('center_axis',(0.,0.,-1.));
#3108=DIRECTION('ref_axis',(-0.707106781186548,0.707106781186547,0.));
#3109=DIRECTION('center_axis',(0.,1.,0.));
#3110=DIRECTION('ref_axis',(0.707106781186551,0.,-0.707106781186544));
#3111=DIRECTION('center_axis',(-4.44089209850062E-15,-1.,0.));
#3112=DIRECTION('ref_axis',(0.,0.,-1.));
#3113=DIRECTION('',(0.,1.,0.));
#3114=DIRECTION('center_axis',(0.,0.,1.));
#3115=DIRECTION('ref_axis',(1.,0.,0.));
#3116=DIRECTION('center_axis',(1.,0.,0.));
#3117=DIRECTION('ref_axis',(0.,0.,-1.));
#3118=DIRECTION('center_axis',(0.,0.,-1.));
#3119=DIRECTION('ref_axis',(-0.707106781186549,-0.707106781186546,0.));
#3120=DIRECTION('center_axis',(-1.,0.,0.));
#3121=DIRECTION('ref_axis',(0.,0.707106781186551,-0.707106781186544));
#3122=DIRECTION('center_axis',(1.,0.,0.));
#3123=DIRECTION('ref_axis',(0.,0.,-1.));
#3124=DIRECTION('',(-1.,0.,0.));
#3125=DIRECTION('center_axis',(0.,0.,1.));
#3126=DIRECTION('ref_axis',(1.,0.,0.));
#3127=DIRECTION('center_axis',(0.,1.,0.));
#3128=DIRECTION('ref_axis',(0.,0.,-1.));
#3129=DIRECTION('center_axis',(0.,0.,-1.));
#3130=DIRECTION('ref_axis',(0.707106781186547,-0.707106781186548,0.));
#3131=DIRECTION('center_axis',(0.,-1.,0.));
#3132=DIRECTION('ref_axis',(-0.707106781186549,0.,-0.707106781186546));
#3133=DIRECTION('center_axis',(0.,1.,0.));
#3134=DIRECTION('ref_axis',(0.,0.,-1.));
#3135=DIRECTION('',(0.,-1.,0.));
#3136=DIRECTION('center_axis',(0.,0.,1.));
#3137=DIRECTION('ref_axis',(1.,0.,0.));
#3138=DIRECTION('center_axis',(-1.,0.,0.));
#3139=DIRECTION('ref_axis',(0.,0.,-1.));
#3140=DIRECTION('center_axis',(0.,0.,-1.));
#3141=DIRECTION('ref_axis',(0.707106781186547,0.707106781186547,0.));
#3142=DIRECTION('center_axis',(1.,-7.65671051465625E-17,0.));
#3143=DIRECTION('ref_axis',(-1.96261557335472E-16,-0.707106781186549,-0.707106781186546));
#3144=DIRECTION('',(1.,-7.65671051465625E-17,0.));
#3145=DIRECTION('center_axis',(1.,0.,0.));
#3146=DIRECTION('ref_axis',(0.,1.,0.));
#3147=DIRECTION('',(0.,0.,-1.));
#3148=DIRECTION('',(0.,1.,0.));
#3149=DIRECTION('',(0.,0.,1.));
#3150=DIRECTION('center_axis',(0.,0.,1.));
#3151=DIRECTION('ref_axis',(0.707106781186547,0.707106781186547,0.));
#3152=DIRECTION('',(0.,0.,1.));
#3153=DIRECTION('center_axis',(0.,0.,-1.));
#3154=DIRECTION('ref_axis',(0.707106781186547,0.707106781186547,0.));
#3155=DIRECTION('center_axis',(7.65671051465625E-17,1.,0.));
#3156=DIRECTION('ref_axis',(-1.,7.65671051465625E-17,0.));
#3157=DIRECTION('',(0.,0.,-1.));
#3158=DIRECTION('',(-1.,7.65671051465625E-17,0.));
#3159=DIRECTION('center_axis',(0.,0.,1.));
#3160=DIRECTION('ref_axis',(-0.707106781186546,0.707106781186549,0.));
#3161=DIRECTION('',(0.,0.,1.));
#3162=DIRECTION('center_axis',(0.,0.,-1.));
#3163=DIRECTION('ref_axis',(-0.707106781186546,0.707106781186549,0.));
#3164=DIRECTION('center_axis',(0.,0.,1.));
#3165=DIRECTION('ref_axis',(0.707106781186548,-0.707106781186548,0.));
#3166=DIRECTION('center_axis',(0.,0.,1.));
#3167=DIRECTION('ref_axis',(0.707106781186548,-0.707106781186548,0.));
#3168=DIRECTION('',(0.,0.,1.));
#3169=DIRECTION('center_axis',(0.,0.,1.));
#3170=DIRECTION('ref_axis',(0.707106781186548,-0.707106781186548,0.));
#3171=DIRECTION('',(0.,0.,-1.));
#3172=DIRECTION('center_axis',(-1.,0.,0.));
#3173=DIRECTION('ref_axis',(0.,-1.,0.));
#3174=DIRECTION('',(0.,-1.,0.));
#3175=DIRECTION('',(0.,0.,1.));
#3176=DIRECTION('',(0.,1.,0.));
#3177=DIRECTION('center_axis',(0.,0.,1.));
#3178=DIRECTION('ref_axis',(-0.707106781186548,-0.707106781186548,0.));
#3179=DIRECTION('center_axis',(0.,0.,1.));
#3180=DIRECTION('ref_axis',(-0.707106781186548,-0.707106781186548,0.));
#3181=DIRECTION('',(0.,0.,1.));
#3182=DIRECTION('center_axis',(0.,0.,1.));
#3183=DIRECTION('ref_axis',(-0.707106781186548,-0.707106781186548,0.));
#3184=DIRECTION('',(0.,0.,-1.));
#3185=DIRECTION('center_axis',(0.,1.,0.));
#3186=DIRECTION('ref_axis',(-1.,0.,0.));
#3187=DIRECTION('',(1.,0.,0.));
#3188=DIRECTION('',(-1.,0.,0.));
#3189=DIRECTION('center_axis',(0.,0.,1.));
#3190=DIRECTION('ref_axis',(-0.707106781186546,0.707106781186549,0.));
#3191=DIRECTION('center_axis',(0.,0.,1.));
#3192=DIRECTION('ref_axis',(-0.707106781186546,0.707106781186549,0.));
#3193=DIRECTION('',(0.,0.,1.));
#3194=DIRECTION('center_axis',(0.,0.,1.));
#3195=DIRECTION('ref_axis',(-0.707106781186546,0.707106781186549,0.));
#3196=DIRECTION('',(0.,0.,-1.));
#3197=DIRECTION('center_axis',(1.,0.,0.));
#3198=DIRECTION('ref_axis',(0.,1.,0.));
#3199=DIRECTION('',(0.,-1.,0.));
#3200=DIRECTION('',(0.,1.,0.));
#3201=DIRECTION('center_axis',(0.,0.,1.));
#3202=DIRECTION('ref_axis',(0.707106781186549,0.707106781186546,0.));
#3203=DIRECTION('center_axis',(0.,0.,1.));
#3204=DIRECTION('ref_axis',(0.707106781186549,0.707106781186546,0.));
#3205=DIRECTION('center_axis',(0.,0.,1.));
#3206=DIRECTION('ref_axis',(0.707106781186549,0.707106781186546,0.));
#3207=DIRECTION('',(0.,0.,-1.));
#3208=DIRECTION('center_axis',(0.,-1.,0.));
#3209=DIRECTION('ref_axis',(1.,0.,0.));
#3210=DIRECTION('',(-1.,0.,0.));
#3211=DIRECTION('',(1.,0.,0.));
#3212=DIRECTION('center_axis',(0.,0.,1.));
#3213=DIRECTION('ref_axis',(1.,0.,0.));
#3214=DIRECTION('',(0.,-1.,0.));
#3215=DIRECTION('center_axis',(0.,0.,-1.));
#3216=DIRECTION('ref_axis',(-0.70710678118655,-0.707106781186545,0.));
#3217=DIRECTION('',(1.,0.,0.));
#3218=DIRECTION('center_axis',(0.,0.,-1.));
#3219=DIRECTION('ref_axis',(0.707106781186546,-0.707106781186549,0.));
#3220=DIRECTION('center_axis',(0.,0.,1.));
#3221=DIRECTION('ref_axis',(0.707106781186546,-0.707106781186549,0.));
#3222=DIRECTION('',(0.,0.,-1.));
#3223=DIRECTION('center_axis',(0.,-1.,0.));
#3224=DIRECTION('ref_axis',(1.,0.,0.));
#3225=DIRECTION('',(0.,0.,1.));
#3226=DIRECTION('center_axis',(0.,0.,1.));
#3227=DIRECTION('ref_axis',(-0.70710678118655,-0.707106781186545,0.));
#3228=DIRECTION('',(0.,0.,-1.));
#3229=DIRECTION('center_axis',(-1.,0.,0.));
#3230=DIRECTION('ref_axis',(0.,-1.,0.));
#3231=DIRECTION('center_axis',(0.,0.,-1.));
#3232=DIRECTION('ref_axis',(1.,0.,0.));
#3233=DIRECTION('center_axis',(0.,0.,1.));
#3234=DIRECTION('ref_axis',(-1.,0.,0.));
#3235=DIRECTION('center_axis',(0.,0.,1.));
#3236=DIRECTION('ref_axis',(-1.,0.,0.));
#3237=DIRECTION('',(-0.707106781186554,-8.65956056235501E-17,-0.707106781186541));
#3238=DIRECTION('center_axis',(0.,0.,-1.));
#3239=DIRECTION('ref_axis',(-1.,0.,0.));
#3240=DIRECTION('center_axis',(0.,0.,-1.));
#3241=DIRECTION('ref_axis',(-1.,0.,0.));
#3242=DIRECTION('',(0.,0.,-1.));
#3243=DIRECTION('center_axis',(0.,0.,-1.));
#3244=DIRECTION('ref_axis',(-1.,0.,0.));
#3245=DIRECTION('center_axis',(0.,0.,1.));
#3246=DIRECTION('ref_axis',(-1.,0.,0.));
#3247=DIRECTION('center_axis',(0.,0.,1.));
#3248=DIRECTION('ref_axis',(-1.,0.,0.));
#3249=DIRECTION('',(-0.707106781186554,-8.65956056235501E-17,-0.707106781186541));
#3250=DIRECTION('center_axis',(0.,0.,-1.));
#3251=DIRECTION('ref_axis',(-1.,0.,0.));
#3252=DIRECTION('center_axis',(0.,0.,-1.));
#3253=DIRECTION('ref_axis',(-1.,0.,0.));
#3254=DIRECTION('',(0.,0.,-1.));
#3255=DIRECTION('center_axis',(0.,0.,-1.));
#3256=DIRECTION('ref_axis',(-1.,0.,0.));
#3257=DIRECTION('center_axis',(0.,0.,1.));
#3258=DIRECTION('ref_axis',(-1.,0.,0.));
#3259=DIRECTION('center_axis',(0.,0.,1.));
#3260=DIRECTION('ref_axis',(-1.,0.,0.));
#3261=DIRECTION('',(-0.707106781186548,-8.65956056235493E-17,-0.707106781186548));
#3262=DIRECTION('center_axis',(0.,0.,-1.));
#3263=DIRECTION('ref_axis',(-1.,0.,0.));
#3264=DIRECTION('center_axis',(0.,0.,-1.));
#3265=DIRECTION('ref_axis',(-1.,0.,0.));
#3266=DIRECTION('',(0.,0.,-1.));
#3267=DIRECTION('center_axis',(0.,0.,-1.));
#3268=DIRECTION('ref_axis',(-1.,0.,0.));
#3269=DIRECTION('center_axis',(0.,0.,1.));
#3270=DIRECTION('ref_axis',(-1.,0.,0.));
#3271=DIRECTION('center_axis',(0.,0.,1.));
#3272=DIRECTION('ref_axis',(-1.,0.,0.));
#3273=DIRECTION('',(-0.707106781186548,-8.65956056235493E-17,-0.707106781186548));
#3274=DIRECTION('center_axis',(0.,0.,-1.));
#3275=DIRECTION('ref_axis',(-1.,0.,0.));
#3276=DIRECTION('center_axis',(0.,0.,-1.));
#3277=DIRECTION('ref_axis',(-1.,0.,0.));
#3278=DIRECTION('',(0.,0.,-1.));
#3279=DIRECTION('center_axis',(0.,0.,-1.));
#3280=DIRECTION('ref_axis',(-1.,0.,0.));
#3281=DIRECTION('center_axis',(0.,0.,-1.));
#3282=DIRECTION('ref_axis',(-1.,0.,0.));
#3283=DIRECTION('center_axis',(0.,0.,-1.));
#3284=DIRECTION('ref_axis',(-1.,0.,0.));
#3285=DIRECTION('center_axis',(0.,-1.,0.));
#3286=DIRECTION('ref_axis',(1.,0.,0.));
#3287=DIRECTION('center_axis',(0.,0.,1.));
#3288=DIRECTION('ref_axis',(-1.,0.,0.));
#3289=DIRECTION('',(0.,0.,-1.));
#3290=DIRECTION('center_axis',(0.,0.,-1.));
#3291=DIRECTION('ref_axis',(-1.,0.,0.));
#3292=DIRECTION('center_axis',(0.,0.,-1.));
#3293=DIRECTION('ref_axis',(-1.,0.,0.));
#3294=DIRECTION('center_axis',(0.,-1.,0.));
#3295=DIRECTION('ref_axis',(1.,0.,0.));
#3296=DIRECTION('center_axis',(0.,0.,1.));
#3297=DIRECTION('ref_axis',(-1.,0.,0.));
#3298=DIRECTION('',(0.,0.,-1.));
#3299=DIRECTION('center_axis',(0.,0.,-1.));
#3300=DIRECTION('ref_axis',(-1.,0.,0.));
#3301=DIRECTION('center_axis',(0.,0.,-1.));
#3302=DIRECTION('ref_axis',(-1.,0.,0.));
#3303=DIRECTION('center_axis',(-1.38777878078145E-16,-1.,0.));
#3304=DIRECTION('ref_axis',(1.,-1.38777878078145E-16,0.));
#3305=DIRECTION('center_axis',(0.,0.,1.));
#3306=DIRECTION('ref_axis',(-1.,0.,0.));
#3307=DIRECTION('',(0.,0.,-1.));
#3308=DIRECTION('center_axis',(0.,0.,-1.));
#3309=DIRECTION('ref_axis',(-1.,0.,0.));
#3310=DIRECTION('center_axis',(0.,0.,-1.));
#3311=DIRECTION('ref_axis',(-1.,0.,0.));
#3312=DIRECTION('center_axis',(-1.38777878078144E-16,-1.,0.));
#3313=DIRECTION('ref_axis',(1.,-1.38777878078144E-16,0.));
#3314=DIRECTION('center_axis',(0.,0.,1.));
#3315=DIRECTION('ref_axis',(-1.,0.,0.));
#3316=DIRECTION('',(0.,0.,-1.));
#3317=DIRECTION('center_axis',(0.,0.,1.));
#3318=DIRECTION('ref_axis',(1.,0.,0.));
#3319=DIRECTION('center_axis',(0.,0.,1.));
#3320=DIRECTION('ref_axis',(1.,0.,0.));
#3321=DIRECTION('center_axis',(0.,0.,1.));
#3322=DIRECTION('ref_axis',(1.,0.,0.));
#3323=DIRECTION('center_axis',(0.,0.,1.));
#3324=DIRECTION('ref_axis',(1.,0.,0.));
#3325=DIRECTION('center_axis',(0.,0.,-1.));
#3326=DIRECTION('ref_axis',(0.707106781186547,0.707106781186547,0.));
#3327=DIRECTION('center_axis',(0.,0.,1.));
#3328=DIRECTION('ref_axis',(0.707106781186547,0.707106781186547,0.));
#3329=DIRECTION('',(0.,0.,1.));
#3330=DIRECTION('',(0.,0.,-1.));
#3331=DIRECTION('center_axis',(4.60196072383485E-17,1.,0.));
#3332=DIRECTION('ref_axis',(1.,-4.60196072383485E-17,0.));
#3333=DIRECTION('',(1.,-4.60196072383485E-17,0.));
#3334=DIRECTION('',(0.,0.,-1.));
#3335=DIRECTION('center_axis',(0.,0.,-1.));
#3336=DIRECTION('ref_axis',(-0.707106781186547,0.707106781186547,0.));
#3337=DIRECTION('center_axis',(0.,0.,1.));
#3338=DIRECTION('ref_axis',(-0.707106781186547,0.707106781186547,0.));
#3339=DIRECTION('',(0.,0.,1.));
#3340=DIRECTION('center_axis',(0.,0.,-1.));
#3341=DIRECTION('ref_axis',(-0.707106781186548,-0.707106781186547,0.));
#3342=DIRECTION('center_axis',(0.,0.,1.));
#3343=DIRECTION('ref_axis',(-0.707106781186548,-0.707106781186547,0.));
#3344=DIRECTION('',(0.,0.,1.));
#3345=DIRECTION('',(0.,0.,-1.));
#3346=DIRECTION('center_axis',(-4.60196072383485E-17,-1.,0.));
#3347=DIRECTION('ref_axis',(-1.,4.60196072383485E-17,0.));
#3348=DIRECTION('',(-1.,4.60196072383485E-17,0.));
#3349=DIRECTION('',(0.,0.,-1.));
#3350=DIRECTION('center_axis',(0.,0.,-1.));
#3351=DIRECTION('ref_axis',(0.707106781186547,-0.707106781186547,0.));
#3352=DIRECTION('center_axis',(0.,0.,1.));
#3353=DIRECTION('ref_axis',(0.707106781186547,-0.707106781186547,0.));
#3354=DIRECTION('',(0.,0.,1.));
#3355=DIRECTION('center_axis',(1.,0.,0.));
#3356=DIRECTION('ref_axis',(0.,1.,0.));
#3357=DIRECTION('center_axis',(1.,0.,0.));
#3358=DIRECTION('ref_axis',(0.,1.,0.));
#3359=DIRECTION('',(1.,0.,0.));
#3360=DIRECTION('center_axis',(1.,0.,0.));
#3361=DIRECTION('ref_axis',(0.,1.,0.));
#3362=DIRECTION('center_axis',(-1.,0.,0.));
#3363=DIRECTION('ref_axis',(0.,0.,1.));
#3364=DIRECTION('center_axis',(1.,0.,0.));
#3365=DIRECTION('ref_axis',(0.,1.,0.));
#3366=DIRECTION('center_axis',(1.,0.,0.));
#3367=DIRECTION('ref_axis',(0.,1.,0.));
#3368=DIRECTION('',(1.,0.,0.));
#3369=DIRECTION('center_axis',(1.,0.,0.));
#3370=DIRECTION('ref_axis',(0.,1.,0.));
#3371=DIRECTION('center_axis',(-1.,0.,0.));
#3372=DIRECTION('ref_axis',(0.,0.,1.));
#3373=DIRECTION('center_axis',(0.,1.,0.));
#3374=DIRECTION('ref_axis',(1.,0.,0.));
#3375=DIRECTION('center_axis',(0.,1.,0.));
#3376=DIRECTION('ref_axis',(1.,0.,0.));
#3377=DIRECTION('',(0.,1.,0.));
#3378=DIRECTION('center_axis',(0.,1.,0.));
#3379=DIRECTION('ref_axis',(1.,0.,0.));
#3380=DIRECTION('center_axis',(0.,-1.,0.));
#3381=DIRECTION('ref_axis',(0.,0.,-1.));
#3382=DIRECTION('center_axis',(0.,1.,0.));
#3383=DIRECTION('ref_axis',(1.,0.,0.));
#3384=DIRECTION('center_axis',(0.,1.,0.));
#3385=DIRECTION('ref_axis',(1.,0.,0.));
#3386=DIRECTION('',(0.,1.,0.));
#3387=DIRECTION('center_axis',(0.,1.,0.));
#3388=DIRECTION('ref_axis',(1.,0.,0.));
#3389=DIRECTION('center_axis',(0.,-1.,0.));
#3390=DIRECTION('ref_axis',(0.,0.,-1.));
#3391=DIRECTION('center_axis',(0.,0.,1.));
#3392=DIRECTION('ref_axis',(1.,0.,0.));
#3393=DIRECTION('',(-1.,0.,0.));
#3394=DIRECTION('',(0.,1.,0.));
#3395=DIRECTION('center_axis',(-1.,0.,1.77635683940025E-15));
#3396=DIRECTION('ref_axis',(1.77635683940025E-15,0.,1.));
#3397=DIRECTION('',(-1.77635683940025E-15,0.,-1.));
#3398=DIRECTION('',(0.,1.,0.));
#3399=DIRECTION('center_axis',(-8.88178419700124E-16,0.,1.));
#3400=DIRECTION('ref_axis',(1.,0.,8.88178419700124E-16));
#3401=DIRECTION('',(1.,0.,8.88178419700124E-16));
#3402=DIRECTION('',(0.,1.,0.));
#3403=DIRECTION('center_axis',(1.,0.,8.88178419700124E-16));
#3404=DIRECTION('ref_axis',(8.88178419700124E-16,0.,-1.));
#3405=DIRECTION('',(8.88178419700124E-16,0.,-1.));
#3406=DIRECTION('',(0.,1.,0.));
#3407=DIRECTION('center_axis',(0.,0.,1.));
#3408=DIRECTION('ref_axis',(1.,0.,0.));
#3409=DIRECTION('',(1.,0.,0.));
#3410=DIRECTION('center_axis',(0.,1.,0.));
#3411=DIRECTION('ref_axis',(1.,0.,0.));
#3412=DIRECTION('center_axis',(0.,-1.,-8.45884209238215E-16));
#3413=DIRECTION('ref_axis',(0.,8.45884209238215E-16,-1.));
#3414=DIRECTION('',(0.,8.45884209238215E-16,-1.));
#3415=DIRECTION('',(1.,0.,0.));
#3416=DIRECTION('',(0.,-8.45884209238215E-16,1.));
#3417=DIRECTION('center_axis',(0.,8.88178419700126E-15,1.));
#3418=DIRECTION('ref_axis',(0.,-1.,8.88178419700126E-15));
#3419=DIRECTION('',(0.,1.,-8.88178419700126E-15));
#3420=DIRECTION('',(0.,-1.,8.88178419700126E-15));
#3421=DIRECTION('',(1.,0.,0.));
#3422=DIRECTION('center_axis',(0.,1.,8.88178419700128E-16));
#3423=DIRECTION('ref_axis',(0.,-8.88178419700128E-16,1.));
#3424=DIRECTION('',(0.,8.88178419700128E-16,-1.));
#3425=DIRECTION('',(0.,-8.88178419700128E-16,1.));
#3426=DIRECTION('',(1.,0.,0.));
#3427=DIRECTION('center_axis',(0.,8.88178419700125E-16,1.));
#3428=DIRECTION('ref_axis',(0.,-1.,8.88178419700125E-16));
#3429=DIRECTION('',(0.,-1.,8.88178419700125E-16));
#3430=DIRECTION('',(0.,-1.,8.88178419700125E-16));
#3431=DIRECTION('',(1.,0.,0.));
#3432=DIRECTION('center_axis',(0.,-1.,0.));
#3433=DIRECTION('ref_axis',(0.,0.,-1.));
#3434=DIRECTION('',(0.,0.,-1.));
#3435=DIRECTION('',(0.,0.,-1.));
#3436=DIRECTION('',(1.,0.,0.));
#3437=DIRECTION('center_axis',(0.,-8.88178419700132E-15,1.));
#3438=DIRECTION('ref_axis',(0.,-1.,-8.88178419700132E-15));
#3439=DIRECTION('',(0.,-1.,-8.88178419700132E-15));
#3440=DIRECTION('',(0.,-1.,-8.88178419700132E-15));
#3441=DIRECTION('',(1.,0.,0.));
#3442=DIRECTION('center_axis',(0.,1.,1.90323947078598E-15));
#3443=DIRECTION('ref_axis',(0.,-1.90323947078598E-15,1.));
#3444=DIRECTION('',(0.,-1.90323947078598E-15,1.));
#3445=DIRECTION('',(0.,-1.90323947078598E-15,1.));
#3446=DIRECTION('center_axis',(1.,0.,0.));
#3447=DIRECTION('ref_axis',(0.,0.,-1.));
#3448=DIRECTION('center_axis',(1.,0.,0.));
#3449=DIRECTION('ref_axis',(0.,1.,0.));
#3450=DIRECTION('center_axis',(-3.79276051283971E-17,1.,0.));
#3451=DIRECTION('ref_axis',(-0.677109488984706,0.,-0.735882286732647));
#3452=DIRECTION('center_axis',(0.,-1.,0.));
#3453=DIRECTION('ref_axis',(-0.99654575824488,0.,-0.0830454798537393));
#3454=DIRECTION('center_axis',(2.22814259242945E-16,1.,0.));
#3455=DIRECTION('ref_axis',(0.,0.,-1.));
#3456=DIRECTION('',(3.79276051283971E-17,-1.,0.));
#3457=DIRECTION('center_axis',(-1.,4.44474536762809E-15,0.));
#3458=DIRECTION('ref_axis',(0.,0.,-1.));
#3459=DIRECTION('center_axis',(-0.362128143689334,-0.181064066448538,-0.914373562275964));
#3460=DIRECTION('ref_axis',(0.817840581705791,0.40892027866611,-0.404871570514359));
#3461=DIRECTION('center_axis',(-1.,0.,0.));
#3462=DIRECTION('ref_axis',(0.,-0.69223170128446,-0.721675322937415));
#3463=DIRECTION('center_axis',(-1.,0.,0.));
#3464=DIRECTION('ref_axis',(0.,0.,-1.));
#3465=DIRECTION('',(1.,0.,0.));
#3466=DIRECTION('center_axis',(-2.22814259242945E-15,-1.,0.));
#3467=DIRECTION('ref_axis',(0.,0.,-1.));
#3468=DIRECTION('center_axis',(0.362128143689343,-0.181064066448536,-0.914373562275961));
#3469=DIRECTION('ref_axis',(-0.817840581705781,0.408920278666124,-0.404871570514366));
#3470=DIRECTION('center_axis',(3.79276051283971E-17,-1.,0.));
#3471=DIRECTION('ref_axis',(0.677109488984707,0.,-0.735882286732647));
#3472=DIRECTION('center_axis',(-2.22814259242945E-16,-1.,0.));
#3473=DIRECTION('ref_axis',(0.,0.,-1.));
#3474=DIRECTION('',(-3.79276051283971E-17,1.,0.));
#3475=DIRECTION('center_axis',(1.,-3.55579629410247E-15,0.));
#3476=DIRECTION('ref_axis',(0.,0.,-1.));
#3477=DIRECTION('center_axis',(0.362128143689333,0.18106406644854,-0.914373562275964));
#3478=DIRECTION('ref_axis',(-0.817840581705791,-0.40892027866611,-0.404871570514359));
#3479=DIRECTION('center_axis',(1.,0.,0.));
#3480=DIRECTION('ref_axis',(0.,0.69223170128446,-0.721675322937415));
#3481=DIRECTION('center_axis',(1.,0.,0.));
#3482=DIRECTION('ref_axis',(0.,0.,-1.));
#3483=DIRECTION('',(-1.,0.,0.));
#3484=DIRECTION('center_axis',(-0.362128143689347,0.181064066448528,-0.914373562275961));
#3485=DIRECTION('ref_axis',(0.817840581705781,-0.408920278666124,-0.404871570514366));
#3486=DIRECTION('center_axis',(-0.0829739813687584,-0.0414869894479705,
-0.995687776425101));
#3487=DIRECTION('ref_axis',(-0.703449320091213,-0.705275673664606,0.0880072622011767));
#3488=DIRECTION('',(0.0829739813687584,0.0414869894479705,0.995687776425101));
#3489=DIRECTION('',(0.0829739813687584,0.0414869894479705,0.995687776425101));
#3490=DIRECTION('center_axis',(0.,0.999133073143958,-0.0416305434736447));
#3491=DIRECTION('ref_axis',(0.,0.0416305434736447,0.999133073143958));
#3492=DIRECTION('',(0.0829739813687584,-0.0414869894479705,-0.995687776425101));
#3493=DIRECTION('',(-1.,0.,0.));
#3494=DIRECTION('center_axis',(0.0829739813687584,-0.0414869894479705,-0.995687776425101));
#3495=DIRECTION('ref_axis',(0.703449320091213,-0.705275673664606,0.0880072622011736));
#3496=DIRECTION('',(-0.0829739813687584,0.0414869894479705,0.995687776425101));
#3497=DIRECTION('center_axis',(-0.99654575824488,-3.77965940110909E-17,
-0.08304547985374));
#3498=DIRECTION('ref_axis',(-0.08304547985374,0.,0.99654575824488));
#3499=DIRECTION('',(-0.0829739813687584,-0.0414869894479705,0.995687776425101));
#3500=DIRECTION('center_axis',(0.99654575824488,3.77965940110909E-17,0.08304547985374));
#3501=DIRECTION('ref_axis',(0.08304547985374,-5.76243773904167E-18,-0.99654575824488));
#3502=DIRECTION('',(0.,-1.,0.));
#3503=DIRECTION('center_axis',(0.99654575824488,3.77965940110909E-17,0.08304547985374));
#3504=DIRECTION('ref_axis',(0.08304547985374,5.76243773904167E-18,-0.99654575824488));
#3505=DIRECTION('center_axis',(-1.,-2.4168120263949E-16,0.));
#3506=DIRECTION('ref_axis',(-2.4168120263949E-16,1.,0.));
#3507=DIRECTION('',(-2.4168120263949E-16,1.,0.));
#3508=DIRECTION('center_axis',(1.,1.20840601319745E-16,0.));
#3509=DIRECTION('ref_axis',(1.20840601319745E-16,-1.,0.));
#3510=DIRECTION('',(1.20840601319745E-16,-1.,0.));
#3511=DIRECTION('center_axis',(0.,0.,-1.));
#3512=DIRECTION('ref_axis',(-1.,0.,0.));
#3513=DIRECTION('center_axis',(-0.757124433371324,0.,-0.653270688453225));
#3514=DIRECTION('ref_axis',(-0.461932133755678,-0.707106781186548,0.535367821038887));
#3515=DIRECTION('center_axis',(-0.757124433371323,0.,-0.653270688453227));
#3516=DIRECTION('ref_axis',(0.,-1.,0.));
#3517=DIRECTION('',(-0.757124433371324,0.,-0.653270688453225));
#3518=DIRECTION('center_axis',(0.757124433371323,0.,0.653270688453227));
#3519=DIRECTION('ref_axis',(-0.653270688453227,0.,0.757124433371323));
#3520=DIRECTION('',(0.757124433371324,0.,0.653270688453225));
#3521=DIRECTION('center_axis',(0.,-1.,0.));
#3522=DIRECTION('ref_axis',(0.,0.,-1.));
#3523=DIRECTION('center_axis',(0.757124433371324,0.,-0.653270688453226));
#3524=DIRECTION('ref_axis',(0.653270688453225,0.,0.757124433371324));
#3525=DIRECTION('center_axis',(0.,-1.,0.));
#3526=DIRECTION('ref_axis',(0.,0.,-1.));
#3527=DIRECTION('center_axis',(0.,1.,0.));
#3528=DIRECTION('ref_axis',(0.,0.,-1.));
#3529=DIRECTION('center_axis',(0.757124433371324,0.,-0.653270688453225));
#3530=DIRECTION('ref_axis',(0.461932133755681,-0.707106781186547,0.535367821038885));
#3531=DIRECTION('center_axis',(0.757124433371324,0.,-0.653270688453226));
#3532=DIRECTION('ref_axis',(0.653270688453225,0.,0.757124433371324));
#3533=DIRECTION('',(0.757124433371324,0.,-0.653270688453225));
#3534=DIRECTION('',(-0.757124433371324,0.,0.653270688453225));
#3535=DIRECTION('center_axis',(0.,-1.,0.));
#3536=DIRECTION('ref_axis',(0.,0.,-1.));
#3537=DIRECTION('center_axis',(-4.16333634234433E-16,0.,-1.));
#3538=DIRECTION('ref_axis',(1.,0.,-4.16333634234433E-16));
#3539=DIRECTION('center_axis',(0.,-1.,0.));
#3540=DIRECTION('ref_axis',(-0.909194887923713,0.,-0.416370815227709));
#3541=DIRECTION('center_axis',(0.,1.,0.));
#3542=DIRECTION('ref_axis',(-0.909194887923713,0.,-0.416370815227709));
#3543=DIRECTION('center_axis',(0.,0.,-1.));
#3544=DIRECTION('ref_axis',(0.707106781186547,-0.707106781186548,0.));
#3545=DIRECTION('center_axis',(0.,0.,-1.));
#3546=DIRECTION('ref_axis',(1.,0.,0.));
#3547=DIRECTION('',(0.,0.,-1.));
#3548=DIRECTION('',(0.,0.,1.));
#3549=DIRECTION('center_axis',(1.,0.,0.));
#3550=DIRECTION('ref_axis',(0.,5.66553889764798E-16,1.));
#3551=DIRECTION('center_axis',(0.,-2.98023228317845E-8,1.));
#3552=DIRECTION('ref_axis',(1.,0.,0.));
#3553=DIRECTION('center_axis',(1.,0.,0.));
#3554=DIRECTION('ref_axis',(0.,5.05321551566888E-16,1.));
#3555=DIRECTION('center_axis',(-1.,0.,0.));
#3556=DIRECTION('ref_axis',(0.,5.05321551566888E-16,1.));
#3557=DIRECTION('center_axis',(0.,0.,1.));
#3558=DIRECTION('ref_axis',(0.707106781186547,0.707106781186548,0.));
#3559=DIRECTION('center_axis',(0.,0.,1.));
#3560=DIRECTION('ref_axis',(1.,0.,0.));
#3561=DIRECTION('',(0.,0.,1.));
#3562=DIRECTION('',(0.,0.,-1.));
#3563=DIRECTION('center_axis',(0.,1.,0.));
#3564=DIRECTION('ref_axis',(0.,0.,1.));
#3565=DIRECTION('center_axis',(-0.757124433371325,0.,0.653270688453225));
#3566=DIRECTION('ref_axis',(0.653270688453225,0.,0.757124433371325));
#3567=DIRECTION('center_axis',(0.,1.,0.));
#3568=DIRECTION('ref_axis',(-0.909194887923713,0.,-0.416370815227709));
#3569=DIRECTION('center_axis',(0.,-1.,0.));
#3570=DIRECTION('ref_axis',(-0.909194887923713,0.,-0.416370815227709));
#3571=DIRECTION('center_axis',(0.757124433371324,0.,-0.653270688453225));
#3572=DIRECTION('ref_axis',(0.461932133755681,0.707106781186547,0.535367821038886));
#3573=DIRECTION('center_axis',(-0.757124433371324,0.,0.653270688453226));
#3574=DIRECTION('ref_axis',(0.653270688453226,0.,0.757124433371324));
#3575=DIRECTION('',(-0.757124433371324,0.,0.653270688453225));
#3576=DIRECTION('',(0.757124433371324,0.,-0.653270688453225));
#3577=DIRECTION('center_axis',(0.,-1.,0.));
#3578=DIRECTION('ref_axis',(0.,0.,-1.));
#3579=DIRECTION('center_axis',(-0.757124433371324,0.,-0.653270688453226));
#3580=DIRECTION('ref_axis',(-0.653270688453226,0.,0.757124433371324));
#3581=DIRECTION('center_axis',(0.,1.,0.));
#3582=DIRECTION('ref_axis',(0.,0.,-1.));
#3583=DIRECTION('center_axis',(0.,-1.,0.));
#3584=DIRECTION('ref_axis',(0.,0.,-1.));
#3585=DIRECTION('center_axis',(-0.757124433371324,0.,-0.653270688453225));
#3586=DIRECTION('ref_axis',(-0.461932133755683,0.707106781186546,0.535367821038886));
#3587=DIRECTION('center_axis',(-0.757124433371323,0.,-0.653270688453227));
#3588=DIRECTION('ref_axis',(-0.653270688453227,5.55111512312578E-16,0.757124433371323));
#3589=DIRECTION('',(-0.757124433371324,0.,-0.653270688453225));
#3590=DIRECTION('',(0.757124433371324,0.,0.653270688453225));
#3591=DIRECTION('center_axis',(0.,1.,0.));
#3592=DIRECTION('ref_axis',(0.,0.,1.));
#3593=DIRECTION('center_axis',(-1.38777878078144E-16,0.,-1.));
#3594=DIRECTION('ref_axis',(-1.,0.,1.38777878078144E-16));
#3595=DIRECTION('center_axis',(0.,1.,0.));
#3596=DIRECTION('ref_axis',(0.909194887923713,0.,-0.416370815227709));
#3597=DIRECTION('center_axis',(0.,-1.,0.));
#3598=DIRECTION('ref_axis',(0.909194887923713,0.,-0.416370815227709));
#3599=DIRECTION('center_axis',(0.,0.,1.));
#3600=DIRECTION('ref_axis',(-0.707106781186549,0.707106781186546,0.));
#3601=DIRECTION('center_axis',(0.,0.,-1.));
#3602=DIRECTION('ref_axis',(-1.,0.,0.));
#3603=DIRECTION('',(0.,0.,-1.));
#3604=DIRECTION('',(0.,0.,1.));
#3605=DIRECTION('center_axis',(1.,0.,0.));
#3606=DIRECTION('ref_axis',(0.,-1.22464679914735E-16,1.));
#3607=DIRECTION('center_axis',(0.,2.98023228317845E-8,1.));
#3608=DIRECTION('ref_axis',(-1.,0.,0.));
#3609=DIRECTION('center_axis',(-1.,0.,0.));
#3610=DIRECTION('ref_axis',(0.,5.05321551566888E-16,1.));
#3611=DIRECTION('center_axis',(1.,0.,0.));
#3612=DIRECTION('ref_axis',(0.,5.05321551566888E-16,1.));
#3613=DIRECTION('center_axis',(0.,0.,-1.));
#3614=DIRECTION('ref_axis',(-0.707106781186549,-0.707106781186546,0.));
#3615=DIRECTION('center_axis',(2.77555756156289E-16,0.,1.));
#3616=DIRECTION('ref_axis',(-1.,0.,2.77555756156289E-16));
#3617=DIRECTION('',(0.,0.,1.));
#3618=DIRECTION('',(0.,0.,-1.));
#3619=DIRECTION('center_axis',(0.,-1.,0.));
#3620=DIRECTION('ref_axis',(0.,0.,-1.));
#3621=DIRECTION('center_axis',(0.,1.,0.));
#3622=DIRECTION('ref_axis',(0.909194887923713,0.,-0.416370815227709));
#3623=DIRECTION('center_axis',(0.,-1.,0.));
#3624=DIRECTION('ref_axis',(0.909194887923713,0.,-0.416370815227709));
#3625=DIRECTION('center_axis',(0.,-1.,0.));
#3626=DIRECTION('ref_axis',(0.,0.,1.));
#3627=DIRECTION('',(-1.,0.,0.));
#3628=DIRECTION('',(0.,0.,1.));
#3629=DIRECTION('center_axis',(0.,-1.,0.));
#3630=DIRECTION('ref_axis',(0.945131835026669,0.,-0.326689170954781));
#3631=DIRECTION('',(0.617528671255666,0.,0.786548371161756));
#3632=DIRECTION('center_axis',(0.,1.,0.));
#3633=DIRECTION('ref_axis',(-0.945131835026669,0.,0.326689170954781));
#3634=DIRECTION('',(0.,0.,1.));
#3635=DIRECTION('',(1.,0.,0.));
#3636=DIRECTION('',(0.,0.,-1.));
#3637=DIRECTION('center_axis',(0.,1.,0.));
#3638=DIRECTION('ref_axis',(0.945131835026668,0.,0.326689170954782));
#3639=DIRECTION('',(0.617528671255666,0.,-0.786548371161756));
#3640=DIRECTION('center_axis',(0.,-1.,0.));
#3641=DIRECTION('ref_axis',(-0.945131835026669,0.,-0.326689170954781));
#3642=DIRECTION('',(0.,0.,-1.));
#3643=DIRECTION('',(1.,0.,0.));
#3644=DIRECTION('center_axis',(1.,0.,0.));
#3645=DIRECTION('ref_axis',(0.,0.999999999999999,2.98023219436061E-8));
#3646=DIRECTION('',(-1.,0.,0.));
#3647=DIRECTION('center_axis',(1.,0.,0.));
#3648=DIRECTION('ref_axis',(0.,5.05321551566888E-16,1.));
#3649=DIRECTION('center_axis',(1.,0.,0.));
#3650=DIRECTION('ref_axis',(0.,1.,0.));
#3651=DIRECTION('',(0.,-1.,0.));
#3652=DIRECTION('center_axis',(-1.,0.,0.));
#3653=DIRECTION('ref_axis',(0.,1.,0.));
#3654=DIRECTION('center_axis',(0.,1.,0.));
#3655=DIRECTION('ref_axis',(-0.909194887923713,0.,-0.41637081522771));
#3656=DIRECTION('',(0.,1.,0.));
#3657=DIRECTION('center_axis',(0.,0.,-1.));
#3658=DIRECTION('ref_axis',(0.707106781186546,-0.707106781186549,0.));
#3659=DIRECTION('center_axis',(0.,0.,-1.));
#3660=DIRECTION('ref_axis',(1.,0.,0.));
#3661=DIRECTION('',(0.,0.,-1.));
#3662=DIRECTION('',(0.,0.,1.));
#3663=DIRECTION('center_axis',(0.,-1.,0.));
#3664=DIRECTION('ref_axis',(0.,0.,-1.));
#3665=DIRECTION('center_axis',(-0.617528671255667,0.,-0.786548371161755));
#3666=DIRECTION('ref_axis',(0.786548371161755,0.,-0.617528671255667));
#3667=DIRECTION('center_axis',(0.,-1.,0.));
#3668=DIRECTION('ref_axis',(-0.945131835026669,0.,0.326689170954781));
#3669=DIRECTION('center_axis',(0.,1.,0.));
#3670=DIRECTION('ref_axis',(-0.945131835026669,0.,0.326689170954781));
#3671=DIRECTION('center_axis',(-0.617528671255666,0.,-0.786548371161756));
#3672=DIRECTION('ref_axis',(0.556173686979712,-0.707106781186547,-0.436658711022));
#3673=DIRECTION('center_axis',(-0.617528671255664,0.,-0.786548371161758));
#3674=DIRECTION('ref_axis',(0.786548371161758,5.55111512312579E-16,-0.617528671255664));
#3675=DIRECTION('',(-0.617528671255666,0.,-0.786548371161756));
#3676=DIRECTION('',(0.617528671255666,0.,0.786548371161756));
#3677=DIRECTION('center_axis',(0.,0.,-1.));
#3678=DIRECTION('ref_axis',(1.,0.,0.));
#3679=DIRECTION('center_axis',(0.,1.,0.));
#3680=DIRECTION('ref_axis',(0.945131835026669,0.,-0.326689170954781));
#3681=DIRECTION('center_axis',(0.,-1.,0.));
#3682=DIRECTION('ref_axis',(0.945131835026669,0.,-0.326689170954781));
#3683=DIRECTION('center_axis',(0.,0.,-1.));
#3684=DIRECTION('ref_axis',(0.707106781186546,-0.707106781186549,0.));
#3685=DIRECTION('center_axis',(0.,0.,-1.));
#3686=DIRECTION('ref_axis',(1.,0.,0.));
#3687=DIRECTION('',(0.,0.,-1.));
#3688=DIRECTION('',(0.,0.,1.));
#3689=DIRECTION('center_axis',(1.,0.,0.));
#3690=DIRECTION('ref_axis',(0.,5.66553889764798E-16,1.));
#3691=DIRECTION('center_axis',(0.,-2.98023228317845E-8,1.));
#3692=DIRECTION('ref_axis',(1.,0.,0.));
#3693=DIRECTION('center_axis',(-1.,0.,0.));
#3694=DIRECTION('ref_axis',(0.,5.05321551566888E-16,1.));
#3695=DIRECTION('center_axis',(0.,0.,1.));
#3696=DIRECTION('ref_axis',(0.707106781186546,0.707106781186549,0.));
#3697=DIRECTION('center_axis',(-2.7755575615629E-16,0.,1.));
#3698=DIRECTION('ref_axis',(1.,0.,2.7755575615629E-16));
#3699=DIRECTION('',(0.,0.,-1.));
#3700=DIRECTION('center_axis',(0.617528671255665,0.,0.786548371161757));
#3701=DIRECTION('ref_axis',(0.786548371161757,0.,-0.617528671255665));
#3702=DIRECTION('center_axis',(0.,1.,0.));
#3703=DIRECTION('ref_axis',(0.945131835026669,0.,-0.326689170954781));
#3704=DIRECTION('center_axis',(-0.617528671255666,0.,-0.786548371161756));
#3705=DIRECTION('ref_axis',(0.556173686979712,0.707106781186547,-0.436658711022));
#3706=DIRECTION('center_axis',(0.617528671255665,0.,0.786548371161757));
#3707=DIRECTION('ref_axis',(0.786548371161757,0.,-0.617528671255665));
#3708=DIRECTION('',(-0.617528671255666,0.,-0.786548371161756));
#3709=DIRECTION('center_axis',(0.,1.,0.));
#3710=DIRECTION('ref_axis',(0.,0.,1.));
#3711=DIRECTION('center_axis',(0.,0.,1.));
#3712=DIRECTION('ref_axis',(1.,0.,0.));
#3713=DIRECTION('center_axis',(0.,-1.,0.));
#3714=DIRECTION('ref_axis',(-0.945131835026669,0.,0.326689170954781));
#3715=DIRECTION('center_axis',(0.,0.,-1.));
#3716=DIRECTION('ref_axis',(0.707106781186546,0.707106781186549,0.));
#3717=DIRECTION('',(0.,0.,-1.));
#3718=DIRECTION('center_axis',(0.0829739813687584,0.0414869894479705,-0.995687776425101));
#3719=DIRECTION('ref_axis',(0.703449320091213,0.705275673664606,0.0880072622011767));
#3720=DIRECTION('',(-0.0829739813687584,-0.0414869894479705,0.995687776425101));
#3721=DIRECTION('center_axis',(0.,1.,0.));
#3722=DIRECTION('ref_axis',(0.,0.,-1.));
#3723=DIRECTION('',(1.,0.,0.));
#3724=DIRECTION('',(0.,0.,1.));
#3725=DIRECTION('center_axis',(0.,1.,0.));
#3726=DIRECTION('ref_axis',(-0.945131835026669,0.,-0.326689170954781));
#3727=DIRECTION('',(-0.617528671255666,0.,0.786548371161756));
#3728=DIRECTION('center_axis',(0.,-1.,0.));
#3729=DIRECTION('ref_axis',(0.945131835026668,0.,0.326689170954782));
#3730=DIRECTION('',(0.,0.,1.));
#3731=DIRECTION('center_axis',(0.,-0.999133073143958,-0.0416305434736447));
#3732=DIRECTION('ref_axis',(0.,0.0416305434736447,-0.999133073143958));
#3733=DIRECTION('',(-0.0829739813687584,0.0414869894479705,-0.995687776425101));
#3734=DIRECTION('center_axis',(0.,0.,-1.));
#3735=DIRECTION('ref_axis',(-0.707106781186548,-0.707106781186547,0.));
#3736=DIRECTION('center_axis',(0.,0.,-1.));
#3737=DIRECTION('ref_axis',(0.,-1.,0.));
#3738=DIRECTION('',(0.,0.,-1.));
#3739=DIRECTION('center_axis',(-0.99654575824488,-3.77965940110909E-17,
0.08304547985374));
#3740=DIRECTION('ref_axis',(-0.08304547985374,0.,-0.99654575824488));
#3741=DIRECTION('center_axis',(0.,-1.,0.));
#3742=DIRECTION('ref_axis',(0.,0.,-1.));
#3743=DIRECTION('center_axis',(0.617528671255666,0.,-0.786548371161756));
#3744=DIRECTION('ref_axis',(0.,-1.,0.));
#3745=DIRECTION('center_axis',(0.,1.,0.));
#3746=DIRECTION('ref_axis',(0.945131835026669,0.,0.326689170954782));
#3747=DIRECTION('center_axis',(0.617528671255666,0.,-0.786548371161756));
#3748=DIRECTION('ref_axis',(-0.556173686979712,-0.707106781186547,-0.436658711022));
#3749=DIRECTION('center_axis',(0.617528671255667,0.,-0.786548371161755));
#3750=DIRECTION('ref_axis',(0.,-1.,0.));
#3751=DIRECTION('',(0.617528671255666,0.,-0.786548371161756));
#3752=DIRECTION('center_axis',(0.,0.,-1.));
#3753=DIRECTION('ref_axis',(0.,-1.,0.));
#3754=DIRECTION('center_axis',(0.,-1.,0.));
#3755=DIRECTION('ref_axis',(-0.945131835026669,0.,-0.326689170954781));
#3756=DIRECTION('center_axis',(0.,0.,-1.));
#3757=DIRECTION('ref_axis',(-0.707106781186548,-0.707106781186547,0.));
#3758=DIRECTION('center_axis',(0.,0.,-1.));
#3759=DIRECTION('ref_axis',(0.,-1.,0.));
#3760=DIRECTION('',(0.,0.,-1.));
#3761=DIRECTION('center_axis',(1.,0.,0.));
#3762=DIRECTION('ref_axis',(0.,5.66553889764798E-16,1.));
#3763=DIRECTION('center_axis',(0.,-2.98023228317845E-8,1.));
#3764=DIRECTION('ref_axis',(0.,1.,2.98023228317845E-8));
#3765=DIRECTION('center_axis',(1.,0.,0.));
#3766=DIRECTION('ref_axis',(0.,5.05321551566888E-16,1.));
#3767=DIRECTION('center_axis',(-1.,0.,0.));
#3768=DIRECTION('ref_axis',(0.,5.05321551566888E-16,1.));
#3769=DIRECTION('center_axis',(0.,0.,1.));
#3770=DIRECTION('ref_axis',(-0.707106781186548,0.707106781186547,0.));
#3771=DIRECTION('center_axis',(2.77555756156289E-16,0.,1.));
#3772=DIRECTION('ref_axis',(0.,1.,0.));
#3773=DIRECTION('',(0.,0.,1.));
#3774=DIRECTION('center_axis',(-0.617528671255666,0.,0.786548371161756));
#3775=DIRECTION('ref_axis',(0.,1.,0.));
#3776=DIRECTION('center_axis',(0.,1.,0.));
#3777=DIRECTION('ref_axis',(-0.945131835026669,0.,-0.326689170954781));
#3778=DIRECTION('center_axis',(0.617528671255666,0.,-0.786548371161756));
#3779=DIRECTION('ref_axis',(-0.556173686979711,0.707106781186548,-0.436658711022001));
#3780=DIRECTION('center_axis',(-0.617528671255666,0.,0.786548371161756));
#3781=DIRECTION('ref_axis',(0.,1.,0.));
#3782=DIRECTION('',(-0.617528671255666,0.,0.786548371161756));
#3783=DIRECTION('center_axis',(0.,1.,0.));
#3784=DIRECTION('ref_axis',(0.,0.,1.));
#3785=DIRECTION('center_axis',(0.,0.,1.));
#3786=DIRECTION('ref_axis',(0.,1.,0.));
#3787=DIRECTION('center_axis',(0.,-1.,0.));
#3788=DIRECTION('ref_axis',(0.945131835026669,0.,0.326689170954782));
#3789=DIRECTION('center_axis',(0.,0.,-1.));
#3790=DIRECTION('ref_axis',(-0.707106781186548,0.707106781186547,0.));
#3791=DIRECTION('',(0.,0.,1.));
#3792=DIRECTION('center_axis',(-0.99654575824488,-3.77965940110909E-17,
0.08304547985374));
#3793=DIRECTION('ref_axis',(-0.08304547985374,0.,-0.99654575824488));
#3794=DIRECTION('center_axis',(-0.0829739813687584,0.0414869894479705,-0.995687776425101));
#3795=DIRECTION('ref_axis',(-0.703449320091213,0.705275673664606,0.0880072622011736));
#3796=DIRECTION('',(0.0829739813687584,-0.0414869894479705,0.995687776425101));
#3797=DIRECTION('center_axis',(1.,0.,0.));
#3798=DIRECTION('ref_axis',(0.,1.,0.));
#3799=DIRECTION('',(0.,1.,-2.08572755947623E-16));
#3800=DIRECTION('center_axis',(-1.,0.,0.));
#3801=DIRECTION('ref_axis',(0.,1.,0.));
#3802=DIRECTION('center_axis',(0.,1.,-2.08572755947623E-16));
#3803=DIRECTION('ref_axis',(-0.945131835026669,0.,-0.326689170954781));
#3804=DIRECTION('',(0.,-1.,2.08572755947623E-16));
#3805=DIRECTION('center_axis',(0.786548371161756,1.28799656840468E-16,0.617528671255666));
#3806=DIRECTION('ref_axis',(0.617528671255666,0.,-0.786548371161756));
#3807=DIRECTION('',(0.,1.,-2.08572755947623E-16));
#3808=DIRECTION('center_axis',(0.,-1.,2.08572755947623E-16));
#3809=DIRECTION('ref_axis',(0.945131835026669,6.81384607242827E-17,0.326689170954781));
#3810=DIRECTION('',(0.,-1.,2.08572755947623E-16));
#3811=DIRECTION('center_axis',(-1.,0.,0.));
#3812=DIRECTION('ref_axis',(0.,1.,0.));
#3813=DIRECTION('',(0.,1.,0.));
#3814=DIRECTION('center_axis',(0.99654575824488,3.77965940110909E-17,-0.08304547985374));
#3815=DIRECTION('ref_axis',(-0.08304547985374,0.,-0.99654575824488));
#3816=DIRECTION('center_axis',(-0.653270688453225,0.,-0.757124433371324));
#3817=DIRECTION('ref_axis',(-0.757124433371324,0.,0.653270688453225));
#3818=DIRECTION('',(0.,-1.,0.));
#3819=DIRECTION('center_axis',(0.,1.,0.));
#3820=DIRECTION('ref_axis',(0.909194887923713,0.,-0.416370815227709));
#3821=DIRECTION('',(0.,-1.,0.));
#3822=DIRECTION('',(0.,1.,0.));
#3823=DIRECTION('center_axis',(1.,0.,0.));
#3824=DIRECTION('ref_axis',(0.,1.,0.));
#3825=DIRECTION('center_axis',(-1.,0.,0.));
#3826=DIRECTION('ref_axis',(0.,1.,0.));
#3827=DIRECTION('center_axis',(0.,1.,-2.08572755947623E-16));
#3828=DIRECTION('ref_axis',(0.945131835026669,0.,-0.32668917095478));
#3829=DIRECTION('',(0.,1.,-2.08572755947623E-16));
#3830=DIRECTION('',(0.,-1.,2.08572755947623E-16));
#3831=DIRECTION('center_axis',(0.786548371161756,-1.28799656840468E-16,
-0.617528671255666));
#3832=DIRECTION('ref_axis',(-0.617528671255666,0.,-0.786548371161756));
#3833=DIRECTION('',(0.,-1.,2.08572755947623E-16));
#3834=DIRECTION('center_axis',(0.,-1.,2.08572755947623E-16));
#3835=DIRECTION('ref_axis',(-0.945131835026669,0.,0.32668917095478));
#3836=DIRECTION('',(0.,1.,-2.08572755947623E-16));
#3837=DIRECTION('center_axis',(1.,0.,0.));
#3838=DIRECTION('ref_axis',(0.,-1.,0.));
#3839=DIRECTION('center_axis',(0.,1.,0.));
#3840=DIRECTION('ref_axis',(-0.653270688453225,0.,-0.757124433371324));
#3841=DIRECTION('',(0.,-1.,0.));
#3842=DIRECTION('center_axis',(-0.653270688453225,0.,0.757124433371324));
#3843=DIRECTION('ref_axis',(0.757124433371324,0.,0.653270688453225));
#3844=DIRECTION('center_axis',(1.,0.,0.));
#3845=DIRECTION('ref_axis',(0.,1.,0.));
#3846=DIRECTION('',(1.,0.,0.));
#3847=DIRECTION('center_axis',(-1.,0.,0.));
#3848=DIRECTION('ref_axis',(0.,1.,0.));
#3849=DIRECTION('center_axis',(1.,0.,0.));
#3850=DIRECTION('ref_axis',(0.,1.,0.));
#3851=DIRECTION('center_axis',(1.,0.,0.));
#3852=DIRECTION('ref_axis',(0.,1.,0.));
#3853=DIRECTION('',(-1.,0.,0.));
#3854=DIRECTION('center_axis',(1.,0.,0.));
#3855=DIRECTION('ref_axis',(0.,0.999999999999999,2.98023219436061E-8));
#3856=CARTESIAN_POINT('',(0.,0.,0.));
#3857=CARTESIAN_POINT('Origin',(-22.9999999999999,10.,-74.3738857507706));
#3858=CARTESIAN_POINT('',(-24.9999999999999,48.,-74.3738857507706));
#3859=CARTESIAN_POINT('',(-24.9999999999999,20.,-74.3738857507706));
#3860=CARTESIAN_POINT('',(-24.9999999999999,10.,-74.3738857507706));
#3861=CARTESIAN_POINT('',(-22.9999999999999,20.,-76.3738857507706));
#3862=CARTESIAN_POINT('Origin',(-22.9999999999999,20.,-74.3738857507706));
#3863=CARTESIAN_POINT('',(-22.9999999999999,50.,-76.3738857507706));
#3864=CARTESIAN_POINT('',(-22.9999999999999,10.,-76.3738857507706));
#3865=CARTESIAN_POINT('Origin',(-22.9999999999999,50.,-74.3738857507706));
#3866=CARTESIAN_POINT('Origin',(-52.9999999999999,10.,-74.3738857507706));
#3867=CARTESIAN_POINT('',(-52.9999999999999,50.,-76.3738857507706));
#3868=CARTESIAN_POINT('',(-52.9999999999999,20.,-76.3738857507706));
#3869=CARTESIAN_POINT('',(-52.9999999999999,10.,-76.3738857507706));
#3870=CARTESIAN_POINT('',(-50.9999999999999,20.,-74.3738857507706));
#3871=CARTESIAN_POINT('Origin',(-52.9999999999999,20.,-74.3738857507706));
#3872=CARTESIAN_POINT('',(-50.9999999999999,48.,-74.3738857507706));
#3873=CARTESIAN_POINT('',(-50.9999999999999,10.,-74.3738857507706));
#3874=CARTESIAN_POINT('Origin',(-52.9999999999999,50.,-74.3738857507706));
#3875=CARTESIAN_POINT('Origin',(-8.74999999999997,50.,-74.3738857507706));
#3876=CARTESIAN_POINT('',(-8.74999999999997,50.,-76.3738857507706));
#3877=CARTESIAN_POINT('',(-8.74999999999997,48.,-74.3738857507706));
#3878=CARTESIAN_POINT('Origin',(-24.9999999999999,20.,-55.3738857507706));
#3879=CARTESIAN_POINT('',(-24.9999999999999,48.,-55.3738857507706));
#3880=CARTESIAN_POINT('',(-24.9999999999999,48.,-76.3738857507706));
#3881=CARTESIAN_POINT('',(-24.9999999999999,20.,-55.3738857507706));
#3882=CARTESIAN_POINT('',(-24.9999999999999,20.,-55.3738857507706));
#3883=CARTESIAN_POINT('',(-24.9999999999999,20.,-76.3738857507706));
#3884=CARTESIAN_POINT('Origin',(-37.9999999999999,48.,-65.8738857507706));
#3885=CARTESIAN_POINT('',(-51.,48.,-55.3738857507706));
#3886=CARTESIAN_POINT('',(-50.9999999999999,48.,-76.3738857507706));
#3887=CARTESIAN_POINT('',(-48.,48.,-55.3738857507706));
#3888=CARTESIAN_POINT('',(-51.,48.,-55.3738857507706));
#3889=CARTESIAN_POINT('',(-47.9999999999999,48.,-65.3738857507706));
#3890=CARTESIAN_POINT('',(-48.,48.,-55.3738857507706));
#3891=CARTESIAN_POINT('',(-27.9999999999999,48.,-65.3738857507706));
#3892=CARTESIAN_POINT('',(-47.9999999999999,48.,-65.3738857507706));
#3893=CARTESIAN_POINT('',(-27.9999999999999,48.,-55.3738857507706));
#3894=CARTESIAN_POINT('',(-27.9999999999999,48.,-55.3738857507706));
#3895=CARTESIAN_POINT('',(-24.9999999999999,48.,-55.3738857507706));
#3896=CARTESIAN_POINT('Origin',(-50.9999999999999,20.,-76.3738857507706));
#3897=CARTESIAN_POINT('',(-51.,20.,-55.3738857507706));
#3898=CARTESIAN_POINT('',(-50.9999999999999,20.,-76.3738857507706));
#3899=CARTESIAN_POINT('',(-51.,20.,-55.3738857507706));
#3900=CARTESIAN_POINT('Origin',(30.5,-20.5,-74.3738857507706));
#3901=CARTESIAN_POINT('',(70.5,-20.5,-76.3738857507706));
#3902=CARTESIAN_POINT('',(40.5,-20.5,-76.3738857507706));
#3903=CARTESIAN_POINT('',(30.5,-20.5,-76.3738857507706));
#3904=CARTESIAN_POINT('',(40.5,-22.5,-74.3738857507706));
#3905=CARTESIAN_POINT('Origin',(40.5,-20.5,-74.3738857507706));
#3906=CARTESIAN_POINT('',(68.5,-22.5,-74.3738857507705));
#3907=CARTESIAN_POINT('',(30.5,-22.5,-74.3738857507706));
#3908=CARTESIAN_POINT('Origin',(70.5,-20.5,-74.3738857507706));
#3909=CARTESIAN_POINT('Origin',(30.5,-50.5,-74.3738857507706));
#3910=CARTESIAN_POINT('',(68.5,-48.5,-74.3738857507706));
#3911=CARTESIAN_POINT('',(40.5,-48.5,-74.3738857507706));
#3912=CARTESIAN_POINT('',(30.5,-48.5,-74.3738857507706));
#3913=CARTESIAN_POINT('',(40.5,-50.5,-76.3738857507706));
#3914=CARTESIAN_POINT('Origin',(40.5,-50.5,-74.3738857507706));
#3915=CARTESIAN_POINT('',(70.5,-50.5,-76.3738857507706));
#3916=CARTESIAN_POINT('',(30.5,-50.5,-76.3738857507706));
#3917=CARTESIAN_POINT('Origin',(70.5,-50.5,-74.3738857507706));
#3918=CARTESIAN_POINT('Origin',(70.5,-17.75,-74.3738857507705));
#3919=CARTESIAN_POINT('',(68.5,-17.75,-74.3738857507705));
#3920=CARTESIAN_POINT('',(70.5,-17.75,-76.3738857507706));
#3921=CARTESIAN_POINT('Origin',(20.5,0.,-76.3738857507706));
#3922=CARTESIAN_POINT('',(87.,73.5,-76.3738857507706));
#3923=CARTESIAN_POINT('',(117.,43.5,-76.3738857507706));
#3924=CARTESIAN_POINT('Origin',(87.,43.5,-76.3738857507706));
#3925=CARTESIAN_POINT('',(-46.,73.5,-76.3738857507706));
#3926=CARTESIAN_POINT('',(-76.,73.5,-76.3738857507706));
#3927=CARTESIAN_POINT('',(-76.,43.5,-76.3738857507706));
#3928=CARTESIAN_POINT('Origin',(-46.,43.5,-76.3738857507706));
#3929=CARTESIAN_POINT('',(-76.,-43.5,-76.3738857507706));
#3930=CARTESIAN_POINT('',(-76.,-73.5,-76.3738857507706));
#3931=CARTESIAN_POINT('',(-46.,-73.5,-76.3738857507706));
#3932=CARTESIAN_POINT('Origin',(-46.,-43.5,-76.3738857507706));
#3933=CARTESIAN_POINT('',(87.,-73.5,-76.3738857507706));
#3934=CARTESIAN_POINT('',(117.,-73.5,-76.3738857507706));
#3935=CARTESIAN_POINT('',(117.,-43.5,-76.3738857507706));
#3936=CARTESIAN_POINT('Origin',(87.,-43.5,-76.3738857507706));
#3937=CARTESIAN_POINT('',(117.,73.5,-76.3738857507706));
#3938=CARTESIAN_POINT('',(-8.74999999999997,20.,-76.3738857507706));
#3939=CARTESIAN_POINT('',(-49.4999999999999,-6.50000000000003,-76.3738857507706));
#3940=CARTESIAN_POINT('',(-54.4999999999999,-11.5,-76.3738857507706));
#3941=CARTESIAN_POINT('Origin',(-49.4999999999999,-11.5,-76.3738857507706));
#3942=CARTESIAN_POINT('',(-26.4999999999999,-6.50000000000003,-76.3738857507706));
#3943=CARTESIAN_POINT('',(-1.49999999999996,-6.50000000000003,-76.3738857507706));
#3944=CARTESIAN_POINT('',(-21.4999999999999,-11.5,-76.3738857507706));
#3945=CARTESIAN_POINT('Origin',(-26.4999999999999,-11.5,-76.3738857507706));
#3946=CARTESIAN_POINT('',(-21.4999999999999,-59.5,-76.3738857507706));
#3947=CARTESIAN_POINT('',(-21.4999999999999,-31.25,-76.3738857507706));
#3948=CARTESIAN_POINT('',(-26.4999999999999,-64.5,-76.3738857507706));
#3949=CARTESIAN_POINT('Origin',(-26.4999999999999,-59.5,-76.3738857507706));
#3950=CARTESIAN_POINT('',(-49.4999999999999,-64.5,-76.3738857507706));
#3951=CARTESIAN_POINT('',(-16.,-64.5,-76.3738857507706));
#3952=CARTESIAN_POINT('',(-54.4999999999999,-59.5,-76.3738857507706));
#3953=CARTESIAN_POINT('Origin',(-49.4999999999999,-59.5,-76.3738857507706));
#3954=CARTESIAN_POINT('',(-54.4999999999999,-4.25000000000001,-76.3738857507706));
#3955=CARTESIAN_POINT('',(107.2,48.2,-76.3738857507706));
#3956=CARTESIAN_POINT('Origin',(104.2,48.2,-76.3738857507706));
#3957=CARTESIAN_POINT('',(92.,-1.99999999999999,-76.3738857507706));
#3958=CARTESIAN_POINT('Origin',(89.,-1.99999999999999,-76.3738857507706));
#3959=CARTESIAN_POINT('',(40.1006644078301,-6.31156036314985,-76.3738857507706));
#3960=CARTESIAN_POINT('',(40.1006644078301,6.31156036314985,-76.3738857507706));
#3961=CARTESIAN_POINT('',(40.1006644078301,-2.5000000372529,-76.3738857507706));
#3962=CARTESIAN_POINT('',(34.1006823901708,-12.2960050682271,-76.3738857507706));
#3963=CARTESIAN_POINT('Origin',(34.079867118434,-6.29079899380515,-76.3738857507706));
#3964=CARTESIAN_POINT('',(6.89931760982919,-12.2960050682271,-76.3738857507706));
#3965=CARTESIAN_POINT('',(15.5,-12.2960050682271,-76.3738857507706));
#3966=CARTESIAN_POINT('',(0.899335592169883,-6.31156036314985,-76.3738857507706));
#3967=CARTESIAN_POINT('Origin',(6.92013288156603,-6.29079899380515,-76.3738857507706));
#3968=CARTESIAN_POINT('',(0.899335592169882,6.31156036314986,-76.3738857507706));
#3969=CARTESIAN_POINT('',(0.899335592169883,2.5000000372529,-76.3738857507706));
#3970=CARTESIAN_POINT('',(6.89931760982921,12.2960050682271,-76.3738857507706));
#3971=CARTESIAN_POINT('Origin',(6.92013288156603,6.29079899380515,-76.3738857507706));
#3972=CARTESIAN_POINT('',(34.1006823901708,12.2960050682271,-76.3738857507706));
#3973=CARTESIAN_POINT('',(25.5,12.2960050682271,-76.3738857507706));
#3974=CARTESIAN_POINT('Origin',(34.079867118434,6.29079899380515,-76.3738857507706));
#3975=CARTESIAN_POINT('',(40.5,-17.75,-76.3738857507706));
#3976=CARTESIAN_POINT('',(64.,-1.99999999999999,-76.3738857507706));
#3977=CARTESIAN_POINT('Origin',(61.,-1.99999999999999,-76.3738857507706));
#3978=CARTESIAN_POINT('',(59.5,49.5,-76.3738857507706));
#3979=CARTESIAN_POINT('Origin',(56.5,49.5,-76.3738857507706));
#3980=CARTESIAN_POINT('Origin',(-49.4999999999999,-11.5,-74.3738857507706));
#3981=CARTESIAN_POINT('',(-49.4999999999999,-8.50000000000002,-74.3738857507706));
#3982=CARTESIAN_POINT('Origin',(-49.4999999999999,-6.50000000000003,-74.3738857507706));
#3983=CARTESIAN_POINT('',(-52.4999999999999,-11.5,-74.3738857507706));
#3984=CARTESIAN_POINT('Origin',(-54.4999999999999,-11.5,-74.3738857507706));
#3985=CARTESIAN_POINT('Origin',(-49.4999999999999,-11.5,-74.3738857507706));
#3986=CARTESIAN_POINT('Origin',(-54.4999999999999,-4.25000000000001,-74.3738857507706));
#3987=CARTESIAN_POINT('',(-52.4999999999999,-59.5,-74.3738857507706));
#3988=CARTESIAN_POINT('Origin',(-54.4999999999999,-59.5,-74.3738857507706));
#3989=CARTESIAN_POINT('',(-52.4999999999999,-4.25000000000001,-74.3738857507706));
#3990=CARTESIAN_POINT('Origin',(-49.4999999999999,-59.5,-74.3738857507706));
#3991=CARTESIAN_POINT('',(-49.4999999999999,-62.5,-74.3738857507706));
#3992=CARTESIAN_POINT('Origin',(-49.4999999999999,-64.5,-74.3738857507706));
#3993=CARTESIAN_POINT('Origin',(-49.4999999999999,-59.5,-74.3738857507706));
#3994=CARTESIAN_POINT('Origin',(-16.,-64.5,-74.3738857507706));
#3995=CARTESIAN_POINT('',(-26.4999999999999,-62.5,-74.3738857507706));
#3996=CARTESIAN_POINT('Origin',(-26.4999999999999,-64.5,-74.3738857507706));
#3997=CARTESIAN_POINT('',(-16.,-62.5,-74.3738857507706));
#3998=CARTESIAN_POINT('Origin',(-26.4999999999999,-59.5,-74.3738857507706));
#3999=CARTESIAN_POINT('',(-23.4999999999999,-59.5,-74.3738857507706));
#4000=CARTESIAN_POINT('Origin',(-21.4999999999999,-59.5,-74.3738857507706));
#4001=CARTESIAN_POINT('Origin',(-26.4999999999999,-59.5,-74.3738857507706));
#4002=CARTESIAN_POINT('Origin',(-21.4999999999999,-31.25,-74.3738857507706));
#4003=CARTESIAN_POINT('',(-23.4999999999999,-11.5,-74.3738857507706));
#4004=CARTESIAN_POINT('Origin',(-21.4999999999999,-11.5,-74.3738857507706));
#4005=CARTESIAN_POINT('',(-23.4999999999999,-31.25,-74.3738857507706));
#4006=CARTESIAN_POINT('Origin',(-26.4999999999999,-11.5,-74.3738857507706));
#4007=CARTESIAN_POINT('',(-26.4999999999999,-8.50000000000002,-74.3738857507706));
#4008=CARTESIAN_POINT('Origin',(-26.4999999999999,-6.50000000000003,-74.3738857507706));
#4009=CARTESIAN_POINT('Origin',(-26.4999999999999,-11.5,-74.3738857507706));
#4010=CARTESIAN_POINT('Origin',(-1.49999999999996,-6.50000000000003,-74.3738857507706));
#4011=CARTESIAN_POINT('',(-1.49999999999996,-8.50000000000003,-74.3738857507706));
#4012=CARTESIAN_POINT('Origin',(-23.4999999999999,-62.5,-76.3738857507706));
#4013=CARTESIAN_POINT('',(-23.4999999999999,-11.5,-68.3738857507706));
#4014=CARTESIAN_POINT('',(-23.4999999999999,-11.5,-76.3738857507706));
#4015=CARTESIAN_POINT('',(-23.4999999999999,-59.5,-68.3738857507706));
#4016=CARTESIAN_POINT('',(-23.4999999999999,-8.50000000000002,-68.3738857507706));
#4017=CARTESIAN_POINT('',(-23.4999999999999,-59.5,-76.3738857507706));
#4018=CARTESIAN_POINT('Origin',(-26.4999999999999,-11.5,-76.3738857507706));
#4019=CARTESIAN_POINT('',(-26.4999999999999,-8.50000000000002,-68.3738857507706));
#4020=CARTESIAN_POINT('',(-26.4999999999999,-8.50000000000002,-76.3738857507706));
#4021=CARTESIAN_POINT('Origin',(-26.4999999999999,-11.5,-68.3738857507706));
#4022=CARTESIAN_POINT('Origin',(-23.4999999999999,-8.50000000000002,-76.3738857507706));
#4023=CARTESIAN_POINT('',(-49.4999999999999,-8.50000000000002,-68.3738857507706));
#4024=CARTESIAN_POINT('',(-49.4999999999999,-8.50000000000002,-76.3738857507706));
#4025=CARTESIAN_POINT('',(-52.4999999999999,-8.50000000000002,-68.3738857507706));
#4026=CARTESIAN_POINT('Origin',(-49.4999999999999,-11.5,-76.3738857507706));
#4027=CARTESIAN_POINT('',(-52.4999999999999,-11.5,-68.3738857507706));
#4028=CARTESIAN_POINT('',(-52.4999999999999,-11.5,-76.3738857507706));
#4029=CARTESIAN_POINT('Origin',(-49.4999999999999,-11.5,-68.3738857507706));
#4030=CARTESIAN_POINT('Origin',(-26.4999999999999,-59.5,-76.3738857507706));
#4031=CARTESIAN_POINT('',(-26.4999999999999,-60.5,-76.3738857507706));
#4032=CARTESIAN_POINT('',(-25.4999999999999,-59.5,-76.3738857507706));
#4033=CARTESIAN_POINT('Origin',(-26.4999999999999,-59.5,-76.3738857507706));
#4034=CARTESIAN_POINT('',(-26.4999999999999,-60.5,-68.3738857507706));
#4035=CARTESIAN_POINT('',(-26.4999999999999,-60.5,-76.3738857507706));
#4036=CARTESIAN_POINT('',(-25.4999999999999,-59.5,-68.3738857507706));
#4037=CARTESIAN_POINT('Origin',(-26.4999999999999,-59.5,-68.3738857507706));
#4038=CARTESIAN_POINT('',(-25.4999999999999,-59.5,-76.3738857507706));
#4039=CARTESIAN_POINT('Origin',(-25.4999999999999,-10.5,-76.3738857507706));
#4040=CARTESIAN_POINT('',(-25.4999999999999,-11.5,-68.3738857507706));
#4041=CARTESIAN_POINT('',(-25.4999999999999,-10.5,-68.3738857507706));
#4042=CARTESIAN_POINT('',(-25.4999999999999,-11.5,-76.3738857507706));
#4043=CARTESIAN_POINT('',(-25.4999999999999,-11.5,-76.3738857507706));
#4044=CARTESIAN_POINT('',(-25.4999999999999,-5.25000000000001,-76.3738857507706));
#4045=CARTESIAN_POINT('Origin',(-49.4999999999999,-59.5,-76.3738857507706));
#4046=CARTESIAN_POINT('',(-50.4999999999999,-59.5,-76.3738857507706));
#4047=CARTESIAN_POINT('',(-49.4999999999999,-60.5,-76.3738857507706));
#4048=CARTESIAN_POINT('Origin',(-49.4999999999999,-59.5,-76.3738857507706));
#4049=CARTESIAN_POINT('',(-50.4999999999999,-59.5,-68.3738857507706));
#4050=CARTESIAN_POINT('',(-50.4999999999999,-59.5,-76.3738857507706));
#4051=CARTESIAN_POINT('',(-49.4999999999999,-60.5,-68.3738857507706));
#4052=CARTESIAN_POINT('Origin',(-49.4999999999999,-59.5,-68.3738857507706));
#4053=CARTESIAN_POINT('',(-49.4999999999999,-60.5,-76.3738857507706));
#4054=CARTESIAN_POINT('Origin',(-25.4999999999999,-60.5,-76.3738857507706));
#4055=CARTESIAN_POINT('',(-2.49999999999996,-60.5,-76.3738857507706));
#4056=CARTESIAN_POINT('',(-25.4999999999999,-60.5,-68.3738857507706));
#4057=CARTESIAN_POINT('Origin',(-49.4999999999999,-11.5,-76.3738857507706));
#4058=CARTESIAN_POINT('',(-49.4999999999999,-10.5,-76.3738857507706));
#4059=CARTESIAN_POINT('',(-50.4999999999999,-11.5,-76.3738857507706));
#4060=CARTESIAN_POINT('Origin',(-49.4999999999999,-11.5,-76.3738857507706));
#4061=CARTESIAN_POINT('',(-49.4999999999999,-10.5,-68.3738857507706));
#4062=CARTESIAN_POINT('',(-49.4999999999999,-10.5,-76.3738857507706));
#4063=CARTESIAN_POINT('',(-50.4999999999999,-11.5,-68.3738857507706));
#4064=CARTESIAN_POINT('Origin',(-49.4999999999999,-11.5,-68.3738857507706));
#4065=CARTESIAN_POINT('',(-50.4999999999999,-11.5,-76.3738857507706));
#4066=CARTESIAN_POINT('Origin',(-50.4999999999999,-60.5,-76.3738857507706));
#4067=CARTESIAN_POINT('',(-50.4999999999999,-30.25,-76.3738857507706));
#4068=CARTESIAN_POINT('',(-50.4999999999999,-60.5,-68.3738857507706));
#4069=CARTESIAN_POINT('Origin',(-26.4999999999999,-11.5,-76.3738857507706));
#4070=CARTESIAN_POINT('',(-26.4999999999999,-10.5,-76.3738857507706));
#4071=CARTESIAN_POINT('Origin',(-26.4999999999999,-11.5,-76.3738857507706));
#4072=CARTESIAN_POINT('',(-26.4999999999999,-10.5,-68.3738857507706));
#4073=CARTESIAN_POINT('Origin',(-26.4999999999999,-11.5,-68.3738857507706));
#4074=CARTESIAN_POINT('',(-26.4999999999999,-10.5,-76.3738857507706));
#4075=CARTESIAN_POINT('Origin',(-50.4999999999999,-10.5,-76.3738857507706));
#4076=CARTESIAN_POINT('',(-15.,-10.5,-76.3738857507706));
#4077=CARTESIAN_POINT('',(-50.4999999999999,-10.5,-68.3738857507706));
#4078=CARTESIAN_POINT('Origin',(-37.9999999999999,-35.5,-68.3738857507706));
#4079=CARTESIAN_POINT('',(-52.4999999999999,-59.5,-68.3738857507706));
#4080=CARTESIAN_POINT('',(-52.4999999999999,-62.5,-68.3738857507706));
#4081=CARTESIAN_POINT('',(-49.4999999999999,-62.5,-68.3738857507706));
#4082=CARTESIAN_POINT('Origin',(-49.4999999999999,-59.5,-68.3738857507706));
#4083=CARTESIAN_POINT('',(-26.4999999999999,-62.5,-68.3738857507706));
#4084=CARTESIAN_POINT('',(-23.4999999999999,-62.5,-68.3738857507706));
#4085=CARTESIAN_POINT('Origin',(-26.4999999999999,-59.5,-68.3738857507706));
#4086=CARTESIAN_POINT('Origin',(-26.4999999999999,-59.5,-76.3738857507706));
#4087=CARTESIAN_POINT('',(-26.4999999999999,-62.5,-76.3738857507706));
#4088=CARTESIAN_POINT('Origin',(-52.4999999999999,-62.5,-76.3738857507706));
#4089=CARTESIAN_POINT('',(-49.4999999999999,-62.5,-76.3738857507706));
#4090=CARTESIAN_POINT('Origin',(-49.4999999999999,-59.5,-76.3738857507706));
#4091=CARTESIAN_POINT('',(-52.4999999999999,-59.5,-76.3738857507706));
#4092=CARTESIAN_POINT('Origin',(-52.4999999999999,-8.50000000000002,-76.3738857507706));
#4093=CARTESIAN_POINT('Origin',(20.5,0.,-76.3738857507706));
#4094=CARTESIAN_POINT('Origin',(89.,-1.99999999999999,-71.6238857507706));
#4095=CARTESIAN_POINT('',(91.,-1.99999999999999,-71.3738857507706));
#4096=CARTESIAN_POINT('Origin',(89.,-1.99999999999999,-71.3738857507706));
#4097=CARTESIAN_POINT('',(90.5,-1.99999999999999,-71.8738857507706));
#4098=CARTESIAN_POINT('',(90.75,-1.99999999999999,-71.6238857507706));
#4099=CARTESIAN_POINT('Origin',(89.,-1.99999999999999,-71.8738857507706));
#4100=CARTESIAN_POINT('Origin',(89.,-1.99999999999999,-71.3738857507706));
#4101=CARTESIAN_POINT('',(90.5,-1.99999999999999,-73.8738857507706));
#4102=CARTESIAN_POINT('',(90.5,-1.99999999999999,-71.3738857507706));
#4103=CARTESIAN_POINT('Origin',(89.,-1.99999999999999,-73.8738857507706));
#4104=CARTESIAN_POINT('Origin',(104.2,48.2,-71.6238857507706));
#4105=CARTESIAN_POINT('',(106.2,48.2,-71.3738857507706));
#4106=CARTESIAN_POINT('Origin',(104.2,48.2,-71.3738857507706));
#4107=CARTESIAN_POINT('',(105.7,48.2,-71.8738857507706));
#4108=CARTESIAN_POINT('',(105.95,48.2,-71.6238857507706));
#4109=CARTESIAN_POINT('Origin',(104.2,48.2,-71.8738857507706));
#4110=CARTESIAN_POINT('Origin',(104.2,48.2,-71.3738857507706));
#4111=CARTESIAN_POINT('',(105.7,48.2,-73.8738857507706));
#4112=CARTESIAN_POINT('',(105.7,48.2,-71.3738857507706));
#4113=CARTESIAN_POINT('Origin',(104.2,48.2,-73.8738857507706));
#4114=CARTESIAN_POINT('Origin',(56.5,49.5,-71.6238857507706));
#4115=CARTESIAN_POINT('',(58.5,49.5,-71.3738857507706));
#4116=CARTESIAN_POINT('Origin',(56.5,49.5,-71.3738857507706));
#4117=CARTESIAN_POINT('',(58.,49.5,-71.8738857507706));
#4118=CARTESIAN_POINT('',(58.25,49.5,-71.6238857507706));
#4119=CARTESIAN_POINT('Origin',(56.5,49.5,-71.8738857507706));
#4120=CARTESIAN_POINT('Origin',(56.5,49.5,-71.3738857507706));
#4121=CARTESIAN_POINT('',(58.,49.5,-73.8738857507706));
#4122=CARTESIAN_POINT('',(58.,49.5,-71.3738857507706));
#4123=CARTESIAN_POINT('Origin',(56.5,49.5,-73.8738857507706));
#4124=CARTESIAN_POINT('Origin',(61.,-1.99999999999999,-71.6238857507706));
#4125=CARTESIAN_POINT('',(63.,-1.99999999999999,-71.3738857507706));
#4126=CARTESIAN_POINT('Origin',(61.,-1.99999999999999,-71.3738857507706));
#4127=CARTESIAN_POINT('',(62.5,-1.99999999999999,-71.8738857507706));
#4128=CARTESIAN_POINT('',(62.75,-1.99999999999999,-71.6238857507706));
#4129=CARTESIAN_POINT('Origin',(61.,-1.99999999999999,-71.8738857507706));
#4130=CARTESIAN_POINT('Origin',(61.,-1.99999999999999,-71.3738857507706));
#4131=CARTESIAN_POINT('',(62.5,-1.99999999999999,-73.8738857507706));
#4132=CARTESIAN_POINT('',(62.5,-1.99999999999999,-71.3738857507706));
#4133=CARTESIAN_POINT('Origin',(61.,-1.99999999999999,-73.8738857507706));
#4134=CARTESIAN_POINT('Origin',(104.2,48.2,-75.3738857507706));
#4135=CARTESIAN_POINT('',(106.2,48.2,-75.3738857507706));
#4136=CARTESIAN_POINT('Origin',(104.2,48.2,-75.3738857507706));
#4137=CARTESIAN_POINT('Origin',(107.2,48.2,-75.3738857507706));
#4138=CARTESIAN_POINT('Origin',(104.2,48.2,-76.3738857507706));
#4139=CARTESIAN_POINT('',(106.2,48.2,-76.3738857507706));
#4140=CARTESIAN_POINT('Origin',(56.5,49.5,-75.3738857507706));
#4141=CARTESIAN_POINT('',(58.5,49.5,-75.3738857507706));
#4142=CARTESIAN_POINT('Origin',(56.5,49.5,-75.3738857507706));
#4143=CARTESIAN_POINT('Origin',(59.5,49.5,-75.3738857507706));
#4144=CARTESIAN_POINT('Origin',(56.5,49.5,-76.3738857507706));
#4145=CARTESIAN_POINT('',(58.5,49.5,-76.3738857507706));
#4146=CARTESIAN_POINT('Origin',(89.,-1.99999999999999,-75.3738857507706));
#4147=CARTESIAN_POINT('',(91.,-1.99999999999999,-75.3738857507706));
#4148=CARTESIAN_POINT('Origin',(89.,-1.99999999999999,-75.3738857507706));
#4149=CARTESIAN_POINT('Origin',(92.,-1.99999999999999,-75.3738857507706));
#4150=CARTESIAN_POINT('Origin',(89.,-1.99999999999999,-76.3738857507706));
#4151=CARTESIAN_POINT('',(91.,-1.99999999999999,-76.3738857507706));
#4152=CARTESIAN_POINT('Origin',(61.,-1.99999999999999,-75.3738857507706));
#4153=CARTESIAN_POINT('',(63.,-1.99999999999999,-75.3738857507706));
#4154=CARTESIAN_POINT('Origin',(61.,-1.99999999999999,-75.3738857507706));
#4155=CARTESIAN_POINT('Origin',(64.,-1.99999999999999,-75.3738857507706));
#4156=CARTESIAN_POINT('Origin',(61.,-1.99999999999999,-76.3738857507706));
#4157=CARTESIAN_POINT('',(63.,-1.99999999999999,-76.3738857507706));
#4158=CARTESIAN_POINT('Origin',(80.35,23.75,-73.8738857507706));
#4159=CARTESIAN_POINT('Origin',(80.35,23.75,-73.8738857507706));
#4160=CARTESIAN_POINT('Origin',(80.35,23.75,-73.8738857507706));
#4161=CARTESIAN_POINT('Origin',(80.35,23.75,-73.8738857507706));
#4162=CARTESIAN_POINT('Origin',(87.,43.5,-76.3738857507706));
#4163=CARTESIAN_POINT('',(117.,43.5,-79.3738857507706));
#4164=CARTESIAN_POINT('',(87.,73.5,-79.3738857507706));
#4165=CARTESIAN_POINT('Origin',(87.,43.5,-79.3738857507706));
#4166=CARTESIAN_POINT('',(87.,73.5,-76.3738857507706));
#4167=CARTESIAN_POINT('',(117.,43.5,-76.3738857507706));
#4168=CARTESIAN_POINT('Origin',(-76.,73.5,-76.3738857507706));
#4169=CARTESIAN_POINT('',(-46.,73.5,-79.3738857507706));
#4170=CARTESIAN_POINT('',(-76.,73.5,-79.3738857507706));
#4171=CARTESIAN_POINT('',(-46.,73.5,-76.3738857507706));
#4172=CARTESIAN_POINT('Origin',(-46.,43.5,-76.3738857507706));
#4173=CARTESIAN_POINT('',(-76.,43.5,-79.3738857507706));
#4174=CARTESIAN_POINT('Origin',(-46.,43.5,-79.3738857507706));
#4175=CARTESIAN_POINT('',(-76.,43.5,-76.3738857507706));
#4176=CARTESIAN_POINT('Origin',(-46.,-43.5,-76.3738857507706));
#4177=CARTESIAN_POINT('',(-76.,-43.5,-79.3738857507706));
#4178=CARTESIAN_POINT('',(-46.,-73.5,-79.3738857507706));
#4179=CARTESIAN_POINT('Origin',(-46.,-43.5,-79.3738857507706));
#4180=CARTESIAN_POINT('',(-46.,-73.5,-76.3738857507706));
#4181=CARTESIAN_POINT('',(-76.,-43.5,-76.3738857507706));
#4182=CARTESIAN_POINT('Origin',(117.,-73.5,-76.3738857507706));
#4183=CARTESIAN_POINT('',(87.,-73.5,-79.3738857507706));
#4184=CARTESIAN_POINT('',(117.,-73.5,-79.3738857507706));
#4185=CARTESIAN_POINT('',(87.,-73.5,-76.3738857507706));
#4186=CARTESIAN_POINT('Origin',(87.,-43.5,-76.3738857507706));
#4187=CARTESIAN_POINT('',(117.,-43.5,-79.3738857507706));
#4188=CARTESIAN_POINT('Origin',(87.,-43.5,-79.3738857507706));
#4189=CARTESIAN_POINT('',(117.,-43.5,-76.3738857507706));
#4190=CARTESIAN_POINT('Origin',(40.5,-30.5,-69.6238857507706));
#4191=CARTESIAN_POINT('',(40.5,-32.5,-69.6238857507706));
#4192=CARTESIAN_POINT('Origin',(40.5,-30.5,-69.6238857507706));
#4193=CARTESIAN_POINT('',(52.5,-32.5,-69.6238857507706));
#4194=CARTESIAN_POINT('',(40.5,-32.5,-69.6238857507706));
#4195=CARTESIAN_POINT('Origin',(52.5,-30.5,-69.6238857507706));
#4196=CARTESIAN_POINT('Origin',(52.5,-35.5,-69.6238857507706));
#4197=CARTESIAN_POINT('Origin',(40.5,-40.5,-69.6238857507706));
#4198=CARTESIAN_POINT('',(40.5,-42.5,-69.6238857507706));
#4199=CARTESIAN_POINT('Origin',(40.5,-40.5,-69.6238857507706));
#4200=CARTESIAN_POINT('',(52.5,-42.5,-69.6238857507706));
#4201=CARTESIAN_POINT('',(40.5,-42.5,-69.6238857507706));
#4202=CARTESIAN_POINT('Origin',(52.5,-40.5,-69.6238857507706));
#4203=CARTESIAN_POINT('Origin',(52.5,-35.5,-69.6238857507706));
#4204=CARTESIAN_POINT('Origin',(-42.9999999999999,20.,-69.6238857507706));
#4205=CARTESIAN_POINT('',(-44.9999999999999,20.,-69.6238857507706));
#4206=CARTESIAN_POINT('Origin',(-42.9999999999999,20.,-69.6238857507706));
#4207=CARTESIAN_POINT('',(-44.9999999999999,32.,-69.6238857507706));
#4208=CARTESIAN_POINT('',(-44.9999999999999,20.,-69.6238857507706));
#4209=CARTESIAN_POINT('Origin',(-42.9999999999999,32.,-69.6238857507706));
#4210=CARTESIAN_POINT('Origin',(-37.9999999999999,32.,-69.6238857507706));
#4211=CARTESIAN_POINT('Origin',(-32.9999999999999,20.,-69.6238857507706));
#4212=CARTESIAN_POINT('',(-34.9999999999999,20.,-69.6238857507706));
#4213=CARTESIAN_POINT('Origin',(-32.9999999999999,20.,-69.6238857507706));
#4214=CARTESIAN_POINT('',(-34.9999999999999,32.,-69.6238857507706));
#4215=CARTESIAN_POINT('',(-34.9999999999999,20.,-69.6238857507706));
#4216=CARTESIAN_POINT('Origin',(-32.9999999999999,32.,-69.6238857507706));
#4217=CARTESIAN_POINT('Origin',(-37.9999999999999,32.,-69.6238857507706));
#4218=CARTESIAN_POINT('Origin',(-27.9999999999999,20.,-55.3738857507706));
#4219=CARTESIAN_POINT('',(-27.9999999999999,20.,-55.3738857507706));
#4220=CARTESIAN_POINT('',(-24.9999999999999,20.,-55.3738857507706));
#4221=CARTESIAN_POINT('',(-27.9999999999999,20.,-55.3738857507706));
#4222=CARTESIAN_POINT('Origin',(-27.9999999999999,20.,-65.3738857507706));
#4223=CARTESIAN_POINT('',(-27.9999999999999,20.,-65.3738857507706));
#4224=CARTESIAN_POINT('',(-27.9999999999999,20.,-55.3738857507706));
#4225=CARTESIAN_POINT('',(-27.9999999999999,20.,-65.3738857507706));
#4226=CARTESIAN_POINT('Origin',(-47.9999999999999,20.,-65.3738857507706));
#4227=CARTESIAN_POINT('',(-47.9999999999999,20.,-65.3738857507706));
#4228=CARTESIAN_POINT('',(-47.9999999999999,20.,-65.3738857507706));
#4229=CARTESIAN_POINT('',(-47.9999999999999,20.,-65.3738857507706));
#4230=CARTESIAN_POINT('Origin',(-48.,20.,-55.3738857507706));
#4231=CARTESIAN_POINT('',(-48.,20.,-55.3738857507706));
#4232=CARTESIAN_POINT('',(-48.,20.,-55.3738857507706));
#4233=CARTESIAN_POINT('',(-48.,20.,-55.3738857507706));
#4234=CARTESIAN_POINT('Origin',(-51.,20.,-55.3738857507706));
#4235=CARTESIAN_POINT('',(-51.,20.,-55.3738857507706));
#4236=CARTESIAN_POINT('Origin',(-37.9999999999999,20.,-65.8738857507706));
#4237=CARTESIAN_POINT('Origin',(40.5,-48.5,-55.3738857507706));
#4238=CARTESIAN_POINT('',(68.5,-48.5,-55.3738857507706));
#4239=CARTESIAN_POINT('',(68.5,-48.5,-76.3738857507706));
#4240=CARTESIAN_POINT('',(40.5,-48.5,-55.3738857507706));
#4241=CARTESIAN_POINT('',(40.5,-48.5,-55.3738857507706));
#4242=CARTESIAN_POINT('',(40.5,-48.5,-76.3738857507706));
#4243=CARTESIAN_POINT('Origin',(40.5,-45.5,-55.3738857507706));
#4244=CARTESIAN_POINT('',(40.5,-45.5,-55.3738857507706));
#4245=CARTESIAN_POINT('',(40.5,-48.5,-55.3738857507706));
#4246=CARTESIAN_POINT('',(68.5,-45.5,-55.3738857507706));
#4247=CARTESIAN_POINT('',(68.5,-48.5,-55.3738857507706));
#4248=CARTESIAN_POINT('',(40.5,-45.5,-55.3738857507706));
#4249=CARTESIAN_POINT('Origin',(40.5,-45.5,-65.3738857507706));
#4250=CARTESIAN_POINT('',(40.5,-45.5,-65.3738857507706));
#4251=CARTESIAN_POINT('',(40.5,-45.5,-55.3738857507706));
#4252=CARTESIAN_POINT('',(68.5,-45.5,-65.3738857507706));
#4253=CARTESIAN_POINT('',(68.5,-45.5,-55.3738857507706));
#4254=CARTESIAN_POINT('',(40.5,-45.5,-65.3738857507706));
#4255=CARTESIAN_POINT('Origin',(40.5,-25.5,-65.3738857507706));
#4256=CARTESIAN_POINT('',(40.5,-25.5,-65.3738857507706));
#4257=CARTESIAN_POINT('',(40.5,-25.5,-65.3738857507706));
#4258=CARTESIAN_POINT('',(68.5,-25.5,-65.3738857507706));
#4259=CARTESIAN_POINT('',(68.5,-25.5,-65.3738857507706));
#4260=CARTESIAN_POINT('',(40.5,-25.5,-65.3738857507706));
#4261=CARTESIAN_POINT('Origin',(40.5,-25.5,-55.3738857507706));
#4262=CARTESIAN_POINT('',(40.5,-25.5,-55.3738857507706));
#4263=CARTESIAN_POINT('',(40.5,-25.5,-55.3738857507706));
#4264=CARTESIAN_POINT('',(68.5,-25.5,-55.3738857507706));
#4265=CARTESIAN_POINT('',(68.5,-25.5,-55.3738857507706));
#4266=CARTESIAN_POINT('',(40.5,-25.5,-55.3738857507706));
#4267=CARTESIAN_POINT('Origin',(40.5,-22.5,-55.3738857507706));
#4268=CARTESIAN_POINT('',(40.5,-22.5,-55.3738857507706));
#4269=CARTESIAN_POINT('',(40.5,-22.5,-55.3738857507706));
#4270=CARTESIAN_POINT('',(68.5,-22.5,-55.3738857507706));
#4271=CARTESIAN_POINT('',(68.5,-22.5,-55.3738857507706));
#4272=CARTESIAN_POINT('',(40.5,-22.5,-55.3738857507706));
#4273=CARTESIAN_POINT('Origin',(40.5,-22.5,-76.3738857507706));
#4274=CARTESIAN_POINT('',(40.5,-22.5,-76.3738857507706));
#4275=CARTESIAN_POINT('',(68.5,-22.5,-76.3738857507706));
#4276=CARTESIAN_POINT('Origin',(68.5,-35.5,-65.8738857507706));
#4277=CARTESIAN_POINT('Origin',(40.5,-35.5,-65.8738857507706));
#4278=CARTESIAN_POINT('Origin',(40.1006644078301,-2.5000000372529,-71.3738857507706));
#4279=CARTESIAN_POINT('',(35.1179356166057,-6.31156036314985,-71.7891131500393));
#4280=CARTESIAN_POINT('Origin',(40.1006644078301,-6.31156036314985,-71.3738857507706));
#4281=CARTESIAN_POINT('',(35.1179356166057,6.31156036314985,-71.7891131500392));
#4282=CARTESIAN_POINT('Origin',(40.1006644078301,6.31156036314985,-71.3738857507706));
#4283=CARTESIAN_POINT('',(35.1179356166057,-2.5000000372529,-71.7891131500393));
#4284=CARTESIAN_POINT('Ctrl Pts',(35.1179356166057,6.31156036314975,-71.7891131500393));
#4285=CARTESIAN_POINT('Ctrl Pts',(35.1217927339337,6.53758744516547,-71.8353985579746));
#4286=CARTESIAN_POINT('Ctrl Pts',(34.9926704974371,6.91021441398283,-71.858048554962));
#4287=CARTESIAN_POINT('Ctrl Pts',(34.5635331681796,7.23928392295326,-71.7532554540385));
#4288=CARTESIAN_POINT('Ctrl Pts',(34.2556254633967,7.30291779017165,-71.6439125739257));
#4289=CARTESIAN_POINT('Ctrl Pts',(34.1006823901707,7.30033970250735,-71.5820384681388));
#4290=CARTESIAN_POINT('Ctrl Pts',(35.1767656314692,6.31156036314975,-72.4950733284014));
#4291=CARTESIAN_POINT('Ctrl Pts',(35.186829836804,6.55064836402574,-72.536401116425));
#4292=CARTESIAN_POINT('Ctrl Pts',(35.0506403975659,6.95232839125738,-72.5565612466116));
#4293=CARTESIAN_POINT('Ctrl Pts',(34.5851074769567,7.29088055604558,-72.4631131551265));
#4294=CARTESIAN_POINT('Ctrl Pts',(34.2600306419796,7.34202104965477,-72.3651784185476));
#4295=CARTESIAN_POINT('Ctrl Pts',(34.1006823901707,7.33065375089924,-72.3095756512264));
#4296=CARTESIAN_POINT('Ctrl Pts',(35.5997594420804,6.31156036314975,-73.8790379705687));
#4297=CARTESIAN_POINT('Ctrl Pts',(35.6180855680759,6.64560456516018,-73.9079777320597));
#4298=CARTESIAN_POINT('Ctrl Pts',(35.4274107349372,7.21447148943432,-73.92195980688));
#4299=CARTESIAN_POINT('Ctrl Pts',(34.767835557103,7.68112911598114,-73.856639435537));
#4300=CARTESIAN_POINT('Ctrl Pts',(34.3172622837335,7.73846110884284,-73.7876514863468));
#4301=CARTESIAN_POINT('Ctrl Pts',(34.1006823901707,7.71507667245922,-73.7483226214881));
#4302=CARTESIAN_POINT('Ctrl Pts',(37.2723993472648,6.31156036314977,-75.7876385197048));
#4303=CARTESIAN_POINT('Ctrl Pts',(37.2899349208068,7.02117187720439,-75.7952161517312));
#4304=CARTESIAN_POINT('Ctrl Pts',(36.8789382934881,8.21399526173443,-75.7988665190398));
#4305=CARTESIAN_POINT('Ctrl Pts',(35.5156076058989,9.24109374111928,-75.7818083026842));
#4306=CARTESIAN_POINT('Ctrl Pts',(34.5666161832175,9.41283545169261,-75.7636511156528));
#4307=CARTESIAN_POINT('Ctrl Pts',(34.1006823901707,9.38947919892555,-75.7532266412645));
#4308=CARTESIAN_POINT('Ctrl Pts',(39.0380536257541,6.3115603631498,-76.3738857507706));
#4309=CARTESIAN_POINT('Ctrl Pts',(39.0447262058429,7.41734053138458,-76.3737678752682));
#4310=CARTESIAN_POINT('Ctrl Pts',(38.3991708065857,9.25816028639357,-76.3734849687805));
#4311=CARTESIAN_POINT('Ctrl Pts',(36.3124532435239,10.8925759614864,-76.3736909569065));
#4312=CARTESIAN_POINT('Ctrl Pts',(34.8365803581883,11.2126550540458,-76.373715337115));
#4313=CARTESIAN_POINT('Ctrl Pts',(34.1006823901707,11.2037523904158,-76.3738857507706));
#4314=CARTESIAN_POINT('Ctrl Pts',(40.1006644078301,6.31156036314982,-76.3738857507706));
#4315=CARTESIAN_POINT('Ctrl Pts',(40.1006644078301,7.65615150360518,-76.3738857507706));
#4316=CARTESIAN_POINT('Ctrl Pts',(39.3146059903573,9.88625081743068,-76.3738857507706));
#4317=CARTESIAN_POINT('Ctrl Pts',(36.7921785652741,11.8868661457034,-76.3738857507706));
#4318=CARTESIAN_POINT('Ctrl Pts',(34.9994037766336,12.2960050682271,-76.3738857507706));
#4319=CARTESIAN_POINT('Ctrl Pts',(34.1006823901708,12.2960050682271,-76.3738857507706));
#4320=CARTESIAN_POINT('',(34.1006823901708,7.30033970250735,-71.5820384681388));
#4321=CARTESIAN_POINT('Origin',(34.1006823901708,12.2960050682271,-71.3738857507706));
#4322=CARTESIAN_POINT('Origin',(34.079867118434,6.29079899380515,-71.3738857507706));
#4323=CARTESIAN_POINT('Origin',(25.5,12.2960050682271,-71.3738857507706));
#4324=CARTESIAN_POINT('',(6.89931760982921,7.30033970250735,-71.5820384681388));
#4325=CARTESIAN_POINT('Origin',(6.89931760982921,12.2960050682271,-71.3738857507706));
#4326=CARTESIAN_POINT('',(25.5,7.30033970250735,-71.5820384681388));
#4327=CARTESIAN_POINT('Ctrl Pts',(6.89931760982919,7.30033970250735,-71.5820384681388));
#4328=CARTESIAN_POINT('Ctrl Pts',(6.74437453660313,7.30291779017164,-71.6439125739257));
#4329=CARTESIAN_POINT('Ctrl Pts',(6.43645466996628,7.23929168049765,-71.7532618067617));
#4330=CARTESIAN_POINT('Ctrl Pts',(6.00730336316268,6.91022533791137,-71.8580610703538));
#4331=CARTESIAN_POINT('Ctrl Pts',(5.87820726606634,6.5375874451656,-71.8353985579746));
#4332=CARTESIAN_POINT('Ctrl Pts',(5.88206438339428,6.31156036314987,-71.7891131500393));
#4333=CARTESIAN_POINT('Ctrl Pts',(6.89931760982919,7.33065375089924,-72.3095756512264));
#4334=CARTESIAN_POINT('Ctrl Pts',(6.73996935802029,7.34202104965475,-72.3651784185476));
#4335=CARTESIAN_POINT('Ctrl Pts',(6.41487006345563,7.29089352454931,-72.4631190080445));
#4336=CARTESIAN_POINT('Ctrl Pts',(5.94931243790586,6.95234489289848,-72.5565725566167));
#4337=CARTESIAN_POINT('Ctrl Pts',(5.81317016319608,6.55064836402587,-72.536401116425));
#4338=CARTESIAN_POINT('Ctrl Pts',(5.82323436853077,6.31156036314987,-72.4950733284014));
#4339=CARTESIAN_POINT('Ctrl Pts',(6.8993176098292,7.71505202217409,-73.7483676014485));
#4340=CARTESIAN_POINT('Ctrl Pts',(6.6827377162664,7.7384364585577,-73.7876964663073));
#4341=CARTESIAN_POINT('Ctrl Pts',(6.2321417137874,7.68113110511767,-73.856690882327));
#4342=CARTESIAN_POINT('Ctrl Pts',(5.57252924986065,7.21447946726577,-73.9220166770305));
#4343=CARTESIAN_POINT('Ctrl Pts',(5.38193615116012,6.6456045651603,-73.908018535317));
#4344=CARTESIAN_POINT('Ctrl Pts',(5.40026227715559,6.31156036314987,-73.879078773826));
#4345=CARTESIAN_POINT('Ctrl Pts',(6.89931760982922,9.38944301599382,-75.7533290553859));
#4346=CARTESIAN_POINT('Ctrl Pts',(6.43338381678242,9.41279926876087,-75.7637535297742));
#4347=CARTESIAN_POINT('Ctrl Pts',(5.4843577934595,9.24109966711628,-75.7819070398978));
#4348=CARTESIAN_POINT('Ctrl Pts',(4.12096952841112,8.21401263363386,-75.7989651916267));
#4349=CARTESIAN_POINT('Ctrl Pts',(3.71009677140955,7.02117187720449,-75.7953083370296));
#4350=CARTESIAN_POINT('Ctrl Pts',(3.72763234495147,6.31156036314987,-75.7877307050031));
#4351=CARTESIAN_POINT('Ctrl Pts',(6.89931760982924,11.2037523904158,-76.3738857507706));
#4352=CARTESIAN_POINT('Ctrl Pts',(6.16341964181173,11.2126550540458,-76.373715337115));
#4353=CARTESIAN_POINT('Ctrl Pts',(4.68747445799809,10.8926193303962,-76.3737059768532));
#4354=CARTESIAN_POINT('Ctrl Pts',(2.60067830175258,9.25821799570483,-76.3735076749875));
#4355=CARTESIAN_POINT('Ctrl Pts',(1.95527379415711,7.41734053138464,-76.3737678752682));
#4356=CARTESIAN_POINT('Ctrl Pts',(1.96194637424592,6.31156036314986,-76.3738857507706));
#4357=CARTESIAN_POINT('Ctrl Pts',(6.89931760982926,12.2960050682271,-76.3738857507706));
#4358=CARTESIAN_POINT('Ctrl Pts',(6.00059622336638,12.2960050682271,-76.3738857507706));
#4359=CARTESIAN_POINT('Ctrl Pts',(4.20775163996318,11.8869111027889,-76.3738857507705));
#4360=CARTESIAN_POINT('Ctrl Pts',(1.68524343093758,9.88631323215406,-76.3738857507706));
#4361=CARTESIAN_POINT('Ctrl Pts',(0.899335592169882,7.65615150360522,-76.3738857507706));
#4362=CARTESIAN_POINT('Ctrl Pts',(0.89933559216988,6.31156036314986,-76.3738857507706));
#4363=CARTESIAN_POINT('',(5.88206438339428,6.31156036314985,-71.7891131500393));
#4364=CARTESIAN_POINT('Origin',(0.899335592169882,6.31156036314986,-71.3738857507706));
#4365=CARTESIAN_POINT('Origin',(6.92013288156603,6.29079899380515,-71.3738857507706));
#4366=CARTESIAN_POINT('Origin',(0.899335592169883,2.5000000372529,-71.3738857507706));
#4367=CARTESIAN_POINT('',(5.88206438339428,-6.31156036314985,-71.7891131500392));
#4368=CARTESIAN_POINT('Origin',(0.899335592169883,-6.31156036314985,-71.3738857507706));
#4369=CARTESIAN_POINT('',(5.88206438339428,2.5000000372529,-71.7891131500393));
#4370=CARTESIAN_POINT('Ctrl Pts',(5.88206438339428,-6.31156036314975,-71.7891131500393));
#4371=CARTESIAN_POINT('Ctrl Pts',(5.87820726606631,-6.53758744516547,-71.8353985579746));
#4372=CARTESIAN_POINT('Ctrl Pts',(6.0073033631627,-6.91022533791137,-71.8580610703538));
#4373=CARTESIAN_POINT('Ctrl Pts',(6.43645466996633,-7.23929168049765,-71.7532618067617));
#4374=CARTESIAN_POINT('Ctrl Pts',(6.74437453660325,-7.30291779017165,-71.6439125739257));
#4375=CARTESIAN_POINT('Ctrl Pts',(6.89931760982931,-7.30033970250735,-71.5820384681388));
#4376=CARTESIAN_POINT('Ctrl Pts',(5.82323436853077,-6.31156036314975,-72.4950733284014));
#4377=CARTESIAN_POINT('Ctrl Pts',(5.81317016319605,-6.55064836402574,-72.536401116425));
#4378=CARTESIAN_POINT('Ctrl Pts',(5.94931243790588,-6.95234489289847,-72.5565725566167));
#4379=CARTESIAN_POINT('Ctrl Pts',(6.41487006345567,-7.2908935245493,-72.4631190080445));
#4380=CARTESIAN_POINT('Ctrl Pts',(6.73996935802041,-7.34202104965477,-72.3651784185476));
#4381=CARTESIAN_POINT('Ctrl Pts',(6.89931760982931,-7.33065375089924,-72.3095756512264));
#4382=CARTESIAN_POINT('Ctrl Pts',(5.40026227715559,-6.31156036314975,-73.879078773826));
#4383=CARTESIAN_POINT('Ctrl Pts',(5.3819361511601,-6.64560456516018,-73.908018535317));
#4384=CARTESIAN_POINT('Ctrl Pts',(5.57252924986068,-7.21447946726576,-73.9220166770305));
#4385=CARTESIAN_POINT('Ctrl Pts',(6.23214171378744,-7.68113110511766,-73.856690882327));
#4386=CARTESIAN_POINT('Ctrl Pts',(6.6827377162665,-7.73843645855771,-73.7876964663072));
#4387=CARTESIAN_POINT('Ctrl Pts',(6.8993176098293,-7.71505202217409,-73.7483676014485));
#4388=CARTESIAN_POINT('Ctrl Pts',(3.72763234495147,-6.31156036314978,-75.7877307050031));
#4389=CARTESIAN_POINT('Ctrl Pts',(3.71009677140953,-7.02117187720439,-75.7953083370296));
#4390=CARTESIAN_POINT('Ctrl Pts',(4.12096952841113,-8.21401263363384,-75.7989651916267));
#4391=CARTESIAN_POINT('Ctrl Pts',(5.48435779345952,-9.24109966711626,-75.7819070398978));
#4392=CARTESIAN_POINT('Ctrl Pts',(6.43338381678247,-9.41279926876087,-75.7637535297742));
#4393=CARTESIAN_POINT('Ctrl Pts',(6.89931760982928,-9.38944301599382,-75.7533290553859));
#4394=CARTESIAN_POINT('Ctrl Pts',(1.96194637424592,-6.31156036314981,-76.3738857507706));
#4395=CARTESIAN_POINT('Ctrl Pts',(1.9552737941571,-7.41734053138458,-76.3737678752682));
#4396=CARTESIAN_POINT('Ctrl Pts',(2.60067830175258,-9.25821799570481,-76.3735076749875));
#4397=CARTESIAN_POINT('Ctrl Pts',(4.68747445799808,-10.8926193303962,-76.3737059768532));
#4398=CARTESIAN_POINT('Ctrl Pts',(6.16341964181173,-11.2126550540458,-76.373715337115));
#4399=CARTESIAN_POINT('Ctrl Pts',(6.89931760982925,-11.2037523904158,-76.3738857507706));
#4400=CARTESIAN_POINT('Ctrl Pts',(0.899335592169881,-6.31156036314982,-76.3738857507706));
#4401=CARTESIAN_POINT('Ctrl Pts',(0.899335592169875,-7.65615150360518,-76.3738857507706));
#4402=CARTESIAN_POINT('Ctrl Pts',(1.68524343093757,-9.88631323215403,-76.3738857507706));
#4403=CARTESIAN_POINT('Ctrl Pts',(4.20775163996315,-11.8869111027889,-76.3738857507706));
#4404=CARTESIAN_POINT('Ctrl Pts',(6.00059622336636,-12.2960050682271,-76.3738857507706));
#4405=CARTESIAN_POINT('Ctrl Pts',(6.89931760982923,-12.2960050682271,-76.3738857507706));
#4406=CARTESIAN_POINT('',(6.89931760982921,-7.30033970250735,-71.5820384681388));
#4407=CARTESIAN_POINT('Origin',(6.89931760982919,-12.2960050682271,-71.3738857507706));
#4408=CARTESIAN_POINT('Origin',(6.92013288156603,-6.29079899380515,-71.3738857507706));
#4409=CARTESIAN_POINT('Origin',(15.5,-12.2960050682271,-71.3738857507706));
#4410=CARTESIAN_POINT('',(34.1006823901708,-7.30033970250735,-71.5820384681388));
#4411=CARTESIAN_POINT('Origin',(34.1006823901708,-12.2960050682271,-71.3738857507706));
#4412=CARTESIAN_POINT('',(15.5,-7.30033970250735,-71.5820384681388));
#4413=CARTESIAN_POINT('Ctrl Pts',(34.1006823901708,-7.30033970250735,-71.5820384681388));
#4414=CARTESIAN_POINT('Ctrl Pts',(34.3330970000099,-7.30420683400378,-71.6748496268192));
#4415=CARTESIAN_POINT('Ctrl Pts',(34.7163239737835,-7.17882573512816,-71.8017947461828));
#4416=CARTESIAN_POINT('Ctrl Pts',(35.0549162144519,-6.76165515635074,-71.8532826501721));
#4417=CARTESIAN_POINT('Ctrl Pts',(35.1205070281577,-6.46224508449369,-71.8199700886628));
#4418=CARTESIAN_POINT('Ctrl Pts',(35.1179356166057,-6.31156036314987,-71.7891131500393));
#4419=CARTESIAN_POINT('Ctrl Pts',(34.1006823901708,-7.33065375089924,-72.3095756512264));
#4420=CARTESIAN_POINT('Ctrl Pts',(34.3397047678842,-7.34770469903251,-72.3929798022082));
#4421=CARTESIAN_POINT('Ctrl Pts',(34.7503883526956,-7.23332053191097,-72.5064346957407));
#4422=CARTESIAN_POINT('Ctrl Pts',(35.1177408897969,-6.79174041835997,-72.5523023977096));
#4423=CARTESIAN_POINT('Ctrl Pts',(35.1834751016924,-6.47095236373387,-72.5226251870838));
#4424=CARTESIAN_POINT('Ctrl Pts',(35.1767656314692,-6.31156036314987,-72.4950733284014));
#4425=CARTESIAN_POINT('Ctrl Pts',(34.1006823901708,-7.71507667245923,-73.7483226214881));
#4426=CARTESIAN_POINT('Ctrl Pts',(34.425552230515,-7.75015332703464,-73.8073159187762));
#4427=CARTESIAN_POINT('Ctrl Pts',(35.0010180518559,-7.60607910088915,-73.8869938602952));
#4428=CARTESIAN_POINT('Ctrl Pts',(35.5225942223326,-6.98651181726428,-73.9189978506334));
#4429=CARTESIAN_POINT('Ctrl Pts',(35.6119768594107,-6.53425649782349,-73.8983311448961));
#4430=CARTESIAN_POINT('Ctrl Pts',(35.5997594420804,-6.31156036314987,-73.8790379705687));
#4431=CARTESIAN_POINT('Ctrl Pts',(34.1006823901708,-9.38947919892556,-75.7532266412645));
#4432=CARTESIAN_POINT('Ctrl Pts',(34.799583079741,-9.42451357807613,-75.7688633528469));
#4433=CARTESIAN_POINT('Ctrl Pts',(35.9973774038623,-9.06108244016228,-75.7897424662257));
#4434=CARTESIAN_POINT('Ctrl Pts',(37.0794260249776,-7.73686691279833,-75.7980856023739));
#4435=CARTESIAN_POINT('Ctrl Pts',(37.2840897296261,-6.78463470585294,-75.7926902743891));
#4436=CARTESIAN_POINT('Ctrl Pts',(37.2723993472648,-6.31156036314986,-75.7876385197048));
#4437=CARTESIAN_POINT('Ctrl Pts',(34.1006823901708,-11.2037523904158,-76.3738857507706));
#4438=CARTESIAN_POINT('Ctrl Pts',(35.2045293421971,-11.2171063858607,-76.3736301302873));
#4439=CARTESIAN_POINT('Ctrl Pts',(37.0507462242278,-10.590824308809,-76.3737064108797));
#4440=CARTESIAN_POINT('Ctrl Pts',(38.7092854924643,-8.52303502082404,-76.3735808135954));
#4441=CARTESIAN_POINT('Ctrl Pts',(39.04250201248,-7.04874714197304,-76.3738071671023));
#4442=CARTESIAN_POINT('Ctrl Pts',(39.0380536257541,-6.31156036314986,-76.3738857507706));
#4443=CARTESIAN_POINT('Ctrl Pts',(34.1006823901708,-12.2960050682271,-76.3738857507706));
#4444=CARTESIAN_POINT('Ctrl Pts',(35.4487644698651,-12.2960050682271,-76.3738857507706));
#4445=CARTESIAN_POINT('Ctrl Pts',(37.6846537528248,-11.5119821960783,-76.3738857507705));
#4446=CARTESIAN_POINT('Ctrl Pts',(39.6904632448409,-8.99608674780001,-76.3738857507706));
#4447=CARTESIAN_POINT('Ctrl Pts',(40.1006644078301,-7.20795445678676,-76.3738857507706));
#4448=CARTESIAN_POINT('Ctrl Pts',(40.1006644078301,-6.31156036314985,-76.3738857507706));
#4449=CARTESIAN_POINT('Origin',(34.079867118434,-6.29079899380515,-71.3738857507706));
#4450=CARTESIAN_POINT('Origin',(11.5103240456968,-3.99570348013894,-16.2915917812012));
#4451=CARTESIAN_POINT('',(11.5,-5.00000007450581,-16.3738857507706));
#4452=CARTESIAN_POINT('',(11.5103240456968,-4.9948365532829,-16.2499612377276));
#4453=CARTESIAN_POINT('',(10.5000033563119,-4.00259094550369,-16.3738454750278));
#4454=CARTESIAN_POINT('Ctrl Pts',(10.5000033563119,-4.00259094550369,-16.3738454750278));
#4455=CARTESIAN_POINT('Ctrl Pts',(10.5001780067096,-4.0700006357769,-16.3717496702556));
#4456=CARTESIAN_POINT('Ctrl Pts',(10.5071684628129,-4.13722999441675,-16.3700112985032));
#4457=CARTESIAN_POINT('Ctrl Pts',(10.5345750739359,-4.26925708468088,-16.3672016722285));
#4458=CARTESIAN_POINT('Ctrl Pts',(10.5549177110277,-4.33371478704216,-16.3661384386794));
#4459=CARTESIAN_POINT('Ctrl Pts',(10.6330746358911,-4.51514301064907,-16.3639625493714));
#4460=CARTESIAN_POINT('Ctrl Pts',(10.7073903682677,-4.62346088494481,-16.3637507254702));
#4461=CARTESIAN_POINT('Ctrl Pts',(10.8934216787009,-4.80562046669713,-16.3652683419181));
#4462=CARTESIAN_POINT('Ctrl Pts',(11.0033767560832,-4.87768004654674,-16.3670223248108));
#4463=CARTESIAN_POINT('Ctrl Pts',(11.2436818225281,-4.97517747396509,-16.3711517998302));
#4464=CARTESIAN_POINT('Ctrl Pts',(11.371360721254,-4.99999968897108,-16.3738764979643));
#4465=CARTESIAN_POINT('Ctrl Pts',(11.4999970029432,-5.00000007450132,-16.3738857506628));
#4466=CARTESIAN_POINT('',(10.5137782874519,-3.99570348013894,-16.2085463013475));
#4467=CARTESIAN_POINT('Origin',(10.5,-5.00000007450581,-16.3738857507706));
#4468=CARTESIAN_POINT('',(29.5000029970568,-5.00000007450581,-16.3738857507706));
#4469=CARTESIAN_POINT('',(29.4380408421653,-4.9690189979834,-15.6303398920734));
#4470=CARTESIAN_POINT('',(30.5,-5.00000007450581,-16.3738857507706));
#4471=CARTESIAN_POINT('Origin',(29.4380408421653,-3.96988592483944,-15.6719704355471));
#4472=CARTESIAN_POINT('',(30.4999966436881,-4.00259094550369,-16.3738454750278));
#4473=CARTESIAN_POINT('',(30.4345866004102,-3.96988592483944,-15.5889249556933));
#4474=CARTESIAN_POINT('Ctrl Pts',(29.5000029970568,-5.00000007450132,-16.3738857506628));
#4475=CARTESIAN_POINT('Ctrl Pts',(29.5668394383685,-4.99999987418871,-16.3738809431743));
#4476=CARTESIAN_POINT('Ctrl Pts',(29.6335667686057,-4.99329694517651,-16.3730116507082));
#4477=CARTESIAN_POINT('Ctrl Pts',(29.7646931090897,-4.96664939479276,-16.3710454913715));
#4478=CARTESIAN_POINT('Ctrl Pts',(29.828736187877,-4.94678752511105,-16.369904261734));
#4479=CARTESIAN_POINT('Ctrl Pts',(30.0101115566409,-4.86989421904034,-16.3667976211339));
#4480=CARTESIAN_POINT('Ctrl Pts',(30.1188551892691,-4.79621135656858,-16.3651083247734));
#4481=CARTESIAN_POINT('Ctrl Pts',(30.3019817851814,-4.61134777687959,-16.3637415312357));
#4482=CARTESIAN_POINT('Ctrl Pts',(30.3746185569448,-4.50195746766259,-16.3640415159984));
#4483=CARTESIAN_POINT('Ctrl Pts',(30.4739459478785,-4.26146214305953,-16.3670939118229));
#4484=CARTESIAN_POINT('Ctrl Pts',(30.4996596389426,-4.1326644283839,-16.369801418082));
#4485=CARTESIAN_POINT('Ctrl Pts',(30.4999966436881,-4.00259094550369,-16.3738454750278));
#4486=CARTESIAN_POINT('Origin',(30.5,-5.00000007450581,-16.3738857507706));
#4487=CARTESIAN_POINT('',(30.4999966436881,4.00259094550369,-16.3738454750278));
#4488=CARTESIAN_POINT('',(30.4862217125481,3.99570348013894,-16.2085463013475));
#4489=CARTESIAN_POINT('',(30.5,4.00000007450581,-16.3738857507706));
#4490=CARTESIAN_POINT('Origin',(29.5,4.00000007450581,-4.37388575077056));
#4491=CARTESIAN_POINT('',(30.5,-4.00000007450581,-16.3738857507706));
#4492=CARTESIAN_POINT('',(30.5,6.16297582203915E-32,-16.3738857507706));
#4493=CARTESIAN_POINT('Origin',(29.5,-4.00000007450581,-4.37388575077056));
#4494=CARTESIAN_POINT('Origin',(-76.,-73.5,-76.3738857507706));
#4495=CARTESIAN_POINT('',(-76.,-73.5,-79.3738857507706));
#4496=CARTESIAN_POINT('Origin',(117.,73.5,-76.3738857507706));
#4497=CARTESIAN_POINT('',(117.,73.5,-79.3738857507706));
#4498=CARTESIAN_POINT('Origin',(20.5,0.,-79.3738857507706));
#4499=CARTESIAN_POINT('Origin',(40.5594002434902,-4.00000007450581,2.61320655996883));
#4500=CARTESIAN_POINT('',(35.9598120653597,-5.00000007450581,-1.35546226550937));
#4501=CARTESIAN_POINT('',(35.3065413769065,-4.00000007450581,-0.598337832138052));
#4502=CARTESIAN_POINT('Origin',(35.9598120653597,-4.00000007450581,-1.35546226550937));
#4503=CARTESIAN_POINT('',(24.4196241307194,-4.00000007450581,-9.99191121462837));
#4504=CARTESIAN_POINT('',(39.9061295550369,-4.00000007450581,3.37033099334015));
#4505=CARTESIAN_POINT('',(25.0728948191726,-5.00000007450581,-10.7490356479997));
#4506=CARTESIAN_POINT('Origin',(25.0728948191726,-4.00000007450581,-10.7490356479997));
#4507=CARTESIAN_POINT('',(40.5594002434902,-5.00000007450581,2.61320655996883));
#4508=CARTESIAN_POINT('Origin',(20.5,-4.00000007450581,-5.44916461440043));
#4509=CARTESIAN_POINT('',(16.5803758692806,-4.00000007450581,-9.99191121462838));
#4510=CARTESIAN_POINT('',(15.9271051808274,-5.00000007450581,-10.7490356479997));
#4511=CARTESIAN_POINT('Origin',(15.9271051808274,-4.00000007450581,-10.7490356479997));
#4512=CARTESIAN_POINT('Origin',(20.5,-5.00000007450581,-5.44916461440043));
#4513=CARTESIAN_POINT('Origin',(20.5,-4.00000007450581,-5.44916461440043));
#4514=CARTESIAN_POINT('Origin',(12.1919666124707,-4.00000007450581,-7.52624103661265));
#4515=CARTESIAN_POINT('',(5.69345862309355,-4.00000007450581,-0.598337832138051));
#4516=CARTESIAN_POINT('',(5.04018793464032,-5.00000007450581,-1.35546226550937));
#4517=CARTESIAN_POINT('Origin',(5.04018793464032,-4.00000007450581,-1.35546226550937));
#4518=CARTESIAN_POINT('',(12.1919666124707,-5.00000007450581,-7.52624103661265));
#4519=CARTESIAN_POINT('',(12.845237300924,-4.00000007450581,-6.76911660324133));
#4520=CARTESIAN_POINT('Origin',(7.,-4.00000007450581,0.915911034604598));
#4521=CARTESIAN_POINT('',(5.,-4.00000007450581,0.915911034604598));
#4522=CARTESIAN_POINT('',(4.,-5.00000007450581,0.915911034604599));
#4523=CARTESIAN_POINT('Origin',(4.,-4.00000007450581,0.915911034604599));
#4524=CARTESIAN_POINT('Origin',(7.,-5.00000007450581,0.915911034604598));
#4525=CARTESIAN_POINT('Origin',(7.,-4.00000007450581,0.915911034604598));
#4526=CARTESIAN_POINT('Origin',(4.,-4.00000007450581,8.75000009313226));
#4527=CARTESIAN_POINT('',(5.,-4.00000007450581,10.0000001490116));
#4528=CARTESIAN_POINT('',(4.,-5.00000007450581,10.0000001490116));
#4529=CARTESIAN_POINT('Origin',(4.,-4.00000007450581,10.0000001490116));
#4530=CARTESIAN_POINT('',(4.,-5.00000007450581,8.75000009313226));
#4531=CARTESIAN_POINT('',(5.,-4.00000007450581,8.75000009313226));
#4532=CARTESIAN_POINT('Origin',(4.,0.,10.));
#4533=CARTESIAN_POINT('',(5.,4.00000007450581,10.0000001192093));
#4534=CARTESIAN_POINT('',(4.,5.00000007450581,10.0000001490116));
#4535=CARTESIAN_POINT('Origin',(4.,4.00000007450581,10.0000001192093));
#4536=CARTESIAN_POINT('Origin',(4.,0.,10.));
#4537=CARTESIAN_POINT('Origin',(5.,0.,10.));
#4538=CARTESIAN_POINT('Origin',(4.,4.00000007450581,3.75000001862645));
#4539=CARTESIAN_POINT('',(5.,4.00000007450581,0.915911034604598));
#4540=CARTESIAN_POINT('',(4.,5.00000007450581,0.915911034604598));
#4541=CARTESIAN_POINT('Origin',(4.,4.00000007450581,0.915911034604598));
#4542=CARTESIAN_POINT('',(4.,5.00000007450581,3.75000001862645));
#4543=CARTESIAN_POINT('',(5.,4.00000007450581,3.75000001862645));
#4544=CARTESIAN_POINT('Origin',(7.,4.00000007450581,0.915911034604598));
#4545=CARTESIAN_POINT('',(5.69345862309355,4.00000007450581,-0.598337832138051));
#4546=CARTESIAN_POINT('',(5.04018793464032,5.00000007450581,-1.35546226550937));
#4547=CARTESIAN_POINT('Origin',(5.04018793464032,4.00000007450581,-1.35546226550937));
#4548=CARTESIAN_POINT('Origin',(7.,5.00000007450581,0.915911034604598));
#4549=CARTESIAN_POINT('Origin',(7.,4.00000007450581,0.915911034604598));
#4550=CARTESIAN_POINT('Origin',(14.6650026484881,4.00000007450581,-9.6600540303697));
#4551=CARTESIAN_POINT('',(16.5803758692806,4.00000007450581,-9.99191121462838));
#4552=CARTESIAN_POINT('',(15.9271051808274,5.00000007450581,-10.7490356479997));
#4553=CARTESIAN_POINT('Origin',(15.9271051808274,4.00000007450581,-10.7490356479997));
#4554=CARTESIAN_POINT('',(14.6650026484881,5.00000007450581,-9.6600540303697));
#4555=CARTESIAN_POINT('',(15.3182733369413,4.00000007450581,-8.90292959699838));
#4556=CARTESIAN_POINT('Origin',(20.5,4.00000007450581,-5.44916461440043));
#4557=CARTESIAN_POINT('',(24.4196241307194,4.00000007450581,-9.99191121462837));
#4558=CARTESIAN_POINT('',(25.0728948191726,5.00000007450581,-10.7490356479997));
#4559=CARTESIAN_POINT('Origin',(25.0728948191726,4.00000007450581,-10.7490356479997));
#4560=CARTESIAN_POINT('Origin',(20.5,5.00000007450581,-5.44916461440043));
#4561=CARTESIAN_POINT('Origin',(20.5,4.00000007450581,-5.44916461440043));
#4562=CARTESIAN_POINT('Origin',(38.0863642074728,4.00000007450581,0.479393566211783));
#4563=CARTESIAN_POINT('',(35.3065413769065,4.00000007450581,-0.598337832138052));
#4564=CARTESIAN_POINT('',(35.9598120653597,5.00000007450581,-1.35546226550938));
#4565=CARTESIAN_POINT('Origin',(35.9598120653597,4.00000007450581,-1.35546226550938));
#4566=CARTESIAN_POINT('',(38.0863642074728,5.00000007450581,0.479393566211783));
#4567=CARTESIAN_POINT('',(37.4330935190196,4.00000007450581,1.23651799958311));
#4568=CARTESIAN_POINT('Origin',(34.,4.00000007450581,0.915911034604598));
#4569=CARTESIAN_POINT('',(36.,4.00000007450581,0.915911034604598));
#4570=CARTESIAN_POINT('',(37.,5.00000007450581,0.915911034604597));
#4571=CARTESIAN_POINT('Origin',(37.,4.00000007450581,0.915911034604597));
#4572=CARTESIAN_POINT('Origin',(34.,5.00000007450581,0.915911034604598));
#4573=CARTESIAN_POINT('Origin',(34.,4.00000007450581,0.915911034604598));
#4574=CARTESIAN_POINT('Origin',(37.,4.00000007450581,3.75000001862645));
#4575=CARTESIAN_POINT('',(36.,4.00000007450581,10.0000001490116));
#4576=CARTESIAN_POINT('',(37.,5.00000007450581,10.0000001490116));
#4577=CARTESIAN_POINT('Origin',(37.,4.00000007450581,10.0000001490116));
#4578=CARTESIAN_POINT('',(37.,5.00000007450581,3.75000001862645));
#4579=CARTESIAN_POINT('',(36.,4.00000007450581,3.75000001862645));
#4580=CARTESIAN_POINT('Origin',(37.,0.,10.));
#4581=CARTESIAN_POINT('',(36.,-4.00000007450581,10.0000001192093));
#4582=CARTESIAN_POINT('',(37.,-5.00000007450581,10.0000001490116));
#4583=CARTESIAN_POINT('Origin',(37.,-4.00000007450581,10.0000001192093));
#4584=CARTESIAN_POINT('Origin',(37.,0.,10.));
#4585=CARTESIAN_POINT('Origin',(36.,0.,10.));
#4586=CARTESIAN_POINT('Origin',(37.,-4.00000007450581,8.75000009313226));
#4587=CARTESIAN_POINT('',(36.,-4.00000007450581,0.915911034604598));
#4588=CARTESIAN_POINT('',(37.,-5.00000007450581,0.915911034604597));
#4589=CARTESIAN_POINT('Origin',(37.,-4.00000007450581,0.915911034604597));
#4590=CARTESIAN_POINT('',(37.,-5.00000007450581,8.75000009313226));
#4591=CARTESIAN_POINT('',(36.,-4.00000007450581,8.75000009313226));
#4592=CARTESIAN_POINT('Origin',(34.,-4.00000007450581,0.915911034604598));
#4593=CARTESIAN_POINT('Origin',(34.,-4.00000007450581,0.915911034604598));
#4594=CARTESIAN_POINT('Origin',(34.,-5.00000007450581,0.915911034604598));
#4595=CARTESIAN_POINT('Origin',(41.,5.00000007450581,0.));
#4596=CARTESIAN_POINT('',(40.,5.00000007450581,10.0000001490116));
#4597=CARTESIAN_POINT('',(41.,5.00000007450581,10.0000001490116));
#4598=CARTESIAN_POINT('',(40.,5.00000007450581,0.691309209673514));
#4599=CARTESIAN_POINT('',(40.,5.00000007450581,3.75000001862645));
#4600=CARTESIAN_POINT('',(39.7865483711618,5.00000007450581,0.0737805384178475));
#4601=CARTESIAN_POINT('Origin',(39.,5.00000007450581,0.691309209673514));
#4602=CARTESIAN_POINT('',(30.1403548865147,5.00000007450581,-12.2126089466771));
#4603=CARTESIAN_POINT('',(40.2134516288382,5.00000007450581,0.617528671255667));
#4604=CARTESIAN_POINT('',(29.5,5.00000007450581,-14.0651949604441));
#4605=CARTESIAN_POINT('Origin',(32.5,5.00000007450581,-14.0651949604441));
#4606=CARTESIAN_POINT('',(29.5,5.00000007450581,-16.3738857507706));
#4607=CARTESIAN_POINT('',(29.5,5.00000007450581,-6.68694287538528));
#4608=CARTESIAN_POINT('',(11.4999970029432,5.00000007450581,-16.3738857507706));
#4609=CARTESIAN_POINT('',(10.5,5.00000007450581,-16.3738857507706));
#4610=CARTESIAN_POINT('',(11.5,5.00000007450581,-14.0651949604441));
#4611=CARTESIAN_POINT('',(11.5,5.00000007450581,-6.68694287538528));
#4612=CARTESIAN_POINT('',(10.8596451134853,5.00000007450581,-12.2126089466771));
#4613=CARTESIAN_POINT('Origin',(8.5,5.00000007450581,-14.0651949604441));
#4614=CARTESIAN_POINT('',(1.21345162883824,5.00000007450581,0.0737805384178463));
#4615=CARTESIAN_POINT('',(8.60405239752892,5.00000007450581,-9.3396528244418));
#4616=CARTESIAN_POINT('',(1.,5.00000007450581,0.691309209673512));
#4617=CARTESIAN_POINT('Origin',(2.,5.00000007450581,0.691309209673513));
#4618=CARTESIAN_POINT('',(1.,5.00000007450581,10.0000001490116));
#4619=CARTESIAN_POINT('',(1.,5.00000007450581,3.75000001862645));
#4620=CARTESIAN_POINT('',(0.,5.00000007450581,10.0000001490116));
#4621=CARTESIAN_POINT('Origin',(41.,0.,10.));
#4622=CARTESIAN_POINT('',(40.,-5.00000007450581,10.0000001490116));
#4623=CARTESIAN_POINT('',(41.,-5.00000007450581,10.0000001490116));
#4624=CARTESIAN_POINT('Origin',(40.,0.,10.));
#4625=CARTESIAN_POINT('Origin',(5.,0.,7.5000000372529));
#4626=CARTESIAN_POINT('',(5.,-2.5000000372529,0.915911034604598));
#4627=CARTESIAN_POINT('',(5.,-2.05,10.));
#4628=CARTESIAN_POINT('Origin',(5.,0.,10.));
#4629=CARTESIAN_POINT('Origin',(7.,-2.5000000372529,0.915911034604598));
#4630=CARTESIAN_POINT('',(5.69345862309355,-2.5000000372529,-0.598337832138051));
#4631=CARTESIAN_POINT('Origin',(29.5,-4.00000007450581,-1.68694280087948));
#4632=CARTESIAN_POINT('',(30.5,-4.00000007450581,-14.0651949604441));
#4633=CARTESIAN_POINT('',(29.5,-5.00000007450581,-14.0651949604441));
#4634=CARTESIAN_POINT('Origin',(29.5,-4.00000007450581,-14.0651949604441));
#4635=CARTESIAN_POINT('',(29.5,-5.00000007450581,-1.68694280087948));
#4636=CARTESIAN_POINT('',(30.5,-4.00000007450581,-1.68694280087948));
#4637=CARTESIAN_POINT('Origin',(32.5,-4.00000007450581,-14.0651949604441));
#4638=CARTESIAN_POINT('',(30.9269032576765,-4.00000007450581,-12.8301376179327));
#4639=CARTESIAN_POINT('',(30.1403548865147,-5.00000007450581,-12.2126089466771));
#4640=CARTESIAN_POINT('Origin',(30.1403548865147,-4.00000007450581,-12.2126089466771));
#4641=CARTESIAN_POINT('Origin',(32.5,-5.00000007450581,-14.0651949604441));
#4642=CARTESIAN_POINT('Origin',(32.5,-4.00000007450581,-14.0651949604441));
#4643=CARTESIAN_POINT('Origin',(42.6420325176361,-4.00000007450581,3.71082041823536));
#4644=CARTESIAN_POINT('',(40.5730967423235,-4.00000007450581,-0.543748132837819));
#4645=CARTESIAN_POINT('',(39.7865483711618,-5.00000007450581,0.0737805384178442));
#4646=CARTESIAN_POINT('Origin',(39.7865483711618,-4.00000007450581,0.0737805384178442));
#4647=CARTESIAN_POINT('',(42.6420325176361,-5.00000007450581,3.71082041823536));
#4648=CARTESIAN_POINT('',(43.4285808887978,-4.00000007450581,3.0932917469797));
#4649=CARTESIAN_POINT('Ctrl Pts',(40.,-5.00000007450581,0.691309209673515));
#4650=CARTESIAN_POINT('Ctrl Pts',(40.,-5.00000007450581,0.345654604836758));
#4651=CARTESIAN_POINT('Ctrl Pts',(39.7865483711618,-5.00000007450581,0.0737805384178469));
#4652=CARTESIAN_POINT('Ctrl Pts',(41.,-5.00000007450581,0.691309209673515));
#4653=CARTESIAN_POINT('Ctrl Pts',(41.,-5.00000007450581,-1.2490009027033E-15));
#4654=CARTESIAN_POINT('Ctrl Pts',(40.5730967423235,-5.00000007450581,-0.543748132837825));
#4655=CARTESIAN_POINT('Ctrl Pts',(41.,-4.00000007450581,0.691309209673515));
#4656=CARTESIAN_POINT('Ctrl Pts',(41.,-4.00000007450581,-5.55111512312578E-16));
#4657=CARTESIAN_POINT('Ctrl Pts',(40.5730967423235,-4.00000007450581,-0.543748132837824));
#4658=CARTESIAN_POINT('',(41.,-4.00000007450581,0.691309209673515));
#4659=CARTESIAN_POINT('',(40.,-5.00000007450581,0.691309209673515));
#4660=CARTESIAN_POINT('Origin',(40.,-4.00000007450581,0.691309209673515));
#4661=CARTESIAN_POINT('Origin',(39.,-5.00000007450581,0.691309209673515));
#4662=CARTESIAN_POINT('Origin',(39.,-4.00000007450581,0.691309209673515));
#4663=CARTESIAN_POINT('Origin',(40.,-4.00000007450581,8.75000009313226));
#4664=CARTESIAN_POINT('',(41.,-4.00000007450581,10.0000001490116));
#4665=CARTESIAN_POINT('Origin',(40.,-4.00000007450581,10.0000001490116));
#4666=CARTESIAN_POINT('',(40.,-5.00000007450581,8.75000009313226));
#4667=CARTESIAN_POINT('',(41.,-4.00000007450581,8.75000009313226));
#4668=CARTESIAN_POINT('Origin',(40.,0.,10.));
#4669=CARTESIAN_POINT('',(41.,4.00000007450581,10.0000001192093));
#4670=CARTESIAN_POINT('Origin',(40.,4.00000007450581,10.0000001192093));
#4671=CARTESIAN_POINT('Origin',(41.,0.,10.));
#4672=CARTESIAN_POINT('Origin',(40.,4.00000007450581,3.75000001862645));
#4673=CARTESIAN_POINT('',(41.,4.00000007450581,0.691309209673514));
#4674=CARTESIAN_POINT('Origin',(40.,4.00000007450581,0.691309209673514));
#4675=CARTESIAN_POINT('',(41.,4.00000007450581,3.75000001862645));
#4676=CARTESIAN_POINT('Ctrl Pts',(39.7865483711618,5.00000007450581,0.0737805384178464));
#4677=CARTESIAN_POINT('Ctrl Pts',(40.,5.00000007450581,0.345654604836757));
#4678=CARTESIAN_POINT('Ctrl Pts',(40.,5.00000007450581,0.691309209673514));
#4679=CARTESIAN_POINT('Ctrl Pts',(40.5730967423235,5.00000007450581,-0.543748132837824));
#4680=CARTESIAN_POINT('Ctrl Pts',(41.,5.00000007450581,-1.38777878078145E-15));
#4681=CARTESIAN_POINT('Ctrl Pts',(41.,5.00000007450581,0.691309209673514));
#4682=CARTESIAN_POINT('Ctrl Pts',(40.5730967423235,4.00000007450581,-0.543748132837824));
#4683=CARTESIAN_POINT('Ctrl Pts',(41.,4.00000007450581,-1.38777878078145E-15));
#4684=CARTESIAN_POINT('Ctrl Pts',(41.,4.00000007450581,0.691309209673514));
#4685=CARTESIAN_POINT('',(40.5730967423235,4.00000007450581,-0.543748132837821));
#4686=CARTESIAN_POINT('Origin',(39.7865483711618,4.00000007450581,0.0737805384178475));
#4687=CARTESIAN_POINT('Origin',(39.,4.00000007450581,0.691309209673514));
#4688=CARTESIAN_POINT('Origin',(40.2134516288382,4.00000007450581,0.617528671255667));
#4689=CARTESIAN_POINT('',(30.9269032576765,4.00000007450581,-12.8301376179327));
#4690=CARTESIAN_POINT('Origin',(30.1403548865147,4.00000007450581,-12.2126089466771));
#4691=CARTESIAN_POINT('',(41.,4.00000007450581,-3.46944695195361E-16));
#4692=CARTESIAN_POINT('Origin',(32.5,4.0000000745058,-14.0651949604441));
#4693=CARTESIAN_POINT('',(30.5,4.0000000745058,-14.0651949604441));
#4694=CARTESIAN_POINT('Origin',(29.5,4.0000000745058,-14.0651949604441));
#4695=CARTESIAN_POINT('Origin',(32.5,4.0000000745058,-14.0651949604441));
#4696=CARTESIAN_POINT('Origin',(29.5,4.00000007450581,-6.68694287538528));
#4697=CARTESIAN_POINT('',(30.5,4.00000007450581,-6.68694287538528));
#4698=CARTESIAN_POINT('Ctrl Pts',(30.4999966436881,4.0025909455037,-16.3738454750278));
#4699=CARTESIAN_POINT('Ctrl Pts',(30.4998219932904,4.07000063577689,-16.3717496702556));
#4700=CARTESIAN_POINT('Ctrl Pts',(30.4928315371871,4.13722999441675,-16.3700112985031));
#4701=CARTESIAN_POINT('Ctrl Pts',(30.4654249260641,4.26925708468092,-16.3672016722284));
#4702=CARTESIAN_POINT('Ctrl Pts',(30.4450822889723,4.33371478704218,-16.3661384386794));
#4703=CARTESIAN_POINT('Ctrl Pts',(30.3669253641089,4.51514301064906,-16.3639625493713));
#4704=CARTESIAN_POINT('Ctrl Pts',(30.2926096317323,4.62346088494479,-16.3637507254702));
#4705=CARTESIAN_POINT('Ctrl Pts',(30.1065783212991,4.80562046669712,-16.365268341918));
#4706=CARTESIAN_POINT('Ctrl Pts',(29.9966232439168,4.87768004654673,-16.3670223248108));
#4707=CARTESIAN_POINT('Ctrl Pts',(29.756318177472,4.97517747396509,-16.3711517998302));
#4708=CARTESIAN_POINT('Ctrl Pts',(29.628639278746,4.99999968897108,-16.3738764979643));
#4709=CARTESIAN_POINT('Ctrl Pts',(29.5000029970568,5.00000007450132,-16.3738857506628));
#4710=CARTESIAN_POINT('Origin',(29.4896759543032,3.99570348013894,-16.2915917812012));
#4711=CARTESIAN_POINT('',(29.4896759543032,4.9948365532829,-16.2499612377276));
#4712=CARTESIAN_POINT('Origin',(41.,-5.00000007450581,10.0000001490116));
#4713=CARTESIAN_POINT('',(1.,-5.00000007450581,10.0000001490116));
#4714=CARTESIAN_POINT('',(0.,-5.00000007450581,10.0000001490116));
#4715=CARTESIAN_POINT('',(1.,-5.00000007450581,0.691309209673514));
#4716=CARTESIAN_POINT('',(1.,-5.00000007450581,8.75000009313226));
#4717=CARTESIAN_POINT('',(1.21345162883824,-5.00000007450581,0.0737805384178503));
#4718=CARTESIAN_POINT('Origin',(2.,-5.00000007450581,0.691309209673514));
#4719=CARTESIAN_POINT('',(10.8596451134853,-5.00000007450581,-12.2126089466771));
#4720=CARTESIAN_POINT('',(6.17547150873111,-5.00000007450581,-6.2463610774621));
#4721=CARTESIAN_POINT('',(11.5,-5.00000007450581,-14.0651949604441));
#4722=CARTESIAN_POINT('Origin',(8.5,-5.00000007450581,-14.0651949604441));
#4723=CARTESIAN_POINT('',(11.5,-5.00000007450581,-1.68694280087948));
#4724=CARTESIAN_POINT('Origin',(30.5,5.00000007450581,-16.3738857507706));
#4725=CARTESIAN_POINT('',(11.5619591578347,4.9690189979834,-15.6303398920734));
#4726=CARTESIAN_POINT('Origin',(11.5,-4.00000007450581,-1.68694280087948));
#4727=CARTESIAN_POINT('',(10.5,-4.00000007450581,-14.0651949604441));
#4728=CARTESIAN_POINT('Origin',(11.5,-4.00000007450581,-14.0651949604441));
#4729=CARTESIAN_POINT('',(10.5,-4.00000007450581,-16.3738857507706));
#4730=CARTESIAN_POINT('',(10.5,-4.00000007450581,-1.68694280087948));
#4731=CARTESIAN_POINT('Origin',(11.5,-4.00000007450581,-4.37388575077056));
#4732=CARTESIAN_POINT('Origin',(8.5,-4.00000007450581,-14.0651949604441));
#4733=CARTESIAN_POINT('',(10.0730967423235,-4.00000007450581,-12.8301376179327));
#4734=CARTESIAN_POINT('Origin',(10.8596451134853,-4.00000007450581,-12.2126089466771));
#4735=CARTESIAN_POINT('Origin',(8.5,-4.00000007450581,-14.0651949604441));
#4736=CARTESIAN_POINT('Origin',(6.17547150873111,-4.00000007450581,-6.2463610774621));
#4737=CARTESIAN_POINT('',(0.426903257676487,-4.00000007450581,-0.543748132837819));
#4738=CARTESIAN_POINT('Origin',(1.21345162883824,-4.00000007450581,0.0737805384178503));
#4739=CARTESIAN_POINT('',(5.38892313756936,-4.00000007450581,-6.86388974871777));
#4740=CARTESIAN_POINT('Ctrl Pts',(1.21345162883825,-5.00000007450581,0.0737805384178491));
#4741=CARTESIAN_POINT('Ctrl Pts',(1.,-5.00000007450581,0.345654604836759));
#4742=CARTESIAN_POINT('Ctrl Pts',(1.,-5.00000007450581,0.691309209673514));
#4743=CARTESIAN_POINT('Ctrl Pts',(0.426903257676486,-5.00000007450581,-0.54374813283782));
#4744=CARTESIAN_POINT('Ctrl Pts',(-1.94289029309402E-15,-5.00000007450581,
2.22044604925031E-15));
#4745=CARTESIAN_POINT('Ctrl Pts',(-2.4980018054066E-15,-5.00000007450581,
0.691309209673514));
#4746=CARTESIAN_POINT('Ctrl Pts',(0.426903257676488,-4.00000007450581,-0.543748132837818));
#4747=CARTESIAN_POINT('Ctrl Pts',(2.77555756156289E-16,-4.00000007450581,
3.05311331771918E-15));
#4748=CARTESIAN_POINT('Ctrl Pts',(-2.77555756156289E-16,-4.00000007450581,
0.691309209673514));
#4749=CARTESIAN_POINT('',(0.,-4.00000007450581,0.691309209673514));
#4750=CARTESIAN_POINT('Origin',(1.,-4.00000007450581,0.691309209673514));
#4751=CARTESIAN_POINT('Origin',(2.,-4.00000007450581,0.691309209673514));
#4752=CARTESIAN_POINT('Origin',(1.,-4.00000007450581,8.75000009313226));
#4753=CARTESIAN_POINT('',(0.,-4.00000007450581,10.0000001490116));
#4754=CARTESIAN_POINT('Origin',(1.,-4.00000007450581,10.0000001490116));
#4755=CARTESIAN_POINT('',(0.,-4.00000007450581,8.75000009313226));
#4756=CARTESIAN_POINT('Origin',(1.,0.,10.));
#4757=CARTESIAN_POINT('',(0.,4.00000007450581,10.0000001192093));
#4758=CARTESIAN_POINT('Origin',(1.,4.00000007450581,10.0000001192093));
#4759=CARTESIAN_POINT('Origin',(0.,0.,10.));
#4760=CARTESIAN_POINT('Origin',(1.,0.,10.));
#4761=CARTESIAN_POINT('Origin',(1.,4.00000007450581,3.75000001862645));
#4762=CARTESIAN_POINT('',(0.,4.00000007450581,0.691309209673513));
#4763=CARTESIAN_POINT('Origin',(1.,4.00000007450581,0.691309209673512));
#4764=CARTESIAN_POINT('',(0.,4.00000007450581,3.75000001862645));
#4765=CARTESIAN_POINT('Ctrl Pts',(1.,5.00000007450581,0.691309209673513));
#4766=CARTESIAN_POINT('Ctrl Pts',(1.,5.00000007450581,0.345654604836757));
#4767=CARTESIAN_POINT('Ctrl Pts',(1.21345162883824,5.00000007450581,0.0737805384178468));
#4768=CARTESIAN_POINT('Ctrl Pts',(0.,5.00000007450581,0.691309209673513));
#4769=CARTESIAN_POINT('Ctrl Pts',(5.55111512312578E-16,5.00000007450581,
1.2490009027033E-15));
#4770=CARTESIAN_POINT('Ctrl Pts',(0.426903257676488,5.00000007450581,-0.54374813283782));
#4771=CARTESIAN_POINT('Ctrl Pts',(0.,4.00000007450581,0.691309209673513));
#4772=CARTESIAN_POINT('Ctrl Pts',(5.55111512312578E-16,4.00000007450581,
1.2490009027033E-15));
#4773=CARTESIAN_POINT('Ctrl Pts',(0.426903257676488,4.00000007450581,-0.54374813283782));
#4774=CARTESIAN_POINT('',(0.426903257676487,4.00000007450581,-0.543748132837821));
#4775=CARTESIAN_POINT('Origin',(1.21345162883824,4.00000007450581,0.0737805384178463));
#4776=CARTESIAN_POINT('Origin',(2.,4.00000007450581,0.691309209673513));
#4777=CARTESIAN_POINT('Origin',(8.60405239752892,4.00000007450581,-9.3396528244418));
#4778=CARTESIAN_POINT('',(10.0730967423235,4.00000007450581,-12.8301376179327));
#4779=CARTESIAN_POINT('Origin',(10.8596451134853,4.00000007450581,-12.2126089466771));
#4780=CARTESIAN_POINT('',(7.81750402636717,4.00000007450581,-9.95718149569747));
#4781=CARTESIAN_POINT('Origin',(8.5,4.0000000745058,-14.0651949604441));
#4782=CARTESIAN_POINT('',(10.5,4.0000000745058,-14.0651949604441));
#4783=CARTESIAN_POINT('Origin',(11.5,4.0000000745058,-14.0651949604441));
#4784=CARTESIAN_POINT('Origin',(8.5,4.0000000745058,-14.0651949604441));
#4785=CARTESIAN_POINT('Origin',(11.5,4.00000007450581,-6.68694287538528));
#4786=CARTESIAN_POINT('',(10.5,4.00000007450581,-16.3738857507706));
#4787=CARTESIAN_POINT('',(10.5,4.00000007450581,-6.68694287538528));
#4788=CARTESIAN_POINT('',(10.5000033563119,4.00259094550369,-16.3738454750278));
#4789=CARTESIAN_POINT('Ctrl Pts',(11.4999970029432,5.00000007450132,-16.3738857506628));
#4790=CARTESIAN_POINT('Ctrl Pts',(11.4331605616315,4.99999987418871,-16.3738809431743));
#4791=CARTESIAN_POINT('Ctrl Pts',(11.3664332313943,4.99329694517651,-16.3730116507082));
#4792=CARTESIAN_POINT('Ctrl Pts',(11.2353068909103,4.96664939479276,-16.3710454913715));
#4793=CARTESIAN_POINT('Ctrl Pts',(11.171263812123,4.94678752511104,-16.369904261734));
#4794=CARTESIAN_POINT('Ctrl Pts',(10.9898884433591,4.86989421904035,-16.3667976211339));
#4795=CARTESIAN_POINT('Ctrl Pts',(10.8811448107309,4.79621135656858,-16.3651083247734));
#4796=CARTESIAN_POINT('Ctrl Pts',(10.6980182148186,4.61134777687958,-16.3637415312357));
#4797=CARTESIAN_POINT('Ctrl Pts',(10.6253814430552,4.50195746766259,-16.3640415159984));
#4798=CARTESIAN_POINT('Ctrl Pts',(10.5260540521215,4.26146214305952,-16.3670939118229));
#4799=CARTESIAN_POINT('Ctrl Pts',(10.5003403610574,4.13266442838388,-16.369801418082));
#4800=CARTESIAN_POINT('Ctrl Pts',(10.5000033563119,4.00259094550369,-16.3738454750278));
#4801=CARTESIAN_POINT('Origin',(11.5,4.00000007450581,-4.37388575077056));
#4802=CARTESIAN_POINT('Origin',(11.5619591578347,3.96988592483944,-15.6719704355471));
#4803=CARTESIAN_POINT('',(10.5654133995898,3.96988592483944,-15.5889249556933));
#4804=CARTESIAN_POINT('Origin',(0.,0.,7.5000000372529));
#4805=CARTESIAN_POINT('',(0.,2.5000000372529,0.691309209673513));
#4806=CARTESIAN_POINT('',(0.,-2.05,10.));
#4807=CARTESIAN_POINT('Origin',(0.,0.,10.));
#4808=CARTESIAN_POINT('Origin',(2.,2.5000000372529,0.691309209673513));
#4809=CARTESIAN_POINT('',(0.426903257676487,2.5000000372529,-0.54374813283782));
#4810=CARTESIAN_POINT('Origin',(0.,5.00000007450581,0.));
#4811=CARTESIAN_POINT('',(10.0730967423235,-1.1525034009356E-15,-12.8301376179327));
#4812=CARTESIAN_POINT('Origin',(8.5,-1.41010271461654E-15,-14.0651949604441));
#4813=CARTESIAN_POINT('',(10.5,-1.41010271461654E-15,-14.0651949604441));
#4814=CARTESIAN_POINT('Origin',(10.5,-5.00000007450581,-13.3738857507706));
#4815=CARTESIAN_POINT('',(10.5,6.16297582203915E-32,-16.3738857507706));
#4816=CARTESIAN_POINT('Origin',(10.5,5.00000007450581,-16.3738857507706));
#4817=CARTESIAN_POINT('Origin',(5.,-5.00000007450581,0.));
#4818=CARTESIAN_POINT('',(16.5803758692806,-5.00000007450581,-9.99191121462838));
#4819=CARTESIAN_POINT('Origin',(34.,-2.5000000372529,0.915911034604598));
#4820=CARTESIAN_POINT('',(35.3065413769065,-2.5000000372529,-0.598337832138052));
#4821=CARTESIAN_POINT('',(36.,-2.5000000372529,0.915911034604598));
#4822=CARTESIAN_POINT('Origin',(36.,0.,7.5000000372529));
#4823=CARTESIAN_POINT('',(36.,-2.05,10.));
#4824=CARTESIAN_POINT('Origin',(36.,0.,10.));
#4825=CARTESIAN_POINT('Origin',(39.,2.5000000372529,0.691309209673514));
#4826=CARTESIAN_POINT('',(40.5730967423235,2.5000000372529,-0.54374813283782));
#4827=CARTESIAN_POINT('',(41.,2.5000000372529,0.691309209673514));
#4828=CARTESIAN_POINT('Origin',(41.,5.00000007450581,0.));
#4829=CARTESIAN_POINT('',(30.9269032576765,5.00000007450581,-12.8301376179327));
#4830=CARTESIAN_POINT('Origin',(32.5,5.00000007450581,-14.0651949604441));
#4831=CARTESIAN_POINT('',(30.5,5.00000007450581,-14.0651949604441));
#4832=CARTESIAN_POINT('Origin',(30.5,5.00000007450581,-13.3738857507706));
#4833=CARTESIAN_POINT('Origin',(20.5,-5.00000007450581,-5.44916461440043));
#4834=CARTESIAN_POINT('',(24.4196241307194,-5.00000007450581,-9.99191121462837));
#4835=CARTESIAN_POINT('Origin',(36.,-5.00000007450581,0.));
#4836=CARTESIAN_POINT('Origin',(41.,0.,10.));
#4837=CARTESIAN_POINT('',(41.,-2.05,10.));
#4838=CARTESIAN_POINT('',(41.,-2.05,10.));
#4839=CARTESIAN_POINT('Origin',(41.,0.,10.));
#4840=CARTESIAN_POINT('Origin',(41.,0.,7.5000000372529));
#4841=CARTESIAN_POINT('Origin',(0.,0.,10.));
#4842=CARTESIAN_POINT('',(0.,-2.05,10.));
#4843=CARTESIAN_POINT('Origin',(0.,0.,10.));
#4844=UNCERTAINTY_MEASURE_WITH_UNIT(LENGTH_MEASURE(0.01),#4848,
'DISTANCE_ACCURACY_VALUE',
'Maximum model space distance between geometric entities at asserted c
onnectivities');
#4845=UNCERTAINTY_MEASURE_WITH_UNIT(LENGTH_MEASURE(0.01),#4848,
'DISTANCE_ACCURACY_VALUE',
'Maximum model space distance between geometric entities at asserted c
onnectivities');
#4846=(
GEOMETRIC_REPRESENTATION_CONTEXT(3)
GLOBAL_UNCERTAINTY_ASSIGNED_CONTEXT((#4844))
GLOBAL_UNIT_ASSIGNED_CONTEXT((#4848,#4850,#4851))
REPRESENTATION_CONTEXT('','3D')
);
#4847=(
GEOMETRIC_REPRESENTATION_CONTEXT(3)
GLOBAL_UNCERTAINTY_ASSIGNED_CONTEXT((#4845))
GLOBAL_UNIT_ASSIGNED_CONTEXT((#4848,#4850,#4851))
REPRESENTATION_CONTEXT('','3D')
);
#4848=(
LENGTH_UNIT()
NAMED_UNIT(*)
SI_UNIT(.MILLI.,.METRE.)
);
#4849=(
LENGTH_UNIT()
NAMED_UNIT(*)
SI_UNIT($,.METRE.)
);
#4850=(
NAMED_UNIT(*)
PLANE_ANGLE_UNIT()
SI_UNIT($,.RADIAN.)
);
#4851=(
NAMED_UNIT(*)
SI_UNIT($,.STERADIAN.)
SOLID_ANGLE_UNIT()
);
#4852=SHAPE_DEFINITION_REPRESENTATION(#4853,#4854);
#4853=PRODUCT_DEFINITION_SHAPE('',$,#4856);
#4854=SHAPE_REPRESENTATION('',(#2664),#4846);
#4855=PRODUCT_DEFINITION_CONTEXT('part definition',#4860,'design');
#4856=PRODUCT_DEFINITION('2026-07-04-19-48-24-137','soporte',#4857,#4855);
#4857=PRODUCT_DEFINITION_FORMATION('',$,#4862);
#4858=PRODUCT_RELATED_PRODUCT_CATEGORY('soporte','soporte',(#4862));
#4859=APPLICATION_PROTOCOL_DEFINITION('international standard',
'automotive_design',2009,#4860);
#4860=APPLICATION_CONTEXT(
'Core Data for Automotive Mechanical Design Process');
#4861=PRODUCT_CONTEXT('part definition',#4860,'mechanical');
#4862=PRODUCT('2026-07-04-19-48-24-137','soporte',$,(#4861));
#4863=PRESENTATION_STYLE_ASSIGNMENT((#4864));
#4864=SURFACE_STYLE_USAGE(.BOTH.,#4865);
#4865=SURFACE_SIDE_STYLE('',(#4866));
#4866=SURFACE_STYLE_FILL_AREA(#4867);
#4867=FILL_AREA_STYLE('Acero - Satinado',(#4868));
#4868=FILL_AREA_STYLE_COLOUR('Acero - Satinado',#4869);
#4869=COLOUR_RGB('Acero - Satinado',0.627450980392157,0.627450980392157,
0.627450980392157);
ENDSEC;
END-ISO-10303-21;
