ISO-10303-21;
HEADER;
/* Generated by software containing ST-Developer
 * from STEP Tools, Inc. (www.steptools.com) 
 */

FILE_DESCRIPTION(
/* description */ (''),
/* implementation_level */ '2;1');

FILE_NAME(
/* name */ 'platform.step',
/* time_stamp */ '2026-09-16T17:27:26+02:00',
/* author */ (''),
/* organization */ (''),
/* preprocessor_version */ 'ST-DEVELOPER v20.2',
/* originating_system */ 'Autodesk Translation Framework v15.15.0.0',
/* authorisation */ '');

FILE_SCHEMA (('AUTOMOTIVE_DESIGN { 1 0 10303 214 3 1 1 }'));
ENDSEC;

DATA;
#10=MECHANICAL_DESIGN_GEOMETRIC_PRESENTATION_REPRESENTATION('',(#13),#5089);
#11=SHAPE_REPRESENTATION_RELATIONSHIP('SRR','None',#5096,#12);
#12=ADVANCED_BREP_SHAPE_REPRESENTATION('',(#14),#5088);
#13=STYLED_ITEM('',(#5105),#14);
#14=MANIFOLD_SOLID_BREP('Cuerpo2',#2549);
#15=ELLIPSE('',#2611,3.60555127546399,3.);
#16=ELLIPSE('',#2670,3.60555127546399,3.);
#17=ELLIPSE('',#2675,3.60555127546399,3.);
#18=ELLIPSE('',#2830,3.60555127546399,3.);
#19=ELLIPSE('',#2831,3.60555127546399,3.);
#20=ELLIPSE('',#2833,3.60555127546399,3.);
#21=ELLIPSE('',#2835,3.60555127546399,3.);
#22=ELLIPSE('',#2837,3.60555127546399,3.);
#23=FACE_BOUND('',#335,.T.);
#24=FACE_BOUND('',#364,.T.);
#25=FACE_BOUND('',#394,.T.);
#26=FACE_BOUND('',#395,.T.);
#27=FACE_BOUND('',#396,.T.);
#28=FACE_BOUND('',#408,.T.);
#29=FACE_BOUND('',#427,.T.);
#30=FACE_BOUND('',#438,.T.);
#31=FACE_BOUND('',#442,.T.);
#32=FACE_BOUND('',#462,.T.);
#33=FACE_BOUND('',#481,.T.);
#34=PLANE('',#2607);
#35=PLANE('',#2671);
#36=PLANE('',#2681);
#37=PLANE('',#2683);
#38=PLANE('',#2688);
#39=PLANE('',#2692);
#40=PLANE('',#2696);
#41=PLANE('',#2700);
#42=PLANE('',#2704);
#43=PLANE('',#2705);
#44=PLANE('',#2715);
#45=PLANE('',#2718);
#46=PLANE('',#2721);
#47=PLANE('',#2724);
#48=PLANE('',#2727);
#49=PLANE('',#2728);
#50=PLANE('',#2765);
#51=PLANE('',#2770);
#52=PLANE('',#2783);
#53=PLANE('',#2804);
#54=PLANE('',#2809);
#55=PLANE('',#2816);
#56=PLANE('',#2823);
#57=PLANE('',#2828);
#58=PLANE('',#2856);
#59=PLANE('',#2858);
#60=PLANE('',#2861);
#61=PLANE('',#2864);
#62=PLANE('',#2866);
#63=PLANE('',#2868);
#64=PLANE('',#2869);
#65=PLANE('',#2873);
#66=PLANE('',#2879);
#67=PLANE('',#2880);
#68=PLANE('',#2883);
#69=TOROIDAL_SURFACE('',#2567,4.,1.);
#70=TOROIDAL_SURFACE('',#2574,4.,1.);
#71=TOROIDAL_SURFACE('',#2580,4.,1.);
#72=TOROIDAL_SURFACE('',#2589,4.,1.);
#73=TOROIDAL_SURFACE('',#2596,4.,1.);
#74=TOROIDAL_SURFACE('',#2602,4.,1.);
#75=TOROIDAL_SURFACE('',#2612,4.,3.);
#76=TOROIDAL_SURFACE('',#2617,4.,3.);
#77=TOROIDAL_SURFACE('',#2621,4.,1.);
#78=TOROIDAL_SURFACE('',#2628,4.,1.);
#79=TOROIDAL_SURFACE('',#2634,4.,1.);
#80=TOROIDAL_SURFACE('',#2643,4.,1.);
#81=TOROIDAL_SURFACE('',#2650,4.,1.);
#82=TOROIDAL_SURFACE('',#2656,4.,1.);
#83=TOROIDAL_SURFACE('',#2665,4.,3.);
#84=TOROIDAL_SURFACE('',#2676,4.,3.);
#85=TOROIDAL_SURFACE('',#2745,3.,2.);
#86=TOROIDAL_SURFACE('',#2751,3.,2.);
#87=TOROIDAL_SURFACE('',#2756,3.,2.);
#88=TOROIDAL_SURFACE('',#2761,3.,2.);
#89=TOROIDAL_SURFACE('',#2775,3.99999999999998,1.);
#90=TOROIDAL_SURFACE('',#2779,3.99999999999998,1.);
#91=TOROIDAL_SURFACE('',#2784,3.,2.);
#92=TOROIDAL_SURFACE('',#2790,3.,2.);
#93=TOROIDAL_SURFACE('',#2795,3.,2.);
#94=TOROIDAL_SURFACE('',#2800,3.,2.);
#95=TOROIDAL_SURFACE('',#2812,4.00000007450581,1.);
#96=TOROIDAL_SURFACE('',#2819,4.00000007450581,1.);
#97=TOROIDAL_SURFACE('',#2840,4.,3.);
#98=TOROIDAL_SURFACE('',#2844,4.,3.);
#99=TOROIDAL_SURFACE('',#2850,4.,3.);
#100=TOROIDAL_SURFACE('',#2854,4.,3.);
#101=B_SPLINE_CURVE_WITH_KNOTS('',3,(#3722,#3723,#3724,#3725,#3726,#3727,
#3728),.UNSPECIFIED.,.F.,.F.,(4,3,4),(-0.0122067151511196,-0.00523144935182024,
0.),.UNSPECIFIED.);
#102=B_SPLINE_CURVE_WITH_KNOTS('',3,(#3729,#3730,#3731,#3732,#3733),
 .UNSPECIFIED.,.F.,.F.,(4,1,4),(-3.51868732267805E-19,0.00523144935182021,
0.0122067151542472),.UNSPECIFIED.);
#103=B_SPLINE_CURVE_WITH_KNOTS('',3,(#3787,#3788,#3789,#3790),
 .UNSPECIFIED.,.F.,.F.,(4,4),(-0.141833210946964,0.),.UNSPECIFIED.);
#104=B_SPLINE_CURVE_WITH_KNOTS('',3,(#3791,#3792,#3793,#3794),
 .UNSPECIFIED.,.F.,.F.,(4,4),(0.,0.141833210946964),.UNSPECIFIED.);
#105=B_SPLINE_CURVE_WITH_KNOTS('',3,(#3837,#3838,#3839,#3840,#3841,#3842),
 .UNSPECIFIED.,.F.,.F.,(4,1,1,4),(-0.0122067151542476,-0.0069752658024272,
-0.0034876329012136,1.96802750872971E-18),.UNSPECIFIED.);
#106=B_SPLINE_CURVE_WITH_KNOTS('',3,(#3843,#3844,#3845,#3846,#3847,#3848),
 .UNSPECIFIED.,.F.,.F.,(4,1,1,4),(-1.96802750872971E-18,0.0034876329012136,
0.0069752658024272,0.0122067151542476),.UNSPECIFIED.);
#107=B_SPLINE_CURVE_WITH_KNOTS('',3,(#3869,#3870,#3871,#3872),
 .UNSPECIFIED.,.F.,.F.,(4,4),(-0.141833210946961,0.),.UNSPECIFIED.);
#108=B_SPLINE_CURVE_WITH_KNOTS('',3,(#3873,#3874,#3875,#3876),
 .UNSPECIFIED.,.F.,.F.,(4,4),(0.,0.141833210946961),.UNSPECIFIED.);
#109=B_SPLINE_CURVE_WITH_KNOTS('',3,(#3905,#3906,#3907,#3908,#3909,#3910,
#3911),.UNSPECIFIED.,.F.,.F.,(4,3,4),(-0.0122067151511197,-0.00523144935182012,
0.),.UNSPECIFIED.);
#110=B_SPLINE_CURVE_WITH_KNOTS('',3,(#3912,#3913,#3914,#3915,#3916),
 .UNSPECIFIED.,.F.,.F.,(4,1,4),(-9.11919070572262E-17,0.00523144935182013,
0.0122067151542471),.UNSPECIFIED.);
#111=B_SPLINE_CURVE_WITH_KNOTS('',3,(#3970,#3971,#3972,#3973),
 .UNSPECIFIED.,.F.,.F.,(4,4),(-0.141833210946961,0.),.UNSPECIFIED.);
#112=B_SPLINE_CURVE_WITH_KNOTS('',3,(#3974,#3975,#3976,#3977),
 .UNSPECIFIED.,.F.,.F.,(4,4),(0.,0.141833210946961),.UNSPECIFIED.);
#113=B_SPLINE_CURVE_WITH_KNOTS('',3,(#4011,#4012,#4013,#4014,#4015,#4016),
 .UNSPECIFIED.,.F.,.F.,(4,1,1,4),(-0.0122067151542471,-0.00697526580242689,
-0.00348763290121339,1.06516075300541E-16),.UNSPECIFIED.);
#114=B_SPLINE_CURVE_WITH_KNOTS('',3,(#4017,#4018,#4019,#4020,#4021,#4022),
 .UNSPECIFIED.,.F.,.F.,(4,1,1,4),(-1.06516075300541E-16,0.00348763290121339,
0.00697526580242689,0.0122067151542471),.UNSPECIFIED.);
#115=B_SPLINE_CURVE_WITH_KNOTS('',3,(#4043,#4044,#4045,#4046),
 .UNSPECIFIED.,.F.,.F.,(4,4),(-0.141833210946964,-4.18593068177017E-17),
 .UNSPECIFIED.);
#116=B_SPLINE_CURVE_WITH_KNOTS('',3,(#4047,#4048,#4049,#4050),
 .UNSPECIFIED.,.F.,.F.,(4,4),(4.18593068177017E-17,0.141833210946964),
 .UNSPECIFIED.);
#117=B_SPLINE_CURVE_WITH_KNOTS('',3,(#4158,#4159,#4160,#4161,#4162,#4163),
 .UNSPECIFIED.,.F.,.F.,(4,1,1,4),(-0.0122067149583412,-0.00697526569048076,
-0.00348763284524049,-2.14753842288856E-16),.UNSPECIFIED.);
#118=B_SPLINE_CURVE_WITH_KNOTS('',3,(#4164,#4165,#4166,#4167,#4168,#4169),
 .UNSPECIFIED.,.F.,.F.,(4,1,1,4),(2.14753842288856E-16,0.00348763284524049,
0.00697526569048076,0.0122067149583412),.UNSPECIFIED.);
#119=B_SPLINE_CURVE_WITH_KNOTS('',3,(#4190,#4191,#4192,#4193),
 .UNSPECIFIED.,.F.,.F.,(4,4),(-0.141833213722602,-2.69730395630258E-17),
 .UNSPECIFIED.);
#120=B_SPLINE_CURVE_WITH_KNOTS('',3,(#4194,#4195,#4196,#4197),
 .UNSPECIFIED.,.F.,.F.,(4,4),(2.69730395630258E-17,0.141833213722602),
 .UNSPECIFIED.);
#121=B_SPLINE_CURVE_WITH_KNOTS('',3,(#4226,#4227,#4228,#4229,#4230,#4231,
#4232),.UNSPECIFIED.,.F.,.F.,(4,3,4),(-0.0122067151511196,-0.00523144935182036,
0.),.UNSPECIFIED.);
#122=B_SPLINE_CURVE_WITH_KNOTS('',3,(#4233,#4234,#4235,#4236,#4237),
 .UNSPECIFIED.,.F.,.F.,(4,1,4),(-1.20152620273591E-18,0.00523144935182045,
0.0122067151542477),.UNSPECIFIED.);
#123=B_SPLINE_CURVE_WITH_KNOTS('',3,(#4291,#4292,#4293,#4294),
 .UNSPECIFIED.,.F.,.F.,(4,4),(-0.141833210946963,0.),.UNSPECIFIED.);
#124=B_SPLINE_CURVE_WITH_KNOTS('',3,(#4295,#4296,#4297,#4298),
 .UNSPECIFIED.,.F.,.F.,(4,4),(0.,0.141833210946963),.UNSPECIFIED.);
#125=B_SPLINE_CURVE_WITH_KNOTS('',3,(#4341,#4342,#4343,#4344,#4345,#4346),
 .UNSPECIFIED.,.F.,.F.,(4,1,1,4),(-0.0122067149583406,-0.00697526569048035,
-0.00348763284524018,-5.73736770117115E-18),.UNSPECIFIED.);
#126=B_SPLINE_CURVE_WITH_KNOTS('',3,(#4347,#4348,#4349,#4350,#4351,#4352),
 .UNSPECIFIED.,.F.,.F.,(4,1,1,4),(5.73736770117115E-18,0.00348763284524018,
0.00697526569048035,0.0122067149583406),.UNSPECIFIED.);
#127=B_SPLINE_CURVE_WITH_KNOTS('',3,(#4373,#4374,#4375,#4376),
 .UNSPECIFIED.,.F.,.F.,(4,4),(-0.141833213722604,0.),.UNSPECIFIED.);
#128=B_SPLINE_CURVE_WITH_KNOTS('',3,(#4377,#4378,#4379,#4380),
 .UNSPECIFIED.,.F.,.F.,(4,4),(0.,0.141833213722604),.UNSPECIFIED.);
#129=B_SPLINE_CURVE_WITH_KNOTS('',3,(#4409,#4410,#4411,#4412,#4413,#4414,
#4415),.UNSPECIFIED.,.F.,.F.,(4,3,4),(-0.0122067151511193,-0.00523144935182032,
-4.44089209850063E-16),.UNSPECIFIED.);
#130=B_SPLINE_CURVE_WITH_KNOTS('',3,(#4416,#4417,#4418,#4419,#4420),
 .UNSPECIFIED.,.F.,.F.,(4,1,4),(4.43694473301241E-16,0.00523144935182032,
0.0122067151542468),.UNSPECIFIED.);
#131=B_SPLINE_CURVE_WITH_KNOTS('',3,(#4441,#4442,#4443,#4444),
 .UNSPECIFIED.,.F.,.F.,(4,4),(-0.141833210946965,0.),.UNSPECIFIED.);
#132=B_SPLINE_CURVE_WITH_KNOTS('',3,(#4445,#4446,#4447,#4448),
 .UNSPECIFIED.,.F.,.F.,(4,4),(0.,0.141833210946965),.UNSPECIFIED.);
#133=B_SPLINE_CURVE_WITH_KNOTS('',3,(#5010,#5011,#5012,#5013,#5014,#5015,
#5016,#5017,#5018,#5019),.UNSPECIFIED.,.F.,.F.,(4,2,2,2,4),(0.,0.0709406715187285,
0.14417024510245,0.216297994177645,0.216817697635163),.UNSPECIFIED.);
#134=B_SPLINE_CURVE_WITH_KNOTS('',3,(#5026,#5027,#5028,#5029,#5030,#5031,
#5032,#5033,#5034,#5035),.UNSPECIFIED.,.F.,.F.,(4,2,2,2,4),(-0.00072395876751106,
0.,0.100475599244955,0.202486065155998,0.301308038294941),.UNSPECIFIED.);
#135=B_SPLINE_CURVE_WITH_KNOTS('',3,(#5052,#5053,#5054,#5055,#5056,#5057,
#5058,#5059,#5060,#5061),.UNSPECIFIED.,.F.,.F.,(4,2,2,2,4),(-0.000746646683136774,
0.,0.113985387104594,0.217109758167247,0.298855609610133),.UNSPECIFIED.);
#136=B_SPLINE_CURVE_WITH_KNOTS('',3,(#5063,#5064,#5065,#5066,#5067,#5068,
#5069,#5070,#5071,#5072),.UNSPECIFIED.,.F.,.F.,(4,2,2,2,4),(-0.000723958767415853,
0.,0.100475599217083,0.202486065098511,0.30130803820875),.UNSPECIFIED.);
#137=B_SPLINE_SURFACE_WITH_KNOTS('',3,3,((#3694,#3695,#3696,#3697,#3698),
(#3699,#3700,#3701,#3702,#3703),(#3704,#3705,#3706,#3707,#3708),(#3709,
#3710,#3711,#3712,#3713),(#3714,#3715,#3716,#3717,#3718)),.UNSPECIFIED.,
 .F.,.F.,.F.,(4,1,4),(4,1,4),(0.,0.571428571428571,1.),(-3.51868732267805E-19,
0.00523144935182021,0.0122067151542472),.UNSPECIFIED.);
#138=B_SPLINE_SURFACE_WITH_KNOTS('',3,3,((#3767,#3768,#3769,#3770),(#3771,
#3772,#3773,#3774),(#3775,#3776,#3777,#3778),(#3779,#3780,#3781,#3782),
(#3783,#3784,#3785,#3786)),.UNSPECIFIED.,.F.,.F.,.F.,(4,1,4),(4,4),(0.,
0.571428571428571,1.),(0.,0.141833210946964),.UNSPECIFIED.);
#139=B_SPLINE_SURFACE_WITH_KNOTS('',3,3,((#3804,#3805,#3806,#3807,#3808,
#3809),(#3810,#3811,#3812,#3813,#3814,#3815),(#3816,#3817,#3818,#3819,#3820,
#3821),(#3822,#3823,#3824,#3825,#3826,#3827),(#3828,#3829,#3830,#3831,#3832,
#3833)),.UNSPECIFIED.,.F.,.F.,.F.,(4,1,4),(4,1,1,4),(0.,0.571428571428571,
1.),(-0.0122067151542476,-0.0069752658024272,-0.0034876329012136,1.96802750872971E-18),
 .UNSPECIFIED.);
#140=B_SPLINE_SURFACE_WITH_KNOTS('',3,3,((#3849,#3850,#3851,#3852),(#3853,
#3854,#3855,#3856),(#3857,#3858,#3859,#3860),(#3861,#3862,#3863,#3864),
(#3865,#3866,#3867,#3868)),.UNSPECIFIED.,.F.,.F.,.F.,(4,1,4),(4,4),(0.,
0.571428571428571,1.),(0.,0.141833210946961),.UNSPECIFIED.);
#141=B_SPLINE_SURFACE_WITH_KNOTS('',3,3,((#3877,#3878,#3879,#3880,#3881),
(#3882,#3883,#3884,#3885,#3886),(#3887,#3888,#3889,#3890,#3891),(#3892,
#3893,#3894,#3895,#3896),(#3897,#3898,#3899,#3900,#3901)),.UNSPECIFIED.,
 .F.,.F.,.F.,(4,1,4),(4,1,4),(0.,0.571428571428571,1.),(-9.11919070572262E-17,
0.00523144935182013,0.0122067151542471),.UNSPECIFIED.);
#142=B_SPLINE_SURFACE_WITH_KNOTS('',3,3,((#3950,#3951,#3952,#3953),(#3954,
#3955,#3956,#3957),(#3958,#3959,#3960,#3961),(#3962,#3963,#3964,#3965),
(#3966,#3967,#3968,#3969)),.UNSPECIFIED.,.F.,.F.,.F.,(4,1,4),(4,4),(0.,
0.571428571428571,1.),(0.,0.141833210946961),.UNSPECIFIED.);
#143=B_SPLINE_SURFACE_WITH_KNOTS('',3,3,((#3978,#3979,#3980,#3981,#3982,
#3983),(#3984,#3985,#3986,#3987,#3988,#3989),(#3990,#3991,#3992,#3993,#3994,
#3995),(#3996,#3997,#3998,#3999,#4000,#4001),(#4002,#4003,#4004,#4005,#4006,
#4007)),.UNSPECIFIED.,.F.,.F.,.F.,(4,1,4),(4,1,1,4),(0.,0.571428571428571,
1.),(-0.0122067151542471,-0.00697526580242689,-0.00348763290121339,1.06516075300541E-16),
 .UNSPECIFIED.);
#144=B_SPLINE_SURFACE_WITH_KNOTS('',3,3,((#4023,#4024,#4025,#4026),(#4027,
#4028,#4029,#4030),(#4031,#4032,#4033,#4034),(#4035,#4036,#4037,#4038),
(#4039,#4040,#4041,#4042)),.UNSPECIFIED.,.F.,.F.,.F.,(4,1,4),(4,4),(0.,
0.571428571428571,1.),(4.18593068177017E-17,0.141833210946964),
 .UNSPECIFIED.);
#145=B_SPLINE_SURFACE_WITH_KNOTS('',3,3,((#4125,#4126,#4127,#4128,#4129,
#4130),(#4131,#4132,#4133,#4134,#4135,#4136),(#4137,#4138,#4139,#4140,#4141,
#4142),(#4143,#4144,#4145,#4146,#4147,#4148),(#4149,#4150,#4151,#4152,#4153,
#4154)),.UNSPECIFIED.,.F.,.F.,.F.,(4,1,4),(4,1,1,4),(0.,0.571428571428571,
1.),(-0.0122067149583412,-0.00697526569048076,-0.00348763284524049,-2.14753842288856E-16),
 .UNSPECIFIED.);
#146=B_SPLINE_SURFACE_WITH_KNOTS('',3,3,((#4170,#4171,#4172,#4173),(#4174,
#4175,#4176,#4177),(#4178,#4179,#4180,#4181),(#4182,#4183,#4184,#4185),
(#4186,#4187,#4188,#4189)),.UNSPECIFIED.,.F.,.F.,.F.,(4,1,4),(4,4),(0.,
0.571428571428571,1.),(2.69730395630258E-17,0.141833213722602),
 .UNSPECIFIED.);
#147=B_SPLINE_SURFACE_WITH_KNOTS('',3,3,((#4198,#4199,#4200,#4201,#4202),
(#4203,#4204,#4205,#4206,#4207),(#4208,#4209,#4210,#4211,#4212),(#4213,
#4214,#4215,#4216,#4217),(#4218,#4219,#4220,#4221,#4222)),.UNSPECIFIED.,
 .F.,.F.,.F.,(4,1,4),(4,1,4),(0.,0.571428571428571,1.),(-1.20152620273591E-18,
0.00523144935182045,0.0122067151542477),.UNSPECIFIED.);
#148=B_SPLINE_SURFACE_WITH_KNOTS('',3,3,((#4271,#4272,#4273,#4274),(#4275,
#4276,#4277,#4278),(#4279,#4280,#4281,#4282),(#4283,#4284,#4285,#4286),
(#4287,#4288,#4289,#4290)),.UNSPECIFIED.,.F.,.F.,.F.,(4,1,4),(4,4),(0.,
0.571428571428571,1.),(0.,0.141833210946963),.UNSPECIFIED.);
#149=B_SPLINE_SURFACE_WITH_KNOTS('',3,3,((#4308,#4309,#4310,#4311,#4312,
#4313),(#4314,#4315,#4316,#4317,#4318,#4319),(#4320,#4321,#4322,#4323,#4324,
#4325),(#4326,#4327,#4328,#4329,#4330,#4331),(#4332,#4333,#4334,#4335,#4336,
#4337)),.UNSPECIFIED.,.F.,.F.,.F.,(4,1,4),(4,1,1,4),(0.,0.571428571428571,
1.),(-0.0122067149583406,-0.00697526569048035,-0.00348763284524018,-5.73736770117115E-18),
 .UNSPECIFIED.);
#150=B_SPLINE_SURFACE_WITH_KNOTS('',3,3,((#4353,#4354,#4355,#4356),(#4357,
#4358,#4359,#4360),(#4361,#4362,#4363,#4364),(#4365,#4366,#4367,#4368),
(#4369,#4370,#4371,#4372)),.UNSPECIFIED.,.F.,.F.,.F.,(4,1,4),(4,4),(0.,
0.571428571428571,1.),(0.,0.141833213722604),.UNSPECIFIED.);
#151=B_SPLINE_SURFACE_WITH_KNOTS('',3,3,((#4381,#4382,#4383,#4384,#4385),
(#4386,#4387,#4388,#4389,#4390),(#4391,#4392,#4393,#4394,#4395),(#4396,
#4397,#4398,#4399,#4400),(#4401,#4402,#4403,#4404,#4405)),.UNSPECIFIED.,
 .F.,.F.,.F.,(4,1,4),(4,1,4),(0.,0.571428571428571,1.),(4.43694473301241E-16,
0.00523144935182032,0.0122067151542468),.UNSPECIFIED.);
#152=B_SPLINE_SURFACE_WITH_KNOTS('',3,3,((#4421,#4422,#4423,#4424),(#4425,
#4426,#4427,#4428),(#4429,#4430,#4431,#4432),(#4433,#4434,#4435,#4436),
(#4437,#4438,#4439,#4440)),.UNSPECIFIED.,.F.,.F.,.F.,(4,1,4),(4,4),(0.,
0.571428571428571,1.),(0.,0.141833210946965),.UNSPECIFIED.);
#153=B_SPLINE_SURFACE_WITH_KNOTS('',3,3,((#4838,#4839,#4840,#4841,#4842,
#4843),(#4844,#4845,#4846,#4847,#4848,#4849),(#4850,#4851,#4852,#4853,#4854,
#4855),(#4856,#4857,#4858,#4859,#4860,#4861),(#4862,#4863,#4864,#4865,#4866,
#4867)),.UNSPECIFIED.,.F.,.F.,.F.,(4,1,4),(4,1,1,4),(0.,0.571428571428571,
1.),(-1.5707963267949,-0.897597901025655,-0.448798950512828,0.),
 .UNSPECIFIED.);
#154=B_SPLINE_SURFACE_WITH_KNOTS('',3,3,((#4872,#4873,#4874,#4875,#4876,
#4877),(#4878,#4879,#4880,#4881,#4882,#4883),(#4884,#4885,#4886,#4887,#4888,
#4889),(#4890,#4891,#4892,#4893,#4894,#4895),(#4896,#4897,#4898,#4899,#4900,
#4901)),.UNSPECIFIED.,.F.,.F.,.F.,(4,1,4),(4,1,1,4),(0.,0.571428571428571,
1.),(-1.5707963267949,-0.897597901025655,-0.448798950512828,-2.77555756156289E-16),
 .UNSPECIFIED.);
#155=B_SPLINE_SURFACE_WITH_KNOTS('',3,3,((#4905,#4906,#4907,#4908,#4909,
#4910),(#4911,#4912,#4913,#4914,#4915,#4916),(#4917,#4918,#4919,#4920,#4921,
#4922),(#4923,#4924,#4925,#4926,#4927,#4928),(#4929,#4930,#4931,#4932,#4933,
#4934)),.UNSPECIFIED.,.F.,.F.,.F.,(4,1,4),(4,1,1,4),(0.,0.571428571428571,
1.),(-1.5707963267949,-0.897597901025655,-0.448798950512828,5.39691748081673E-17),
 .UNSPECIFIED.);
#156=B_SPLINE_SURFACE_WITH_KNOTS('',3,3,((#4938,#4939,#4940,#4941,#4942,
#4943),(#4944,#4945,#4946,#4947,#4948,#4949),(#4950,#4951,#4952,#4953,#4954,
#4955),(#4956,#4957,#4958,#4959,#4960,#4961),(#4962,#4963,#4964,#4965,#4966,
#4967)),.UNSPECIFIED.,.F.,.F.,.F.,(4,1,4),(4,1,1,4),(0.,0.571428571428571,
1.),(-1.5707963267949,-0.897597901025655,-0.448798950512827,2.15876699232669E-16),
 .UNSPECIFIED.);
#157=FACE_OUTER_BOUND('',#314,.T.);
#158=FACE_OUTER_BOUND('',#315,.T.);
#159=FACE_OUTER_BOUND('',#316,.T.);
#160=FACE_OUTER_BOUND('',#317,.T.);
#161=FACE_OUTER_BOUND('',#318,.T.);
#162=FACE_OUTER_BOUND('',#319,.T.);
#163=FACE_OUTER_BOUND('',#320,.T.);
#164=FACE_OUTER_BOUND('',#321,.T.);
#165=FACE_OUTER_BOUND('',#322,.T.);
#166=FACE_OUTER_BOUND('',#323,.T.);
#167=FACE_OUTER_BOUND('',#324,.T.);
#168=FACE_OUTER_BOUND('',#325,.T.);
#169=FACE_OUTER_BOUND('',#326,.T.);
#170=FACE_OUTER_BOUND('',#327,.T.);
#171=FACE_OUTER_BOUND('',#328,.T.);
#172=FACE_OUTER_BOUND('',#329,.T.);
#173=FACE_OUTER_BOUND('',#330,.T.);
#174=FACE_OUTER_BOUND('',#331,.T.);
#175=FACE_OUTER_BOUND('',#332,.T.);
#176=FACE_OUTER_BOUND('',#333,.T.);
#177=FACE_OUTER_BOUND('',#334,.T.);
#178=FACE_OUTER_BOUND('',#336,.T.);
#179=FACE_OUTER_BOUND('',#337,.T.);
#180=FACE_OUTER_BOUND('',#338,.T.);
#181=FACE_OUTER_BOUND('',#339,.T.);
#182=FACE_OUTER_BOUND('',#340,.T.);
#183=FACE_OUTER_BOUND('',#341,.T.);
#184=FACE_OUTER_BOUND('',#342,.T.);
#185=FACE_OUTER_BOUND('',#343,.T.);
#186=FACE_OUTER_BOUND('',#344,.T.);
#187=FACE_OUTER_BOUND('',#345,.T.);
#188=FACE_OUTER_BOUND('',#346,.T.);
#189=FACE_OUTER_BOUND('',#347,.T.);
#190=FACE_OUTER_BOUND('',#348,.T.);
#191=FACE_OUTER_BOUND('',#349,.T.);
#192=FACE_OUTER_BOUND('',#350,.T.);
#193=FACE_OUTER_BOUND('',#351,.T.);
#194=FACE_OUTER_BOUND('',#352,.T.);
#195=FACE_OUTER_BOUND('',#353,.T.);
#196=FACE_OUTER_BOUND('',#354,.T.);
#197=FACE_OUTER_BOUND('',#355,.T.);
#198=FACE_OUTER_BOUND('',#356,.T.);
#199=FACE_OUTER_BOUND('',#357,.T.);
#200=FACE_OUTER_BOUND('',#358,.T.);
#201=FACE_OUTER_BOUND('',#359,.T.);
#202=FACE_OUTER_BOUND('',#360,.T.);
#203=FACE_OUTER_BOUND('',#361,.T.);
#204=FACE_OUTER_BOUND('',#362,.T.);
#205=FACE_OUTER_BOUND('',#363,.T.);
#206=FACE_OUTER_BOUND('',#365,.T.);
#207=FACE_OUTER_BOUND('',#366,.T.);
#208=FACE_OUTER_BOUND('',#367,.T.);
#209=FACE_OUTER_BOUND('',#368,.T.);
#210=FACE_OUTER_BOUND('',#369,.T.);
#211=FACE_OUTER_BOUND('',#370,.T.);
#212=FACE_OUTER_BOUND('',#371,.T.);
#213=FACE_OUTER_BOUND('',#372,.T.);
#214=FACE_OUTER_BOUND('',#373,.T.);
#215=FACE_OUTER_BOUND('',#374,.T.);
#216=FACE_OUTER_BOUND('',#375,.T.);
#217=FACE_OUTER_BOUND('',#376,.T.);
#218=FACE_OUTER_BOUND('',#377,.T.);
#219=FACE_OUTER_BOUND('',#378,.T.);
#220=FACE_OUTER_BOUND('',#379,.T.);
#221=FACE_OUTER_BOUND('',#380,.T.);
#222=FACE_OUTER_BOUND('',#381,.T.);
#223=FACE_OUTER_BOUND('',#382,.T.);
#224=FACE_OUTER_BOUND('',#383,.T.);
#225=FACE_OUTER_BOUND('',#384,.T.);
#226=FACE_OUTER_BOUND('',#385,.T.);
#227=FACE_OUTER_BOUND('',#386,.T.);
#228=FACE_OUTER_BOUND('',#387,.T.);
#229=FACE_OUTER_BOUND('',#388,.T.);
#230=FACE_OUTER_BOUND('',#389,.T.);
#231=FACE_OUTER_BOUND('',#390,.T.);
#232=FACE_OUTER_BOUND('',#391,.T.);
#233=FACE_OUTER_BOUND('',#392,.T.);
#234=FACE_OUTER_BOUND('',#393,.T.);
#235=FACE_OUTER_BOUND('',#397,.T.);
#236=FACE_OUTER_BOUND('',#398,.T.);
#237=FACE_OUTER_BOUND('',#399,.T.);
#238=FACE_OUTER_BOUND('',#400,.T.);
#239=FACE_OUTER_BOUND('',#401,.T.);
#240=FACE_OUTER_BOUND('',#402,.T.);
#241=FACE_OUTER_BOUND('',#403,.T.);
#242=FACE_OUTER_BOUND('',#404,.T.);
#243=FACE_OUTER_BOUND('',#405,.T.);
#244=FACE_OUTER_BOUND('',#406,.T.);
#245=FACE_OUTER_BOUND('',#407,.T.);
#246=FACE_OUTER_BOUND('',#409,.T.);
#247=FACE_OUTER_BOUND('',#410,.T.);
#248=FACE_OUTER_BOUND('',#411,.T.);
#249=FACE_OUTER_BOUND('',#412,.T.);
#250=FACE_OUTER_BOUND('',#413,.T.);
#251=FACE_OUTER_BOUND('',#414,.T.);
#252=FACE_OUTER_BOUND('',#415,.T.);
#253=FACE_OUTER_BOUND('',#416,.T.);
#254=FACE_OUTER_BOUND('',#417,.T.);
#255=FACE_OUTER_BOUND('',#418,.T.);
#256=FACE_OUTER_BOUND('',#419,.T.);
#257=FACE_OUTER_BOUND('',#420,.T.);
#258=FACE_OUTER_BOUND('',#421,.T.);
#259=FACE_OUTER_BOUND('',#422,.T.);
#260=FACE_OUTER_BOUND('',#423,.T.);
#261=FACE_OUTER_BOUND('',#424,.T.);
#262=FACE_OUTER_BOUND('',#425,.T.);
#263=FACE_OUTER_BOUND('',#426,.T.);
#264=FACE_OUTER_BOUND('',#428,.T.);
#265=FACE_OUTER_BOUND('',#429,.T.);
#266=FACE_OUTER_BOUND('',#430,.T.);
#267=FACE_OUTER_BOUND('',#431,.T.);
#268=FACE_OUTER_BOUND('',#432,.T.);
#269=FACE_OUTER_BOUND('',#433,.T.);
#270=FACE_OUTER_BOUND('',#434,.T.);
#271=FACE_OUTER_BOUND('',#435,.T.);
#272=FACE_OUTER_BOUND('',#436,.T.);
#273=FACE_OUTER_BOUND('',#437,.T.);
#274=FACE_OUTER_BOUND('',#439,.T.);
#275=FACE_OUTER_BOUND('',#440,.T.);
#276=FACE_OUTER_BOUND('',#441,.T.);
#277=FACE_OUTER_BOUND('',#443,.T.);
#278=FACE_OUTER_BOUND('',#444,.T.);
#279=FACE_OUTER_BOUND('',#445,.T.);
#280=FACE_OUTER_BOUND('',#446,.T.);
#281=FACE_OUTER_BOUND('',#447,.T.);
#282=FACE_OUTER_BOUND('',#448,.T.);
#283=FACE_OUTER_BOUND('',#449,.T.);
#284=FACE_OUTER_BOUND('',#450,.T.);
#285=FACE_OUTER_BOUND('',#451,.T.);
#286=FACE_OUTER_BOUND('',#452,.T.);
#287=FACE_OUTER_BOUND('',#453,.T.);
#288=FACE_OUTER_BOUND('',#454,.T.);
#289=FACE_OUTER_BOUND('',#455,.T.);
#290=FACE_OUTER_BOUND('',#456,.T.);
#291=FACE_OUTER_BOUND('',#457,.T.);
#292=FACE_OUTER_BOUND('',#458,.T.);
#293=FACE_OUTER_BOUND('',#459,.T.);
#294=FACE_OUTER_BOUND('',#460,.T.);
#295=FACE_OUTER_BOUND('',#461,.T.);
#296=FACE_OUTER_BOUND('',#463,.T.);
#297=FACE_OUTER_BOUND('',#464,.T.);
#298=FACE_OUTER_BOUND('',#465,.T.);
#299=FACE_OUTER_BOUND('',#466,.T.);
#300=FACE_OUTER_BOUND('',#467,.T.);
#301=FACE_OUTER_BOUND('',#468,.T.);
#302=FACE_OUTER_BOUND('',#469,.T.);
#303=FACE_OUTER_BOUND('',#470,.T.);
#304=FACE_OUTER_BOUND('',#471,.T.);
#305=FACE_OUTER_BOUND('',#472,.T.);
#306=FACE_OUTER_BOUND('',#473,.T.);
#307=FACE_OUTER_BOUND('',#474,.T.);
#308=FACE_OUTER_BOUND('',#475,.T.);
#309=FACE_OUTER_BOUND('',#476,.T.);
#310=FACE_OUTER_BOUND('',#477,.T.);
#311=FACE_OUTER_BOUND('',#478,.T.);
#312=FACE_OUTER_BOUND('',#479,.T.);
#313=FACE_OUTER_BOUND('',#480,.T.);
#314=EDGE_LOOP('',(#1570,#1571,#1572,#1573));
#315=EDGE_LOOP('',(#1574,#1575,#1576,#1577));
#316=EDGE_LOOP('',(#1578,#1579,#1580,#1581));
#317=EDGE_LOOP('',(#1582,#1583,#1584,#1585));
#318=EDGE_LOOP('',(#1586,#1587,#1588,#1589));
#319=EDGE_LOOP('',(#1590,#1591,#1592,#1593));
#320=EDGE_LOOP('',(#1594,#1595,#1596,#1597));
#321=EDGE_LOOP('',(#1598,#1599,#1600,#1601));
#322=EDGE_LOOP('',(#1602,#1603,#1604,#1605));
#323=EDGE_LOOP('',(#1606,#1607,#1608,#1609));
#324=EDGE_LOOP('',(#1610,#1611,#1612,#1613));
#325=EDGE_LOOP('',(#1614,#1615,#1616,#1617));
#326=EDGE_LOOP('',(#1618,#1619,#1620,#1621));
#327=EDGE_LOOP('',(#1622,#1623,#1624,#1625));
#328=EDGE_LOOP('',(#1626,#1627,#1628,#1629));
#329=EDGE_LOOP('',(#1630,#1631,#1632,#1633));
#330=EDGE_LOOP('',(#1634,#1635,#1636,#1637));
#331=EDGE_LOOP('',(#1638,#1639,#1640,#1641));
#332=EDGE_LOOP('',(#1642,#1643,#1644,#1645));
#333=EDGE_LOOP('',(#1646,#1647,#1648,#1649));
#334=EDGE_LOOP('',(#1650,#1651,#1652,#1653,#1654,#1655,#1656,#1657,#1658,
#1659));
#335=EDGE_LOOP('',(#1660));
#336=EDGE_LOOP('',(#1661,#1662,#1663,#1664,#1665));
#337=EDGE_LOOP('',(#1666,#1667,#1668,#1669));
#338=EDGE_LOOP('',(#1670,#1671,#1672,#1673));
#339=EDGE_LOOP('',(#1674,#1675,#1676,#1677));
#340=EDGE_LOOP('',(#1678,#1679,#1680,#1681,#1682,#1683,#1684,#1685));
#341=EDGE_LOOP('',(#1686,#1687,#1688,#1689));
#342=EDGE_LOOP('',(#1690,#1691,#1692,#1693));
#343=EDGE_LOOP('',(#1694,#1695,#1696,#1697));
#344=EDGE_LOOP('',(#1698,#1699,#1700,#1701));
#345=EDGE_LOOP('',(#1702,#1703,#1704,#1705));
#346=EDGE_LOOP('',(#1706,#1707,#1708,#1709));
#347=EDGE_LOOP('',(#1710,#1711,#1712,#1713));
#348=EDGE_LOOP('',(#1714,#1715,#1716,#1717));
#349=EDGE_LOOP('',(#1718,#1719,#1720,#1721));
#350=EDGE_LOOP('',(#1722,#1723,#1724,#1725));
#351=EDGE_LOOP('',(#1726,#1727,#1728,#1729));
#352=EDGE_LOOP('',(#1730,#1731,#1732,#1733));
#353=EDGE_LOOP('',(#1734,#1735,#1736,#1737));
#354=EDGE_LOOP('',(#1738,#1739,#1740,#1741));
#355=EDGE_LOOP('',(#1742,#1743,#1744,#1745));
#356=EDGE_LOOP('',(#1746,#1747,#1748,#1749));
#357=EDGE_LOOP('',(#1750,#1751,#1752,#1753));
#358=EDGE_LOOP('',(#1754,#1755,#1756,#1757));
#359=EDGE_LOOP('',(#1758,#1759,#1760,#1761));
#360=EDGE_LOOP('',(#1762,#1763,#1764,#1765));
#361=EDGE_LOOP('',(#1766,#1767,#1768,#1769));
#362=EDGE_LOOP('',(#1770,#1771,#1772,#1773,#1774));
#363=EDGE_LOOP('',(#1775,#1776,#1777,#1778,#1779,#1780,#1781,#1782,#1783,
#1784));
#364=EDGE_LOOP('',(#1785));
#365=EDGE_LOOP('',(#1786,#1787,#1788,#1789,#1790));
#366=EDGE_LOOP('',(#1791,#1792,#1793,#1794));
#367=EDGE_LOOP('',(#1795,#1796,#1797,#1798));
#368=EDGE_LOOP('',(#1799,#1800,#1801,#1802));
#369=EDGE_LOOP('',(#1803,#1804,#1805,#1806));
#370=EDGE_LOOP('',(#1807,#1808,#1809,#1810));
#371=EDGE_LOOP('',(#1811,#1812,#1813,#1814,#1815,#1816,#1817,#1818));
#372=EDGE_LOOP('',(#1819,#1820,#1821,#1822));
#373=EDGE_LOOP('',(#1823,#1824,#1825,#1826));
#374=EDGE_LOOP('',(#1827,#1828,#1829,#1830));
#375=EDGE_LOOP('',(#1831,#1832,#1833,#1834));
#376=EDGE_LOOP('',(#1835,#1836,#1837,#1838));
#377=EDGE_LOOP('',(#1839,#1840,#1841,#1842));
#378=EDGE_LOOP('',(#1843,#1844,#1845,#1846));
#379=EDGE_LOOP('',(#1847,#1848,#1849,#1850));
#380=EDGE_LOOP('',(#1851,#1852,#1853,#1854));
#381=EDGE_LOOP('',(#1855,#1856,#1857,#1858));
#382=EDGE_LOOP('',(#1859,#1860,#1861,#1862,#1863,#1864,#1865,#1866,#1867,
#1868,#1869,#1870,#1871,#1872,#1873,#1874,#1875,#1876,#1877,#1878,#1879,
#1880,#1881,#1882));
#383=EDGE_LOOP('',(#1883,#1884,#1885,#1886));
#384=EDGE_LOOP('',(#1887,#1888,#1889,#1890,#1891,#1892,#1893,#1894));
#385=EDGE_LOOP('',(#1895,#1896,#1897,#1898));
#386=EDGE_LOOP('',(#1899,#1900,#1901,#1902));
#387=EDGE_LOOP('',(#1903,#1904,#1905,#1906));
#388=EDGE_LOOP('',(#1907,#1908,#1909,#1910));
#389=EDGE_LOOP('',(#1911,#1912,#1913,#1914));
#390=EDGE_LOOP('',(#1915,#1916,#1917,#1918));
#391=EDGE_LOOP('',(#1919,#1920,#1921,#1922));
#392=EDGE_LOOP('',(#1923,#1924,#1925,#1926));
#393=EDGE_LOOP('',(#1927,#1928,#1929,#1930,#1931,#1932,#1933,#1934));
#394=EDGE_LOOP('',(#1935,#1936,#1937,#1938,#1939,#1940,#1941,#1942));
#395=EDGE_LOOP('',(#1943,#1944,#1945,#1946,#1947,#1948,#1949,#1950,#1951,
#1952,#1953,#1954,#1955,#1956,#1957,#1958,#1959,#1960,#1961,#1962));
#396=EDGE_LOOP('',(#1963,#1964,#1965,#1966,#1967,#1968,#1969,#1970));
#397=EDGE_LOOP('',(#1971,#1972,#1973,#1974));
#398=EDGE_LOOP('',(#1975,#1976,#1977,#1978));
#399=EDGE_LOOP('',(#1979,#1980,#1981,#1982));
#400=EDGE_LOOP('',(#1983,#1984,#1985,#1986));
#401=EDGE_LOOP('',(#1987,#1988,#1989,#1990));
#402=EDGE_LOOP('',(#1991,#1992,#1993,#1994));
#403=EDGE_LOOP('',(#1995,#1996,#1997,#1998));
#404=EDGE_LOOP('',(#1999,#2000,#2001,#2002));
#405=EDGE_LOOP('',(#2003,#2004,#2005,#2006));
#406=EDGE_LOOP('',(#2007,#2008,#2009,#2010));
#407=EDGE_LOOP('',(#2011,#2012,#2013,#2014));
#408=EDGE_LOOP('',(#2015));
#409=EDGE_LOOP('',(#2016,#2017,#2018,#2019));
#410=EDGE_LOOP('',(#2020,#2021,#2022,#2023));
#411=EDGE_LOOP('',(#2024,#2025,#2026,#2027));
#412=EDGE_LOOP('',(#2028,#2029,#2030,#2031));
#413=EDGE_LOOP('',(#2032,#2033,#2034,#2035));
#414=EDGE_LOOP('',(#2036,#2037,#2038,#2039));
#415=EDGE_LOOP('',(#2040,#2041,#2042,#2043));
#416=EDGE_LOOP('',(#2044,#2045,#2046,#2047));
#417=EDGE_LOOP('',(#2048,#2049,#2050,#2051));
#418=EDGE_LOOP('',(#2052,#2053,#2054,#2055));
#419=EDGE_LOOP('',(#2056,#2057,#2058,#2059));
#420=EDGE_LOOP('',(#2060,#2061,#2062,#2063));
#421=EDGE_LOOP('',(#2064,#2065,#2066,#2067));
#422=EDGE_LOOP('',(#2068,#2069,#2070,#2071));
#423=EDGE_LOOP('',(#2072,#2073,#2074,#2075));
#424=EDGE_LOOP('',(#2076,#2077,#2078,#2079));
#425=EDGE_LOOP('',(#2080,#2081,#2082,#2083));
#426=EDGE_LOOP('',(#2084,#2085,#2086,#2087));
#427=EDGE_LOOP('',(#2088));
#428=EDGE_LOOP('',(#2089,#2090,#2091,#2092));
#429=EDGE_LOOP('',(#2093,#2094,#2095,#2096));
#430=EDGE_LOOP('',(#2097,#2098,#2099,#2100));
#431=EDGE_LOOP('',(#2101,#2102,#2103,#2104));
#432=EDGE_LOOP('',(#2105,#2106,#2107,#2108));
#433=EDGE_LOOP('',(#2109,#2110,#2111,#2112));
#434=EDGE_LOOP('',(#2113,#2114,#2115,#2116));
#435=EDGE_LOOP('',(#2117,#2118,#2119,#2120));
#436=EDGE_LOOP('',(#2121,#2122,#2123,#2124));
#437=EDGE_LOOP('',(#2125,#2126,#2127,#2128));
#438=EDGE_LOOP('',(#2129));
#439=EDGE_LOOP('',(#2130,#2131,#2132,#2133));
#440=EDGE_LOOP('',(#2134,#2135,#2136,#2137));
#441=EDGE_LOOP('',(#2138,#2139,#2140,#2141));
#442=EDGE_LOOP('',(#2142));
#443=EDGE_LOOP('',(#2143,#2144,#2145));
#444=EDGE_LOOP('',(#2146,#2147,#2148));
#445=EDGE_LOOP('',(#2149,#2150,#2151));
#446=EDGE_LOOP('',(#2152,#2153,#2154));
#447=EDGE_LOOP('',(#2155,#2156,#2157,#2158,#2159));
#448=EDGE_LOOP('',(#2160,#2161,#2162,#2163));
#449=EDGE_LOOP('',(#2164,#2165,#2166,#2167));
#450=EDGE_LOOP('',(#2168,#2169,#2170,#2171));
#451=EDGE_LOOP('',(#2172,#2173,#2174,#2175,#2176,#2177));
#452=EDGE_LOOP('',(#2178,#2179,#2180,#2181,#2182,#2183));
#453=EDGE_LOOP('',(#2184,#2185,#2186,#2187));
#454=EDGE_LOOP('',(#2188,#2189,#2190,#2191));
#455=EDGE_LOOP('',(#2192,#2193,#2194,#2195,#2196,#2197));
#456=EDGE_LOOP('',(#2198,#2199,#2200,#2201));
#457=EDGE_LOOP('',(#2202,#2203,#2204,#2205,#2206,#2207));
#458=EDGE_LOOP('',(#2208,#2209,#2210));
#459=EDGE_LOOP('',(#2211,#2212,#2213));
#460=EDGE_LOOP('',(#2214,#2215,#2216,#2217));
#461=EDGE_LOOP('',(#2218,#2219,#2220,#2221,#2222,#2223));
#462=EDGE_LOOP('',(#2224));
#463=EDGE_LOOP('',(#2225,#2226,#2227,#2228));
#464=EDGE_LOOP('',(#2229,#2230,#2231));
#465=EDGE_LOOP('',(#2232,#2233,#2234));
#466=EDGE_LOOP('',(#2235,#2236,#2237,#2238));
#467=EDGE_LOOP('',(#2239,#2240,#2241,#2242,#2243,#2244,#2245,#2246,#2247,
#2248,#2249,#2250,#2251,#2252,#2253,#2254));
#468=EDGE_LOOP('',(#2255,#2256,#2257,#2258,#2259,#2260,#2261,#2262));
#469=EDGE_LOOP('',(#2263,#2264,#2265,#2266,#2267,#2268,#2269,#2270));
#470=EDGE_LOOP('',(#2271,#2272,#2273,#2274,#2275,#2276));
#471=EDGE_LOOP('',(#2277,#2278,#2279,#2280));
#472=EDGE_LOOP('',(#2281,#2282,#2283,#2284));
#473=EDGE_LOOP('',(#2285,#2286,#2287,#2288,#2289,#2290));
#474=EDGE_LOOP('',(#2291,#2292,#2293,#2294));
#475=EDGE_LOOP('',(#2295,#2296,#2297,#2298));
#476=EDGE_LOOP('',(#2299,#2300,#2301,#2302));
#477=EDGE_LOOP('',(#2303,#2304,#2305,#2306));
#478=EDGE_LOOP('',(#2307,#2308,#2309,#2310));
#479=EDGE_LOOP('',(#2311,#2312,#2313,#2314));
#480=EDGE_LOOP('',(#2315,#2316,#2317,#2318,#2319,#2320));
#481=EDGE_LOOP('',(#2321));
#482=LINE('',#3690,#638);
#483=LINE('',#3693,#639);
#484=LINE('',#3747,#640);
#485=LINE('',#3748,#641);
#486=LINE('',#3759,#642);
#487=LINE('',#3760,#643);
#488=LINE('',#3800,#644);
#489=LINE('',#3803,#645);
#490=LINE('',#3930,#646);
#491=LINE('',#3931,#647);
#492=LINE('',#3942,#648);
#493=LINE('',#3943,#649);
#494=LINE('',#4053,#650);
#495=LINE('',#4055,#651);
#496=LINE('',#4057,#652);
#497=LINE('',#4059,#653);
#498=LINE('',#4060,#654);
#499=LINE('',#4067,#655);
#500=LINE('',#4076,#656);
#501=LINE('',#4082,#657);
#502=LINE('',#4096,#658);
#503=LINE('',#4097,#659);
#504=LINE('',#4108,#660);
#505=LINE('',#4109,#661);
#506=LINE('',#4121,#662);
#507=LINE('',#4124,#663);
#508=LINE('',#4251,#664);
#509=LINE('',#4252,#665);
#510=LINE('',#4263,#666);
#511=LINE('',#4264,#667);
#512=LINE('',#4304,#668);
#513=LINE('',#4307,#669);
#514=LINE('',#4457,#670);
#515=LINE('',#4460,#671);
#516=LINE('',#4463,#672);
#517=LINE('',#4465,#673);
#518=LINE('',#4467,#674);
#519=LINE('',#4468,#675);
#520=LINE('',#4475,#676);
#521=LINE('',#4484,#677);
#522=LINE('',#4486,#678);
#523=LINE('',#4487,#679);
#524=LINE('',#4489,#680);
#525=LINE('',#4491,#681);
#526=LINE('',#4498,#682);
#527=LINE('',#4501,#683);
#528=LINE('',#4504,#684);
#529=LINE('',#4506,#685);
#530=LINE('',#4507,#686);
#531=LINE('',#4513,#687);
#532=LINE('',#4516,#688);
#533=LINE('',#4518,#689);
#534=LINE('',#4519,#690);
#535=LINE('',#4525,#691);
#536=LINE('',#4528,#692);
#537=LINE('',#4530,#693);
#538=LINE('',#4531,#694);
#539=LINE('',#4537,#695);
#540=LINE('',#4540,#696);
#541=LINE('',#4542,#697);
#542=LINE('',#4543,#698);
#543=LINE('',#4548,#699);
#544=LINE('',#4552,#700);
#545=LINE('',#4554,#701);
#546=LINE('',#4555,#702);
#547=LINE('',#4558,#703);
#548=LINE('',#4562,#704);
#549=LINE('',#4566,#705);
#550=LINE('',#4570,#706);
#551=LINE('',#4574,#707);
#552=LINE('',#4578,#708);
#553=LINE('',#4582,#709);
#554=LINE('',#4586,#710);
#555=LINE('',#4590,#711);
#556=LINE('',#4592,#712);
#557=LINE('',#4594,#713);
#558=LINE('',#4595,#714);
#559=LINE('',#4596,#715);
#560=LINE('',#4599,#716);
#561=LINE('',#4603,#717);
#562=LINE('',#4604,#718);
#563=LINE('',#4607,#719);
#564=LINE('',#4610,#720);
#565=LINE('',#4613,#721);
#566=LINE('',#4616,#722);
#567=LINE('',#4619,#723);
#568=LINE('',#4620,#724);
#569=LINE('',#4623,#725);
#570=LINE('',#4626,#726);
#571=LINE('',#4629,#727);
#572=LINE('',#4630,#728);
#573=LINE('',#4634,#729);
#574=LINE('',#4639,#730);
#575=LINE('',#4643,#731);
#576=LINE('',#4647,#732);
#577=LINE('',#4650,#733);
#578=LINE('',#4653,#734);
#579=LINE('',#4654,#735);
#580=LINE('',#4658,#736);
#581=LINE('',#4661,#737);
#582=LINE('',#4662,#738);
#583=LINE('',#4664,#739);
#584=LINE('',#4668,#740);
#585=LINE('',#4674,#741);
#586=LINE('',#4678,#742);
#587=LINE('',#4682,#743);
#588=LINE('',#4685,#744);
#589=LINE('',#4697,#745);
#590=LINE('',#4705,#746);
#591=LINE('',#4713,#747);
#592=LINE('',#4719,#748);
#593=LINE('',#4722,#749);
#594=LINE('',#4725,#750);
#595=LINE('',#4730,#751);
#596=LINE('',#4734,#752);
#597=LINE('',#4735,#753);
#598=LINE('',#4738,#754);
#599=LINE('',#4743,#755);
#600=LINE('',#4748,#756);
#601=LINE('',#4751,#757);
#602=LINE('',#4756,#758);
#603=LINE('',#4767,#759);
#604=LINE('',#4775,#760);
#605=LINE('',#4783,#761);
#606=LINE('',#4789,#762);
#607=LINE('',#4792,#763);
#608=LINE('',#4795,#764);
#609=LINE('',#4800,#765);
#610=LINE('',#4804,#766);
#611=LINE('',#4805,#767);
#612=LINE('',#4808,#768);
#613=LINE('',#4815,#769);
#614=LINE('',#4818,#770);
#615=LINE('',#4819,#771);
#616=LINE('',#4827,#772);
#617=LINE('',#4832,#773);
#618=LINE('',#4836,#774);
#619=LINE('',#4980,#775);
#620=LINE('',#4983,#776);
#621=LINE('',#4985,#777);
#622=LINE('',#4986,#778);
#623=LINE('',#4993,#779);
#624=LINE('',#4997,#780);
#625=LINE('',#4999,#781);
#626=LINE('',#5000,#782);
#627=LINE('',#5004,#783);
#628=LINE('',#5007,#784);
#629=LINE('',#5025,#785);
#630=LINE('',#5038,#786);
#631=LINE('',#5045,#787);
#632=LINE('',#5048,#788);
#633=LINE('',#5050,#789);
#634=LINE('',#5075,#790);
#635=LINE('',#5077,#791);
#636=LINE('',#5078,#792);
#637=LINE('',#5083,#793);
#638=VECTOR('',#2890,10.);
#639=VECTOR('',#2893,10.);
#640=VECTOR('',#2910,10.);
#641=VECTOR('',#2911,10.);
#642=VECTOR('',#2924,10.);
#643=VECTOR('',#2925,10.);
#644=VECTOR('',#2938,10.);
#645=VECTOR('',#2941,10.);
#646=VECTOR('',#2960,10.);
#647=VECTOR('',#2961,10.);
#648=VECTOR('',#2974,10.);
#649=VECTOR('',#2975,10.);
#650=VECTOR('',#2988,10.);
#651=VECTOR('',#2989,10.);
#652=VECTOR('',#2990,10.);
#653=VECTOR('',#2991,10.);
#654=VECTOR('',#2992,10.);
#655=VECTOR('',#2999,10.);
#656=VECTOR('',#3012,10.);
#657=VECTOR('',#3021,3.);
#658=VECTOR('',#3036,10.);
#659=VECTOR('',#3037,10.);
#660=VECTOR('',#3050,10.);
#661=VECTOR('',#3051,10.);
#662=VECTOR('',#3064,10.);
#663=VECTOR('',#3067,10.);
#664=VECTOR('',#3086,10.);
#665=VECTOR('',#3087,10.);
#666=VECTOR('',#3100,10.);
#667=VECTOR('',#3101,10.);
#668=VECTOR('',#3114,10.);
#669=VECTOR('',#3117,10.);
#670=VECTOR('',#3132,10.);
#671=VECTOR('',#3135,10.);
#672=VECTOR('',#3138,10.);
#673=VECTOR('',#3139,10.);
#674=VECTOR('',#3140,10.);
#675=VECTOR('',#3141,10.);
#676=VECTOR('',#3148,10.);
#677=VECTOR('',#3161,10.);
#678=VECTOR('',#3164,10.);
#679=VECTOR('',#3165,3.);
#680=VECTOR('',#3168,10.);
#681=VECTOR('',#3171,3.);
#682=VECTOR('',#3178,10.);
#683=VECTOR('',#3181,10.);
#684=VECTOR('',#3184,10.);
#685=VECTOR('',#3185,10.);
#686=VECTOR('',#3186,10.);
#687=VECTOR('',#3191,10.);
#688=VECTOR('',#3194,10.);
#689=VECTOR('',#3197,10.);
#690=VECTOR('',#3198,10.);
#691=VECTOR('',#3203,10.);
#692=VECTOR('',#3206,10.);
#693=VECTOR('',#3209,10.);
#694=VECTOR('',#3210,10.);
#695=VECTOR('',#3215,10.);
#696=VECTOR('',#3218,10.);
#697=VECTOR('',#3221,10.);
#698=VECTOR('',#3222,10.);
#699=VECTOR('',#3227,10.);
#700=VECTOR('',#3232,10.);
#701=VECTOR('',#3233,10.);
#702=VECTOR('',#3234,10.);
#703=VECTOR('',#3237,10.);
#704=VECTOR('',#3240,10.);
#705=VECTOR('',#3243,10.);
#706=VECTOR('',#3246,10.);
#707=VECTOR('',#3249,10.);
#708=VECTOR('',#3252,10.);
#709=VECTOR('',#3255,10.);
#710=VECTOR('',#3260,10.);
#711=VECTOR('',#3265,10.);
#712=VECTOR('',#3266,10.);
#713=VECTOR('',#3267,10.);
#714=VECTOR('',#3268,10.);
#715=VECTOR('',#3269,10.);
#716=VECTOR('',#3272,10.);
#717=VECTOR('',#3277,10.);
#718=VECTOR('',#3278,10.);
#719=VECTOR('',#3281,10.);
#720=VECTOR('',#3286,10.);
#721=VECTOR('',#3289,10.);
#722=VECTOR('',#3292,10.);
#723=VECTOR('',#3295,10.);
#724=VECTOR('',#3296,10.);
#725=VECTOR('',#3299,10.);
#726=VECTOR('',#3302,10.);
#727=VECTOR('',#3305,10.);
#728=VECTOR('',#3306,10.);
#729=VECTOR('',#3313,10.);
#730=VECTOR('',#3316,10.);
#731=VECTOR('',#3319,10.);
#732=VECTOR('',#3322,10.);
#733=VECTOR('',#3325,10.);
#734=VECTOR('',#3326,10.);
#735=VECTOR('',#3327,10.);
#736=VECTOR('',#3330,10.);
#737=VECTOR('',#3333,10.);
#738=VECTOR('',#3334,10.);
#739=VECTOR('',#3335,10.);
#740=VECTOR('',#3338,10.);
#741=VECTOR('',#3343,10.);
#742=VECTOR('',#3346,10.);
#743=VECTOR('',#3349,10.);
#744=VECTOR('',#3352,10.);
#745=VECTOR('',#3369,10.);
#746=VECTOR('',#3380,10.);
#747=VECTOR('',#3391,10.);
#748=VECTOR('',#3400,10.);
#749=VECTOR('',#3403,10.);
#750=VECTOR('',#3406,10.);
#751=VECTOR('',#3411,10.);
#752=VECTOR('',#3416,10.);
#753=VECTOR('',#3417,10.);
#754=VECTOR('',#3420,10.);
#755=VECTOR('',#3427,10.);
#756=VECTOR('',#3434,10.);
#757=VECTOR('',#3437,10.);
#758=VECTOR('',#3446,10.);
#759=VECTOR('',#3461,10.);
#760=VECTOR('',#3472,10.);
#761=VECTOR('',#3483,10.);
#762=VECTOR('',#3492,10.);
#763=VECTOR('',#3495,10.);
#764=VECTOR('',#3498,10.);
#765=VECTOR('',#3503,10.);
#766=VECTOR('',#3508,10.);
#767=VECTOR('',#3509,10.);
#768=VECTOR('',#3512,10.);
#769=VECTOR('',#3523,10.);
#770=VECTOR('',#3526,10.);
#771=VECTOR('',#3527,10.);
#772=VECTOR('',#3540,10.);
#773=VECTOR('',#3547,2.05);
#774=VECTOR('',#3552,2.05);
#775=VECTOR('',#3591,10.);
#776=VECTOR('',#3594,10.);
#777=VECTOR('',#3595,10.);
#778=VECTOR('',#3596,10.);
#779=VECTOR('',#3609,10.);
#780=VECTOR('',#3614,10.);
#781=VECTOR('',#3615,10.);
#782=VECTOR('',#3616,10.);
#783=VECTOR('',#3621,10.);
#784=VECTOR('',#3624,10.);
#785=VECTOR('',#3635,10.);
#786=VECTOR('',#3638,10.);
#787=VECTOR('',#3651,3.);
#788=VECTOR('',#3656,10.);
#789=VECTOR('',#3659,10.);
#790=VECTOR('',#3668,2.05);
#791=VECTOR('',#3671,10.);
#792=VECTOR('',#3672,10.);
#793=VECTOR('',#3679,2.05);
#794=CIRCLE('',#2564,1.);
#795=CIRCLE('',#2565,0.999999999999999);
#796=CIRCLE('',#2566,1.);
#797=CIRCLE('',#2568,1.);
#798=CIRCLE('',#2569,4.);
#799=CIRCLE('',#2570,1.);
#800=CIRCLE('',#2571,3.);
#801=CIRCLE('',#2573,0.999999999999999);
#802=CIRCLE('',#2575,1.);
#803=CIRCLE('',#2576,4.);
#804=CIRCLE('',#2577,5.);
#805=CIRCLE('',#2579,1.);
#806=CIRCLE('',#2581,0.999999999999999);
#807=CIRCLE('',#2582,4.);
#808=CIRCLE('',#2583,3.);
#809=CIRCLE('',#2585,1.);
#810=CIRCLE('',#2586,0.999999999999998);
#811=CIRCLE('',#2587,1.);
#812=CIRCLE('',#2588,1.);
#813=CIRCLE('',#2590,1.);
#814=CIRCLE('',#2591,3.);
#815=CIRCLE('',#2592,1.);
#816=CIRCLE('',#2593,4.);
#817=CIRCLE('',#2595,1.);
#818=CIRCLE('',#2597,1.);
#819=CIRCLE('',#2598,4.);
#820=CIRCLE('',#2599,5.);
#821=CIRCLE('',#2601,1.);
#822=CIRCLE('',#2603,1.);
#823=CIRCLE('',#2604,4.);
#824=CIRCLE('',#2605,3.);
#825=CIRCLE('',#2606,0.999999999999999);
#826=CIRCLE('',#2608,2.05);
#827=CIRCLE('',#2610,3.);
#828=CIRCLE('',#2613,3.);
#829=CIRCLE('',#2614,4.);
#830=CIRCLE('',#2616,3.);
#831=CIRCLE('',#2618,3.);
#832=CIRCLE('',#2619,4.);
#833=CIRCLE('',#2622,1.);
#834=CIRCLE('',#2623,3.);
#835=CIRCLE('',#2624,0.999999999999999);
#836=CIRCLE('',#2625,4.);
#837=CIRCLE('',#2627,0.999999999999999);
#838=CIRCLE('',#2629,1.);
#839=CIRCLE('',#2630,4.);
#840=CIRCLE('',#2631,5.);
#841=CIRCLE('',#2633,1.);
#842=CIRCLE('',#2635,1.);
#843=CIRCLE('',#2636,4.);
#844=CIRCLE('',#2637,3.);
#845=CIRCLE('',#2639,0.999999999999999);
#846=CIRCLE('',#2640,0.999999999999998);
#847=CIRCLE('',#2641,0.999999999999998);
#848=CIRCLE('',#2642,0.999999999999999);
#849=CIRCLE('',#2644,0.999999999999999);
#850=CIRCLE('',#2645,4.);
#851=CIRCLE('',#2646,1.);
#852=CIRCLE('',#2647,3.);
#853=CIRCLE('',#2649,1.);
#854=CIRCLE('',#2651,1.);
#855=CIRCLE('',#2652,4.);
#856=CIRCLE('',#2653,5.);
#857=CIRCLE('',#2655,0.999999999999999);
#858=CIRCLE('',#2657,1.);
#859=CIRCLE('',#2658,4.);
#860=CIRCLE('',#2659,3.);
#861=CIRCLE('',#2661,1.);
#862=CIRCLE('',#2662,1.);
#863=CIRCLE('',#2663,1.);
#864=CIRCLE('',#2664,1.);
#865=CIRCLE('',#2666,3.);
#866=CIRCLE('',#2667,4.);
#867=CIRCLE('',#2668,3.);
#868=CIRCLE('',#2672,2.05);
#869=CIRCLE('',#2674,3.);
#870=CIRCLE('',#2677,3.);
#871=CIRCLE('',#2678,4.);
#872=CIRCLE('',#2680,3.);
#873=CIRCLE('',#2686,0.5);
#874=CIRCLE('',#2687,0.5);
#875=CIRCLE('',#2690,0.5);
#876=CIRCLE('',#2691,0.5);
#877=CIRCLE('',#2694,0.5);
#878=CIRCLE('',#2695,0.5);
#879=CIRCLE('',#2698,0.5);
#880=CIRCLE('',#2699,0.5);
#881=CIRCLE('',#2702,1.);
#882=CIRCLE('',#2703,1.);
#883=CIRCLE('',#2706,1.);
#884=CIRCLE('',#2707,1.);
#885=CIRCLE('',#2708,1.);
#886=CIRCLE('',#2709,1.);
#887=CIRCLE('',#2710,1.);
#888=CIRCLE('',#2711,1.);
#889=CIRCLE('',#2712,1.);
#890=CIRCLE('',#2714,1.);
#891=CIRCLE('',#2717,1.);
#892=CIRCLE('',#2720,1.);
#893=CIRCLE('',#2723,1.);
#894=CIRCLE('',#2726,1.);
#895=CIRCLE('',#2729,1.);
#896=CIRCLE('',#2730,1.);
#897=CIRCLE('',#2731,3.);
#898=CIRCLE('',#2732,3.);
#899=CIRCLE('',#2733,3.);
#900=CIRCLE('',#2734,3.);
#901=CIRCLE('',#2735,4.);
#902=CIRCLE('',#2736,4.);
#903=CIRCLE('',#2737,4.);
#904=CIRCLE('',#2738,4.);
#905=CIRCLE('',#2739,3.);
#906=CIRCLE('',#2740,3.);
#907=CIRCLE('',#2741,3.);
#908=CIRCLE('',#2742,3.);
#909=CIRCLE('',#2746,2.00000000000001);
#910=CIRCLE('',#2747,1.99999999999995);
#911=CIRCLE('',#2748,1.);
#912=CIRCLE('',#2750,2.);
#913=CIRCLE('',#2752,2.);
#914=CIRCLE('',#2753,1.);
#915=CIRCLE('',#2755,2.);
#916=CIRCLE('',#2757,2.);
#917=CIRCLE('',#2758,1.);
#918=CIRCLE('',#2760,2.);
#919=CIRCLE('',#2762,1.99999999999995);
#920=CIRCLE('',#2763,1.);
#921=CIRCLE('',#2766,3.99999999999998);
#922=CIRCLE('',#2767,2.05);
#923=CIRCLE('',#2769,1.);
#924=CIRCLE('',#2772,0.999999999999996);
#925=CIRCLE('',#2774,1.);
#926=CIRCLE('',#2776,4.99999999999998);
#927=CIRCLE('',#2778,0.999999999999996);
#928=CIRCLE('',#2780,3.99999999999998);
#929=CIRCLE('',#2781,4.99999999999998);
#930=CIRCLE('',#2785,2.00000000000001);
#931=CIRCLE('',#2786,2.);
#932=CIRCLE('',#2787,1.);
#933=CIRCLE('',#2789,2.);
#934=CIRCLE('',#2791,2.);
#935=CIRCLE('',#2792,1.);
#936=CIRCLE('',#2794,2.);
#937=CIRCLE('',#2796,2.);
#938=CIRCLE('',#2797,1.);
#939=CIRCLE('',#2799,2.);
#940=CIRCLE('',#2801,2.);
#941=CIRCLE('',#2802,1.);
#942=CIRCLE('',#2805,4.00000007450581);
#943=CIRCLE('',#2806,2.05);
#944=CIRCLE('',#2808,0.999999999999996);
#945=CIRCLE('',#2811,1.);
#946=CIRCLE('',#2813,0.999999999999996);
#947=CIRCLE('',#2814,5.00000007450581);
#948=CIRCLE('',#2818,5.00000007450581);
#949=CIRCLE('',#2820,1.);
#950=CIRCLE('',#2821,4.00000007450581);
#951=CIRCLE('',#2824,2.05);
#952=CIRCLE('',#2827,2.05);
#953=CIRCLE('',#2829,1.);
#954=CIRCLE('',#2832,1.);
#955=CIRCLE('',#2834,1.);
#956=CIRCLE('',#2836,1.);
#957=CIRCLE('',#2839,3.);
#958=CIRCLE('',#2841,3.);
#959=CIRCLE('',#2843,3.);
#960=CIRCLE('',#2845,3.);
#961=CIRCLE('',#2849,3.);
#962=CIRCLE('',#2851,3.);
#963=CIRCLE('',#2853,3.);
#964=CIRCLE('',#2857,3.);
#965=CIRCLE('',#2859,3.);
#966=CIRCLE('',#2862,2.05);
#967=CIRCLE('',#2865,3.);
#968=CIRCLE('',#2867,3.);
#969=CIRCLE('',#2882,2.05);
#970=VERTEX_POINT('',#3686);
#971=VERTEX_POINT('',#3687);
#972=VERTEX_POINT('',#3689);
#973=VERTEX_POINT('',#3691);
#974=VERTEX_POINT('',#3719);
#975=VERTEX_POINT('',#3720);
#976=VERTEX_POINT('',#3735);
#977=VERTEX_POINT('',#3736);
#978=VERTEX_POINT('',#3738);
#979=VERTEX_POINT('',#3740);
#980=VERTEX_POINT('',#3744);
#981=VERTEX_POINT('',#3745);
#982=VERTEX_POINT('',#3750);
#983=VERTEX_POINT('',#3751);
#984=VERTEX_POINT('',#3756);
#985=VERTEX_POINT('',#3757);
#986=VERTEX_POINT('',#3762);
#987=VERTEX_POINT('',#3763);
#988=VERTEX_POINT('',#3796);
#989=VERTEX_POINT('',#3797);
#990=VERTEX_POINT('',#3799);
#991=VERTEX_POINT('',#3801);
#992=VERTEX_POINT('',#3834);
#993=VERTEX_POINT('',#3835);
#994=VERTEX_POINT('',#3902);
#995=VERTEX_POINT('',#3903);
#996=VERTEX_POINT('',#3918);
#997=VERTEX_POINT('',#3919);
#998=VERTEX_POINT('',#3921);
#999=VERTEX_POINT('',#3923);
#1000=VERTEX_POINT('',#3927);
#1001=VERTEX_POINT('',#3928);
#1002=VERTEX_POINT('',#3933);
#1003=VERTEX_POINT('',#3934);
#1004=VERTEX_POINT('',#3939);
#1005=VERTEX_POINT('',#3940);
#1006=VERTEX_POINT('',#3945);
#1007=VERTEX_POINT('',#3946);
#1008=VERTEX_POINT('',#4008);
#1009=VERTEX_POINT('',#4009);
#1010=VERTEX_POINT('',#4052);
#1011=VERTEX_POINT('',#4054);
#1012=VERTEX_POINT('',#4056);
#1013=VERTEX_POINT('',#4058);
#1014=VERTEX_POINT('',#4061);
#1015=VERTEX_POINT('',#4064);
#1016=VERTEX_POINT('',#4066);
#1017=VERTEX_POINT('',#4070);
#1018=VERTEX_POINT('',#4074);
#1019=VERTEX_POINT('',#4078);
#1020=VERTEX_POINT('',#4084);
#1021=VERTEX_POINT('',#4085);
#1022=VERTEX_POINT('',#4087);
#1023=VERTEX_POINT('',#4089);
#1024=VERTEX_POINT('',#4093);
#1025=VERTEX_POINT('',#4094);
#1026=VERTEX_POINT('',#4099);
#1027=VERTEX_POINT('',#4100);
#1028=VERTEX_POINT('',#4105);
#1029=VERTEX_POINT('',#4106);
#1030=VERTEX_POINT('',#4111);
#1031=VERTEX_POINT('',#4112);
#1032=VERTEX_POINT('',#4117);
#1033=VERTEX_POINT('',#4118);
#1034=VERTEX_POINT('',#4120);
#1035=VERTEX_POINT('',#4122);
#1036=VERTEX_POINT('',#4155);
#1037=VERTEX_POINT('',#4156);
#1038=VERTEX_POINT('',#4223);
#1039=VERTEX_POINT('',#4224);
#1040=VERTEX_POINT('',#4239);
#1041=VERTEX_POINT('',#4240);
#1042=VERTEX_POINT('',#4242);
#1043=VERTEX_POINT('',#4244);
#1044=VERTEX_POINT('',#4248);
#1045=VERTEX_POINT('',#4249);
#1046=VERTEX_POINT('',#4254);
#1047=VERTEX_POINT('',#4255);
#1048=VERTEX_POINT('',#4260);
#1049=VERTEX_POINT('',#4261);
#1050=VERTEX_POINT('',#4266);
#1051=VERTEX_POINT('',#4267);
#1052=VERTEX_POINT('',#4300);
#1053=VERTEX_POINT('',#4301);
#1054=VERTEX_POINT('',#4303);
#1055=VERTEX_POINT('',#4305);
#1056=VERTEX_POINT('',#4338);
#1057=VERTEX_POINT('',#4339);
#1058=VERTEX_POINT('',#4406);
#1059=VERTEX_POINT('',#4407);
#1060=VERTEX_POINT('',#4450);
#1061=VERTEX_POINT('',#4452);
#1062=VERTEX_POINT('',#4456);
#1063=VERTEX_POINT('',#4458);
#1064=VERTEX_POINT('',#4462);
#1065=VERTEX_POINT('',#4464);
#1066=VERTEX_POINT('',#4466);
#1067=VERTEX_POINT('',#4469);
#1068=VERTEX_POINT('',#4472);
#1069=VERTEX_POINT('',#4474);
#1070=VERTEX_POINT('',#4478);
#1071=VERTEX_POINT('',#4482);
#1072=VERTEX_POINT('',#4494);
#1073=VERTEX_POINT('',#4495);
#1074=VERTEX_POINT('',#4497);
#1075=VERTEX_POINT('',#4499);
#1076=VERTEX_POINT('',#4503);
#1077=VERTEX_POINT('',#4505);
#1078=VERTEX_POINT('',#4509);
#1079=VERTEX_POINT('',#4510);
#1080=VERTEX_POINT('',#4512);
#1081=VERTEX_POINT('',#4514);
#1082=VERTEX_POINT('',#4521);
#1083=VERTEX_POINT('',#4522);
#1084=VERTEX_POINT('',#4524);
#1085=VERTEX_POINT('',#4526);
#1086=VERTEX_POINT('',#4533);
#1087=VERTEX_POINT('',#4534);
#1088=VERTEX_POINT('',#4536);
#1089=VERTEX_POINT('',#4538);
#1090=VERTEX_POINT('',#4545);
#1091=VERTEX_POINT('',#4547);
#1092=VERTEX_POINT('',#4551);
#1093=VERTEX_POINT('',#4553);
#1094=VERTEX_POINT('',#4557);
#1095=VERTEX_POINT('',#4559);
#1096=VERTEX_POINT('',#4561);
#1097=VERTEX_POINT('',#4563);
#1098=VERTEX_POINT('',#4565);
#1099=VERTEX_POINT('',#4567);
#1100=VERTEX_POINT('',#4569);
#1101=VERTEX_POINT('',#4571);
#1102=VERTEX_POINT('',#4573);
#1103=VERTEX_POINT('',#4575);
#1104=VERTEX_POINT('',#4577);
#1105=VERTEX_POINT('',#4579);
#1106=VERTEX_POINT('',#4581);
#1107=VERTEX_POINT('',#4585);
#1108=VERTEX_POINT('',#4589);
#1109=VERTEX_POINT('',#4591);
#1110=VERTEX_POINT('',#4593);
#1111=VERTEX_POINT('',#4598);
#1112=VERTEX_POINT('',#4602);
#1113=VERTEX_POINT('',#4606);
#1114=VERTEX_POINT('',#4612);
#1115=VERTEX_POINT('',#4614);
#1116=VERTEX_POINT('',#4618);
#1117=VERTEX_POINT('',#4622);
#1118=VERTEX_POINT('',#4624);
#1119=VERTEX_POINT('',#4628);
#1120=VERTEX_POINT('',#4635);
#1121=VERTEX_POINT('',#4636);
#1122=VERTEX_POINT('',#4638);
#1123=VERTEX_POINT('',#4640);
#1124=VERTEX_POINT('',#4642);
#1125=VERTEX_POINT('',#4644);
#1126=VERTEX_POINT('',#4646);
#1127=VERTEX_POINT('',#4648);
#1128=VERTEX_POINT('',#4651);
#1129=VERTEX_POINT('',#4652);
#1130=VERTEX_POINT('',#4655);
#1131=VERTEX_POINT('',#4657);
#1132=VERTEX_POINT('',#4659);
#1133=VERTEX_POINT('',#4663);
#1134=VERTEX_POINT('',#4665);
#1135=VERTEX_POINT('',#4667);
#1136=VERTEX_POINT('',#4670);
#1137=VERTEX_POINT('',#4671);
#1138=VERTEX_POINT('',#4673);
#1139=VERTEX_POINT('',#4675);
#1140=VERTEX_POINT('',#4677);
#1141=VERTEX_POINT('',#4679);
#1142=VERTEX_POINT('',#4681);
#1143=VERTEX_POINT('',#4683);
#1144=VERTEX_POINT('',#4689);
#1145=VERTEX_POINT('',#4691);
#1146=VERTEX_POINT('',#4695);
#1147=VERTEX_POINT('',#4699);
#1148=VERTEX_POINT('',#4703);
#1149=VERTEX_POINT('',#4707);
#1150=VERTEX_POINT('',#4711);
#1151=VERTEX_POINT('',#4715);
#1152=VERTEX_POINT('',#4721);
#1153=VERTEX_POINT('',#4723);
#1154=VERTEX_POINT('',#4726);
#1155=VERTEX_POINT('',#4729);
#1156=VERTEX_POINT('',#4733);
#1157=VERTEX_POINT('',#4737);
#1158=VERTEX_POINT('',#4741);
#1159=VERTEX_POINT('',#4747);
#1160=VERTEX_POINT('',#4749);
#1161=VERTEX_POINT('',#4759);
#1162=VERTEX_POINT('',#4761);
#1163=VERTEX_POINT('',#4765);
#1164=VERTEX_POINT('',#4769);
#1165=VERTEX_POINT('',#4773);
#1166=VERTEX_POINT('',#4777);
#1167=VERTEX_POINT('',#4781);
#1168=VERTEX_POINT('',#4785);
#1169=VERTEX_POINT('',#4791);
#1170=VERTEX_POINT('',#4793);
#1171=VERTEX_POINT('',#4796);
#1172=VERTEX_POINT('',#4799);
#1173=VERTEX_POINT('',#4803);
#1174=VERTEX_POINT('',#4807);
#1175=VERTEX_POINT('',#4811);
#1176=VERTEX_POINT('',#4817);
#1177=VERTEX_POINT('',#4823);
#1178=VERTEX_POINT('',#4829);
#1179=VERTEX_POINT('',#4834);
#1180=VERTEX_POINT('',#4868);
#1181=VERTEX_POINT('',#4902);
#1182=VERTEX_POINT('',#4935);
#1183=VERTEX_POINT('',#4968);
#1184=VERTEX_POINT('',#4982);
#1185=VERTEX_POINT('',#4984);
#1186=VERTEX_POINT('',#4996);
#1187=VERTEX_POINT('',#4998);
#1188=VERTEX_POINT('',#5002);
#1189=VERTEX_POINT('',#5006);
#1190=VERTEX_POINT('',#5021);
#1191=VERTEX_POINT('',#5024);
#1192=VERTEX_POINT('',#5037);
#1193=VERTEX_POINT('',#5082);
#1194=EDGE_CURVE('',#970,#971,#794,.T.);
#1195=EDGE_CURVE('',#971,#972,#482,.T.);
#1196=EDGE_CURVE('',#972,#973,#795,.T.);
#1197=EDGE_CURVE('',#973,#970,#483,.T.);
#1198=EDGE_CURVE('',#974,#975,#796,.T.);
#1199=EDGE_CURVE('',#975,#971,#101,.T.);
#1200=EDGE_CURVE('',#970,#974,#102,.T.);
#1201=EDGE_CURVE('',#976,#977,#797,.T.);
#1202=EDGE_CURVE('',#977,#978,#798,.T.);
#1203=EDGE_CURVE('',#978,#979,#799,.T.);
#1204=EDGE_CURVE('',#979,#976,#800,.T.);
#1205=EDGE_CURVE('',#980,#981,#801,.T.);
#1206=EDGE_CURVE('',#981,#977,#484,.T.);
#1207=EDGE_CURVE('',#976,#980,#485,.T.);
#1208=EDGE_CURVE('',#982,#983,#802,.T.);
#1209=EDGE_CURVE('',#983,#981,#803,.T.);
#1210=EDGE_CURVE('',#980,#982,#804,.T.);
#1211=EDGE_CURVE('',#984,#985,#805,.T.);
#1212=EDGE_CURVE('',#985,#983,#486,.T.);
#1213=EDGE_CURVE('',#982,#984,#487,.T.);
#1214=EDGE_CURVE('',#986,#987,#806,.T.);
#1215=EDGE_CURVE('',#987,#985,#807,.T.);
#1216=EDGE_CURVE('',#984,#986,#808,.T.);
#1217=EDGE_CURVE('',#978,#975,#103,.T.);
#1218=EDGE_CURVE('',#974,#979,#104,.T.);
#1219=EDGE_CURVE('',#988,#989,#809,.T.);
#1220=EDGE_CURVE('',#989,#990,#488,.T.);
#1221=EDGE_CURVE('',#990,#991,#810,.T.);
#1222=EDGE_CURVE('',#991,#988,#489,.T.);
#1223=EDGE_CURVE('',#992,#993,#811,.T.);
#1224=EDGE_CURVE('',#993,#991,#105,.T.);
#1225=EDGE_CURVE('',#990,#992,#106,.T.);
#1226=EDGE_CURVE('',#992,#987,#107,.T.);
#1227=EDGE_CURVE('',#986,#993,#108,.T.);
#1228=EDGE_CURVE('',#994,#995,#812,.T.);
#1229=EDGE_CURVE('',#995,#989,#109,.T.);
#1230=EDGE_CURVE('',#988,#994,#110,.T.);
#1231=EDGE_CURVE('',#996,#997,#813,.T.);
#1232=EDGE_CURVE('',#997,#998,#814,.T.);
#1233=EDGE_CURVE('',#998,#999,#815,.T.);
#1234=EDGE_CURVE('',#999,#996,#816,.T.);
#1235=EDGE_CURVE('',#1000,#1001,#817,.T.);
#1236=EDGE_CURVE('',#1001,#999,#490,.T.);
#1237=EDGE_CURVE('',#998,#1000,#491,.T.);
#1238=EDGE_CURVE('',#1002,#1003,#818,.T.);
#1239=EDGE_CURVE('',#1003,#1001,#819,.T.);
#1240=EDGE_CURVE('',#1000,#1002,#820,.T.);
#1241=EDGE_CURVE('',#1004,#1005,#821,.T.);
#1242=EDGE_CURVE('',#1005,#1003,#492,.T.);
#1243=EDGE_CURVE('',#1002,#1004,#493,.T.);
#1244=EDGE_CURVE('',#1006,#1007,#822,.T.);
#1245=EDGE_CURVE('',#1007,#1005,#823,.T.);
#1246=EDGE_CURVE('',#1004,#1006,#824,.T.);
#1247=EDGE_CURVE('',#996,#995,#111,.T.);
#1248=EDGE_CURVE('',#994,#997,#112,.T.);
#1249=EDGE_CURVE('',#1008,#1009,#825,.T.);
#1250=EDGE_CURVE('',#1009,#973,#113,.T.);
#1251=EDGE_CURVE('',#972,#1008,#114,.T.);
#1252=EDGE_CURVE('',#1008,#1007,#115,.T.);
#1253=EDGE_CURVE('',#1006,#1009,#116,.T.);
#1254=EDGE_CURVE('',#1010,#987,#494,.T.);
#1255=EDGE_CURVE('',#1011,#1010,#495,.T.);
#1256=EDGE_CURVE('',#1012,#1011,#496,.T.);
#1257=EDGE_CURVE('',#1013,#1012,#497,.T.);
#1258=EDGE_CURVE('',#978,#1013,#498,.T.);
#1259=EDGE_CURVE('',#1014,#1014,#826,.T.);
#1260=EDGE_CURVE('',#992,#1015,#827,.T.);
#1261=EDGE_CURVE('',#1015,#1016,#499,.T.);
#1262=EDGE_CURVE('',#1010,#1016,#15,.T.);
#1263=EDGE_CURVE('',#1017,#990,#828,.T.);
#1264=EDGE_CURVE('',#1017,#1015,#829,.T.);
#1265=EDGE_CURVE('',#1018,#989,#830,.T.);
#1266=EDGE_CURVE('',#1018,#1017,#500,.T.);
#1267=EDGE_CURVE('',#1019,#995,#831,.T.);
#1268=EDGE_CURVE('',#1019,#1018,#832,.T.);
#1269=EDGE_CURVE('',#1004,#976,#501,.T.);
#1270=EDGE_CURVE('',#1020,#1021,#833,.T.);
#1271=EDGE_CURVE('',#1021,#1022,#834,.T.);
#1272=EDGE_CURVE('',#1022,#1023,#835,.T.);
#1273=EDGE_CURVE('',#1023,#1020,#836,.T.);
#1274=EDGE_CURVE('',#1024,#1025,#837,.T.);
#1275=EDGE_CURVE('',#1025,#1023,#502,.T.);
#1276=EDGE_CURVE('',#1022,#1024,#503,.T.);
#1277=EDGE_CURVE('',#1026,#1027,#838,.T.);
#1278=EDGE_CURVE('',#1027,#1025,#839,.T.);
#1279=EDGE_CURVE('',#1024,#1026,#840,.T.);
#1280=EDGE_CURVE('',#1028,#1029,#841,.T.);
#1281=EDGE_CURVE('',#1029,#1027,#504,.T.);
#1282=EDGE_CURVE('',#1026,#1028,#505,.T.);
#1283=EDGE_CURVE('',#1030,#1031,#842,.T.);
#1284=EDGE_CURVE('',#1031,#1029,#843,.T.);
#1285=EDGE_CURVE('',#1028,#1030,#844,.T.);
#1286=EDGE_CURVE('',#1032,#1033,#845,.T.);
#1287=EDGE_CURVE('',#1033,#1034,#506,.T.);
#1288=EDGE_CURVE('',#1034,#1035,#846,.T.);
#1289=EDGE_CURVE('',#1035,#1032,#507,.T.);
#1290=EDGE_CURVE('',#1036,#1037,#847,.T.);
#1291=EDGE_CURVE('',#1037,#1035,#117,.T.);
#1292=EDGE_CURVE('',#1034,#1036,#118,.T.);
#1293=EDGE_CURVE('',#1036,#1031,#119,.T.);
#1294=EDGE_CURVE('',#1030,#1037,#120,.T.);
#1295=EDGE_CURVE('',#1038,#1039,#848,.T.);
#1296=EDGE_CURVE('',#1039,#1033,#121,.T.);
#1297=EDGE_CURVE('',#1032,#1038,#122,.T.);
#1298=EDGE_CURVE('',#1040,#1041,#849,.T.);
#1299=EDGE_CURVE('',#1041,#1042,#850,.T.);
#1300=EDGE_CURVE('',#1042,#1043,#851,.T.);
#1301=EDGE_CURVE('',#1043,#1040,#852,.T.);
#1302=EDGE_CURVE('',#1044,#1045,#853,.T.);
#1303=EDGE_CURVE('',#1045,#1041,#508,.T.);
#1304=EDGE_CURVE('',#1040,#1044,#509,.T.);
#1305=EDGE_CURVE('',#1046,#1047,#854,.T.);
#1306=EDGE_CURVE('',#1047,#1045,#855,.T.);
#1307=EDGE_CURVE('',#1044,#1046,#856,.T.);
#1308=EDGE_CURVE('',#1048,#1049,#857,.T.);
#1309=EDGE_CURVE('',#1049,#1047,#510,.T.);
#1310=EDGE_CURVE('',#1046,#1048,#511,.T.);
#1311=EDGE_CURVE('',#1050,#1051,#858,.T.);
#1312=EDGE_CURVE('',#1051,#1049,#859,.T.);
#1313=EDGE_CURVE('',#1048,#1050,#860,.T.);
#1314=EDGE_CURVE('',#1042,#1039,#123,.T.);
#1315=EDGE_CURVE('',#1038,#1043,#124,.T.);
#1316=EDGE_CURVE('',#1052,#1053,#861,.T.);
#1317=EDGE_CURVE('',#1053,#1054,#512,.T.);
#1318=EDGE_CURVE('',#1054,#1055,#862,.T.);
#1319=EDGE_CURVE('',#1055,#1052,#513,.T.);
#1320=EDGE_CURVE('',#1056,#1057,#863,.T.);
#1321=EDGE_CURVE('',#1057,#1055,#125,.T.);
#1322=EDGE_CURVE('',#1054,#1056,#126,.T.);
#1323=EDGE_CURVE('',#1056,#1051,#127,.T.);
#1324=EDGE_CURVE('',#1050,#1057,#128,.T.);
#1325=EDGE_CURVE('',#1058,#1059,#864,.T.);
#1326=EDGE_CURVE('',#1059,#1053,#129,.T.);
#1327=EDGE_CURVE('',#1052,#1058,#130,.T.);
#1328=EDGE_CURVE('',#1020,#1059,#131,.T.);
#1329=EDGE_CURVE('',#1058,#1021,#132,.T.);
#1330=EDGE_CURVE('',#1060,#1039,#865,.T.);
#1331=EDGE_CURVE('',#1060,#1061,#866,.T.);
#1332=EDGE_CURVE('',#1061,#1033,#867,.T.);
#1333=EDGE_CURVE('',#1042,#1062,#514,.T.);
#1334=EDGE_CURVE('',#1063,#1062,#16,.T.);
#1335=EDGE_CURVE('',#1063,#1060,#515,.T.);
#1336=EDGE_CURVE('',#1064,#1051,#516,.T.);
#1337=EDGE_CURVE('',#1065,#1064,#517,.T.);
#1338=EDGE_CURVE('',#1066,#1065,#518,.T.);
#1339=EDGE_CURVE('',#1062,#1066,#519,.T.);
#1340=EDGE_CURVE('',#1067,#1067,#868,.T.);
#1341=EDGE_CURVE('',#1068,#1056,#869,.T.);
#1342=EDGE_CURVE('',#1068,#1069,#520,.T.);
#1343=EDGE_CURVE('',#1064,#1069,#17,.T.);
#1344=EDGE_CURVE('',#1070,#1054,#870,.T.);
#1345=EDGE_CURVE('',#1070,#1068,#871,.T.);
#1346=EDGE_CURVE('',#1071,#1053,#872,.T.);
#1347=EDGE_CURVE('',#1071,#1070,#521,.T.);
#1348=EDGE_CURVE('',#1026,#1044,#522,.T.);
#1349=EDGE_CURVE('',#1028,#1040,#523,.T.);
#1350=EDGE_CURVE('',#1024,#1046,#524,.T.);
#1351=EDGE_CURVE('',#1048,#1022,#525,.T.);
#1352=EDGE_CURVE('',#1072,#1073,#873,.T.);
#1353=EDGE_CURVE('',#1072,#1074,#526,.T.);
#1354=EDGE_CURVE('',#1074,#1075,#874,.T.);
#1355=EDGE_CURVE('',#1075,#1073,#527,.T.);
#1356=EDGE_CURVE('',#1076,#1075,#528,.T.);
#1357=EDGE_CURVE('',#1077,#1076,#529,.T.);
#1358=EDGE_CURVE('',#1073,#1077,#530,.T.);
#1359=EDGE_CURVE('',#1078,#1079,#875,.T.);
#1360=EDGE_CURVE('',#1078,#1080,#531,.T.);
#1361=EDGE_CURVE('',#1080,#1081,#876,.T.);
#1362=EDGE_CURVE('',#1081,#1079,#532,.T.);
#1363=EDGE_CURVE('',#1079,#1072,#533,.T.);
#1364=EDGE_CURVE('',#1074,#1081,#534,.T.);
#1365=EDGE_CURVE('',#1082,#1083,#877,.T.);
#1366=EDGE_CURVE('',#1082,#1084,#535,.T.);
#1367=EDGE_CURVE('',#1084,#1085,#878,.T.);
#1368=EDGE_CURVE('',#1085,#1083,#536,.T.);
#1369=EDGE_CURVE('',#1083,#1078,#537,.T.);
#1370=EDGE_CURVE('',#1080,#1085,#538,.T.);
#1371=EDGE_CURVE('',#1086,#1087,#879,.T.);
#1372=EDGE_CURVE('',#1086,#1088,#539,.T.);
#1373=EDGE_CURVE('',#1088,#1089,#880,.T.);
#1374=EDGE_CURVE('',#1089,#1087,#540,.T.);
#1375=EDGE_CURVE('',#1087,#1082,#541,.T.);
#1376=EDGE_CURVE('',#1084,#1089,#542,.T.);
#1377=EDGE_CURVE('',#1076,#1090,#881,.T.);
#1378=EDGE_CURVE('',#1090,#1091,#543,.T.);
#1379=EDGE_CURVE('',#1091,#1077,#882,.F.);
#1380=EDGE_CURVE('',#1092,#1090,#544,.T.);
#1381=EDGE_CURVE('',#1093,#1092,#545,.T.);
#1382=EDGE_CURVE('',#1091,#1093,#546,.T.);
#1383=EDGE_CURVE('',#1088,#1094,#547,.T.);
#1384=EDGE_CURVE('',#1095,#1094,#883,.T.);
#1385=EDGE_CURVE('',#1095,#1096,#548,.T.);
#1386=EDGE_CURVE('',#1097,#1096,#884,.T.);
#1387=EDGE_CURVE('',#1097,#1098,#549,.T.);
#1388=EDGE_CURVE('',#1099,#1098,#885,.T.);
#1389=EDGE_CURVE('',#1099,#1100,#550,.T.);
#1390=EDGE_CURVE('',#1101,#1100,#886,.T.);
#1391=EDGE_CURVE('',#1101,#1102,#551,.T.);
#1392=EDGE_CURVE('',#1103,#1102,#887,.T.);
#1393=EDGE_CURVE('',#1103,#1104,#552,.T.);
#1394=EDGE_CURVE('',#1105,#1104,#888,.T.);
#1395=EDGE_CURVE('',#1105,#1106,#553,.T.);
#1396=EDGE_CURVE('',#1092,#1106,#889,.T.);
#1397=EDGE_CURVE('',#1106,#1107,#554,.T.);
#1398=EDGE_CURVE('',#1107,#1093,#890,.F.);
#1399=EDGE_CURVE('',#1107,#1108,#555,.T.);
#1400=EDGE_CURVE('',#1109,#1105,#556,.T.);
#1401=EDGE_CURVE('',#1110,#1109,#557,.T.);
#1402=EDGE_CURVE('',#1098,#1110,#558,.T.);
#1403=EDGE_CURVE('',#1108,#1097,#559,.T.);
#1404=EDGE_CURVE('',#1096,#1111,#560,.T.);
#1405=EDGE_CURVE('',#1111,#1108,#891,.F.);
#1406=EDGE_CURVE('',#1112,#1095,#561,.T.);
#1407=EDGE_CURVE('',#1111,#1112,#562,.T.);
#1408=EDGE_CURVE('',#1094,#1113,#563,.T.);
#1409=EDGE_CURVE('',#1113,#1112,#892,.F.);
#1410=EDGE_CURVE('',#1113,#1086,#564,.T.);
#1411=EDGE_CURVE('',#1100,#1114,#565,.T.);
#1412=EDGE_CURVE('',#1114,#1115,#893,.T.);
#1413=EDGE_CURVE('',#1115,#1101,#566,.T.);
#1414=EDGE_CURVE('',#1116,#1099,#567,.T.);
#1415=EDGE_CURVE('',#1114,#1116,#568,.T.);
#1416=EDGE_CURVE('',#1102,#1117,#569,.T.);
#1417=EDGE_CURVE('',#1117,#1118,#894,.T.);
#1418=EDGE_CURVE('',#1118,#1103,#570,.T.);
#1419=EDGE_CURVE('',#1119,#1118,#571,.T.);
#1420=EDGE_CURVE('',#1104,#1119,#572,.T.);
#1421=EDGE_CURVE('',#1110,#1116,#895,.T.);
#1422=EDGE_CURVE('',#1119,#1109,#896,.T.);
#1423=EDGE_CURVE('',#1117,#1115,#573,.T.);
#1424=EDGE_CURVE('',#1120,#1121,#897,.T.);
#1425=EDGE_CURVE('',#1122,#1120,#574,.T.);
#1426=EDGE_CURVE('',#1123,#1122,#898,.T.);
#1427=EDGE_CURVE('',#1124,#1123,#575,.T.);
#1428=EDGE_CURVE('',#1125,#1124,#899,.T.);
#1429=EDGE_CURVE('',#1126,#1125,#576,.T.);
#1430=EDGE_CURVE('',#1127,#1126,#900,.T.);
#1431=EDGE_CURVE('',#1121,#1127,#577,.T.);
#1432=EDGE_CURVE('',#1128,#1129,#578,.T.);
#1433=EDGE_CURVE('',#1069,#1128,#579,.T.);
#1434=EDGE_CURVE('',#1130,#1071,#901,.T.);
#1435=EDGE_CURVE('',#1131,#1130,#580,.T.);
#1436=EDGE_CURVE('',#1132,#1131,#902,.T.);
#1437=EDGE_CURVE('',#1061,#1132,#581,.T.);
#1438=EDGE_CURVE('',#1016,#1063,#582,.T.);
#1439=EDGE_CURVE('',#1133,#1019,#583,.T.);
#1440=EDGE_CURVE('',#1134,#1133,#903,.T.);
#1441=EDGE_CURVE('',#1135,#1134,#584,.T.);
#1442=EDGE_CURVE('',#1129,#1135,#904,.T.);
#1443=EDGE_CURVE('',#1136,#1137,#905,.T.);
#1444=EDGE_CURVE('',#1138,#1136,#585,.T.);
#1445=EDGE_CURVE('',#1139,#1138,#906,.T.);
#1446=EDGE_CURVE('',#1140,#1139,#586,.T.);
#1447=EDGE_CURVE('',#1141,#1140,#907,.T.);
#1448=EDGE_CURVE('',#1142,#1141,#587,.T.);
#1449=EDGE_CURVE('',#1143,#1142,#908,.T.);
#1450=EDGE_CURVE('',#1137,#1143,#588,.T.);
#1451=EDGE_CURVE('',#1144,#1120,#909,.T.);
#1452=EDGE_CURVE('',#1121,#1145,#910,.T.);
#1453=EDGE_CURVE('',#1145,#1144,#911,.T.);
#1454=EDGE_CURVE('',#1127,#1146,#912,.T.);
#1455=EDGE_CURVE('',#1146,#1145,#589,.T.);
#1456=EDGE_CURVE('',#1126,#1147,#913,.T.);
#1457=EDGE_CURVE('',#1147,#1146,#914,.T.);
#1458=EDGE_CURVE('',#1125,#1148,#915,.T.);
#1459=EDGE_CURVE('',#1148,#1147,#590,.T.);
#1460=EDGE_CURVE('',#1124,#1149,#916,.T.);
#1461=EDGE_CURVE('',#1149,#1148,#917,.T.);
#1462=EDGE_CURVE('',#1123,#1150,#918,.T.);
#1463=EDGE_CURVE('',#1150,#1149,#591,.T.);
#1464=EDGE_CURVE('',#1122,#1151,#919,.T.);
#1465=EDGE_CURVE('',#1151,#1150,#920,.T.);
#1466=EDGE_CURVE('',#1144,#1151,#592,.T.);
#1467=EDGE_CURVE('',#1152,#1150,#593,.T.);
#1468=EDGE_CURVE('',#1153,#1152,#921,.T.);
#1469=EDGE_CURVE('',#1149,#1153,#594,.T.);
#1470=EDGE_CURVE('',#1154,#1154,#922,.T.);
#1471=EDGE_CURVE('',#1151,#1155,#595,.T.);
#1472=EDGE_CURVE('',#1152,#1155,#923,.T.);
#1473=EDGE_CURVE('',#1156,#1144,#596,.T.);
#1474=EDGE_CURVE('',#1155,#1156,#597,.T.);
#1475=EDGE_CURVE('',#1145,#1157,#598,.T.);
#1476=EDGE_CURVE('',#1156,#1157,#924,.T.);
#1477=EDGE_CURVE('',#1153,#1158,#925,.T.);
#1478=EDGE_CURVE('',#1158,#1148,#599,.T.);
#1479=EDGE_CURVE('',#1155,#1158,#926,.T.);
#1480=EDGE_CURVE('',#1147,#1159,#600,.T.);
#1481=EDGE_CURVE('',#1159,#1160,#927,.T.);
#1482=EDGE_CURVE('',#1160,#1146,#601,.T.);
#1483=EDGE_CURVE('',#1157,#1160,#928,.T.);
#1484=EDGE_CURVE('',#1159,#1156,#929,.T.);
#1485=EDGE_CURVE('',#1158,#1159,#602,.T.);
#1486=EDGE_CURVE('',#1161,#1136,#930,.T.);
#1487=EDGE_CURVE('',#1137,#1162,#931,.T.);
#1488=EDGE_CURVE('',#1162,#1161,#932,.T.);
#1489=EDGE_CURVE('',#1143,#1163,#933,.T.);
#1490=EDGE_CURVE('',#1163,#1162,#603,.T.);
#1491=EDGE_CURVE('',#1142,#1164,#934,.T.);
#1492=EDGE_CURVE('',#1164,#1163,#935,.T.);
#1493=EDGE_CURVE('',#1141,#1165,#936,.T.);
#1494=EDGE_CURVE('',#1165,#1164,#604,.T.);
#1495=EDGE_CURVE('',#1140,#1166,#937,.T.);
#1496=EDGE_CURVE('',#1166,#1165,#938,.T.);
#1497=EDGE_CURVE('',#1139,#1167,#939,.T.);
#1498=EDGE_CURVE('',#1167,#1166,#605,.T.);
#1499=EDGE_CURVE('',#1138,#1168,#940,.T.);
#1500=EDGE_CURVE('',#1168,#1167,#941,.T.);
#1501=EDGE_CURVE('',#1161,#1168,#606,.T.);
#1502=EDGE_CURVE('',#1169,#1167,#607,.T.);
#1503=EDGE_CURVE('',#1170,#1169,#942,.T.);
#1504=EDGE_CURVE('',#1166,#1170,#608,.T.);
#1505=EDGE_CURVE('',#1171,#1171,#943,.T.);
#1506=EDGE_CURVE('',#1168,#1172,#609,.T.);
#1507=EDGE_CURVE('',#1172,#1169,#944,.T.);
#1508=EDGE_CURVE('',#1173,#1161,#610,.T.);
#1509=EDGE_CURVE('',#1173,#1172,#611,.T.);
#1510=EDGE_CURVE('',#1162,#1174,#612,.T.);
#1511=EDGE_CURVE('',#1174,#1173,#945,.T.);
#1512=EDGE_CURVE('',#1175,#1170,#946,.T.);
#1513=EDGE_CURVE('',#1172,#1175,#947,.T.);
#1514=EDGE_CURVE('',#1175,#1165,#613,.T.);
#1515=EDGE_CURVE('',#1176,#1175,#614,.T.);
#1516=EDGE_CURVE('',#1164,#1176,#615,.T.);
#1517=EDGE_CURVE('',#1176,#1173,#948,.T.);
#1518=EDGE_CURVE('',#1177,#1176,#949,.T.);
#1519=EDGE_CURVE('',#1174,#1177,#950,.T.);
#1520=EDGE_CURVE('',#1177,#1163,#616,.T.);
#1521=EDGE_CURVE('',#1178,#1178,#951,.T.);
#1522=EDGE_CURVE('',#1171,#1178,#617,.T.);
#1523=EDGE_CURVE('',#1179,#1179,#952,.T.);
#1524=EDGE_CURVE('',#1179,#1154,#618,.T.);
#1525=EDGE_CURVE('',#1013,#1180,#953,.T.);
#1526=EDGE_CURVE('',#1180,#1128,#18,.T.);
#1527=EDGE_CURVE('',#1128,#1013,#19,.T.);
#1528=EDGE_CURVE('',#1181,#1064,#954,.T.);
#1529=EDGE_CURVE('',#1069,#1181,#20,.T.);
#1530=EDGE_CURVE('',#1062,#1182,#955,.T.);
#1531=EDGE_CURVE('',#1182,#1063,#21,.T.);
#1532=EDGE_CURVE('',#1183,#1010,#956,.T.);
#1533=EDGE_CURVE('',#1016,#1183,#22,.T.);
#1534=EDGE_CURVE('',#1129,#975,#957,.T.);
#1535=EDGE_CURVE('',#1135,#971,#958,.T.);
#1536=EDGE_CURVE('',#1134,#972,#959,.T.);
#1537=EDGE_CURVE('',#1133,#1008,#960,.T.);
#1538=EDGE_CURVE('',#996,#1007,#619,.T.);
#1539=EDGE_CURVE('',#1182,#1184,#620,.T.);
#1540=EDGE_CURVE('',#1185,#1184,#621,.T.);
#1541=EDGE_CURVE('',#1185,#1183,#622,.T.);
#1542=EDGE_CURVE('',#1132,#1034,#961,.T.);
#1543=EDGE_CURVE('',#1131,#1036,#962,.T.);
#1544=EDGE_CURVE('',#1130,#1059,#963,.T.);
#1545=EDGE_CURVE('',#1020,#1031,#623,.T.);
#1546=EDGE_CURVE('',#1180,#1186,#624,.T.);
#1547=EDGE_CURVE('',#1187,#1186,#625,.T.);
#1548=EDGE_CURVE('',#1187,#1181,#626,.T.);
#1549=EDGE_CURVE('',#1188,#1187,#964,.T.);
#1550=EDGE_CURVE('',#1181,#1188,#627,.T.);
#1551=EDGE_CURVE('',#1189,#1180,#628,.T.);
#1552=EDGE_CURVE('',#1186,#1189,#965,.T.);
#1553=EDGE_CURVE('',#1189,#1012,#133,.T.);
#1554=EDGE_CURVE('',#1190,#1190,#966,.T.);
#1555=EDGE_CURVE('',#1183,#1191,#629,.T.);
#1556=EDGE_CURVE('',#1011,#1191,#134,.T.);
#1557=EDGE_CURVE('',#1192,#1182,#630,.T.);
#1558=EDGE_CURVE('',#1184,#1192,#967,.T.);
#1559=EDGE_CURVE('',#1191,#1185,#968,.T.);
#1560=EDGE_CURVE('',#984,#998,#631,.T.);
#1561=EDGE_CURVE('',#1185,#1186,#632,.T.);
#1562=EDGE_CURVE('',#1187,#1184,#633,.T.);
#1563=EDGE_CURVE('',#1066,#1192,#135,.T.);
#1564=EDGE_CURVE('',#1065,#1188,#136,.T.);
#1565=EDGE_CURVE('',#1014,#1190,#634,.T.);
#1566=EDGE_CURVE('',#1002,#980,#635,.T.);
#1567=EDGE_CURVE('',#1000,#982,#636,.T.);
#1568=EDGE_CURVE('',#1067,#1193,#637,.T.);
#1569=EDGE_CURVE('',#1193,#1193,#969,.T.);
#1570=ORIENTED_EDGE('',*,*,#1194,.T.);
#1571=ORIENTED_EDGE('',*,*,#1195,.T.);
#1572=ORIENTED_EDGE('',*,*,#1196,.T.);
#1573=ORIENTED_EDGE('',*,*,#1197,.T.);
#1574=ORIENTED_EDGE('',*,*,#1198,.T.);
#1575=ORIENTED_EDGE('',*,*,#1199,.T.);
#1576=ORIENTED_EDGE('',*,*,#1194,.F.);
#1577=ORIENTED_EDGE('',*,*,#1200,.T.);
#1578=ORIENTED_EDGE('',*,*,#1201,.T.);
#1579=ORIENTED_EDGE('',*,*,#1202,.T.);
#1580=ORIENTED_EDGE('',*,*,#1203,.T.);
#1581=ORIENTED_EDGE('',*,*,#1204,.T.);
#1582=ORIENTED_EDGE('',*,*,#1205,.T.);
#1583=ORIENTED_EDGE('',*,*,#1206,.T.);
#1584=ORIENTED_EDGE('',*,*,#1201,.F.);
#1585=ORIENTED_EDGE('',*,*,#1207,.T.);
#1586=ORIENTED_EDGE('',*,*,#1208,.T.);
#1587=ORIENTED_EDGE('',*,*,#1209,.T.);
#1588=ORIENTED_EDGE('',*,*,#1205,.F.);
#1589=ORIENTED_EDGE('',*,*,#1210,.T.);
#1590=ORIENTED_EDGE('',*,*,#1211,.T.);
#1591=ORIENTED_EDGE('',*,*,#1212,.T.);
#1592=ORIENTED_EDGE('',*,*,#1208,.F.);
#1593=ORIENTED_EDGE('',*,*,#1213,.T.);
#1594=ORIENTED_EDGE('',*,*,#1214,.T.);
#1595=ORIENTED_EDGE('',*,*,#1215,.T.);
#1596=ORIENTED_EDGE('',*,*,#1211,.F.);
#1597=ORIENTED_EDGE('',*,*,#1216,.T.);
#1598=ORIENTED_EDGE('',*,*,#1203,.F.);
#1599=ORIENTED_EDGE('',*,*,#1217,.T.);
#1600=ORIENTED_EDGE('',*,*,#1198,.F.);
#1601=ORIENTED_EDGE('',*,*,#1218,.T.);
#1602=ORIENTED_EDGE('',*,*,#1219,.T.);
#1603=ORIENTED_EDGE('',*,*,#1220,.T.);
#1604=ORIENTED_EDGE('',*,*,#1221,.T.);
#1605=ORIENTED_EDGE('',*,*,#1222,.T.);
#1606=ORIENTED_EDGE('',*,*,#1223,.T.);
#1607=ORIENTED_EDGE('',*,*,#1224,.T.);
#1608=ORIENTED_EDGE('',*,*,#1221,.F.);
#1609=ORIENTED_EDGE('',*,*,#1225,.T.);
#1610=ORIENTED_EDGE('',*,*,#1223,.F.);
#1611=ORIENTED_EDGE('',*,*,#1226,.T.);
#1612=ORIENTED_EDGE('',*,*,#1214,.F.);
#1613=ORIENTED_EDGE('',*,*,#1227,.T.);
#1614=ORIENTED_EDGE('',*,*,#1228,.T.);
#1615=ORIENTED_EDGE('',*,*,#1229,.T.);
#1616=ORIENTED_EDGE('',*,*,#1219,.F.);
#1617=ORIENTED_EDGE('',*,*,#1230,.T.);
#1618=ORIENTED_EDGE('',*,*,#1231,.T.);
#1619=ORIENTED_EDGE('',*,*,#1232,.T.);
#1620=ORIENTED_EDGE('',*,*,#1233,.T.);
#1621=ORIENTED_EDGE('',*,*,#1234,.T.);
#1622=ORIENTED_EDGE('',*,*,#1235,.T.);
#1623=ORIENTED_EDGE('',*,*,#1236,.T.);
#1624=ORIENTED_EDGE('',*,*,#1233,.F.);
#1625=ORIENTED_EDGE('',*,*,#1237,.T.);
#1626=ORIENTED_EDGE('',*,*,#1238,.T.);
#1627=ORIENTED_EDGE('',*,*,#1239,.T.);
#1628=ORIENTED_EDGE('',*,*,#1235,.F.);
#1629=ORIENTED_EDGE('',*,*,#1240,.T.);
#1630=ORIENTED_EDGE('',*,*,#1241,.T.);
#1631=ORIENTED_EDGE('',*,*,#1242,.T.);
#1632=ORIENTED_EDGE('',*,*,#1238,.F.);
#1633=ORIENTED_EDGE('',*,*,#1243,.T.);
#1634=ORIENTED_EDGE('',*,*,#1244,.T.);
#1635=ORIENTED_EDGE('',*,*,#1245,.T.);
#1636=ORIENTED_EDGE('',*,*,#1241,.F.);
#1637=ORIENTED_EDGE('',*,*,#1246,.T.);
#1638=ORIENTED_EDGE('',*,*,#1231,.F.);
#1639=ORIENTED_EDGE('',*,*,#1247,.T.);
#1640=ORIENTED_EDGE('',*,*,#1228,.F.);
#1641=ORIENTED_EDGE('',*,*,#1248,.T.);
#1642=ORIENTED_EDGE('',*,*,#1249,.T.);
#1643=ORIENTED_EDGE('',*,*,#1250,.T.);
#1644=ORIENTED_EDGE('',*,*,#1196,.F.);
#1645=ORIENTED_EDGE('',*,*,#1251,.T.);
#1646=ORIENTED_EDGE('',*,*,#1249,.F.);
#1647=ORIENTED_EDGE('',*,*,#1252,.T.);
#1648=ORIENTED_EDGE('',*,*,#1244,.F.);
#1649=ORIENTED_EDGE('',*,*,#1253,.T.);
#1650=ORIENTED_EDGE('',*,*,#1202,.F.);
#1651=ORIENTED_EDGE('',*,*,#1206,.F.);
#1652=ORIENTED_EDGE('',*,*,#1209,.F.);
#1653=ORIENTED_EDGE('',*,*,#1212,.F.);
#1654=ORIENTED_EDGE('',*,*,#1215,.F.);
#1655=ORIENTED_EDGE('',*,*,#1254,.F.);
#1656=ORIENTED_EDGE('',*,*,#1255,.F.);
#1657=ORIENTED_EDGE('',*,*,#1256,.F.);
#1658=ORIENTED_EDGE('',*,*,#1257,.F.);
#1659=ORIENTED_EDGE('',*,*,#1258,.F.);
#1660=ORIENTED_EDGE('',*,*,#1259,.F.);
#1661=ORIENTED_EDGE('',*,*,#1226,.F.);
#1662=ORIENTED_EDGE('',*,*,#1260,.T.);
#1663=ORIENTED_EDGE('',*,*,#1261,.T.);
#1664=ORIENTED_EDGE('',*,*,#1262,.F.);
#1665=ORIENTED_EDGE('',*,*,#1254,.T.);
#1666=ORIENTED_EDGE('',*,*,#1225,.F.);
#1667=ORIENTED_EDGE('',*,*,#1263,.F.);
#1668=ORIENTED_EDGE('',*,*,#1264,.T.);
#1669=ORIENTED_EDGE('',*,*,#1260,.F.);
#1670=ORIENTED_EDGE('',*,*,#1220,.F.);
#1671=ORIENTED_EDGE('',*,*,#1265,.F.);
#1672=ORIENTED_EDGE('',*,*,#1266,.T.);
#1673=ORIENTED_EDGE('',*,*,#1263,.T.);
#1674=ORIENTED_EDGE('',*,*,#1229,.F.);
#1675=ORIENTED_EDGE('',*,*,#1267,.F.);
#1676=ORIENTED_EDGE('',*,*,#1268,.T.);
#1677=ORIENTED_EDGE('',*,*,#1265,.T.);
#1678=ORIENTED_EDGE('',*,*,#1204,.F.);
#1679=ORIENTED_EDGE('',*,*,#1218,.F.);
#1680=ORIENTED_EDGE('',*,*,#1200,.F.);
#1681=ORIENTED_EDGE('',*,*,#1197,.F.);
#1682=ORIENTED_EDGE('',*,*,#1250,.F.);
#1683=ORIENTED_EDGE('',*,*,#1253,.F.);
#1684=ORIENTED_EDGE('',*,*,#1246,.F.);
#1685=ORIENTED_EDGE('',*,*,#1269,.T.);
#1686=ORIENTED_EDGE('',*,*,#1270,.T.);
#1687=ORIENTED_EDGE('',*,*,#1271,.T.);
#1688=ORIENTED_EDGE('',*,*,#1272,.T.);
#1689=ORIENTED_EDGE('',*,*,#1273,.T.);
#1690=ORIENTED_EDGE('',*,*,#1274,.T.);
#1691=ORIENTED_EDGE('',*,*,#1275,.T.);
#1692=ORIENTED_EDGE('',*,*,#1272,.F.);
#1693=ORIENTED_EDGE('',*,*,#1276,.T.);
#1694=ORIENTED_EDGE('',*,*,#1277,.T.);
#1695=ORIENTED_EDGE('',*,*,#1278,.T.);
#1696=ORIENTED_EDGE('',*,*,#1274,.F.);
#1697=ORIENTED_EDGE('',*,*,#1279,.T.);
#1698=ORIENTED_EDGE('',*,*,#1280,.T.);
#1699=ORIENTED_EDGE('',*,*,#1281,.T.);
#1700=ORIENTED_EDGE('',*,*,#1277,.F.);
#1701=ORIENTED_EDGE('',*,*,#1282,.T.);
#1702=ORIENTED_EDGE('',*,*,#1283,.T.);
#1703=ORIENTED_EDGE('',*,*,#1284,.T.);
#1704=ORIENTED_EDGE('',*,*,#1280,.F.);
#1705=ORIENTED_EDGE('',*,*,#1285,.T.);
#1706=ORIENTED_EDGE('',*,*,#1286,.T.);
#1707=ORIENTED_EDGE('',*,*,#1287,.T.);
#1708=ORIENTED_EDGE('',*,*,#1288,.T.);
#1709=ORIENTED_EDGE('',*,*,#1289,.T.);
#1710=ORIENTED_EDGE('',*,*,#1290,.T.);
#1711=ORIENTED_EDGE('',*,*,#1291,.T.);
#1712=ORIENTED_EDGE('',*,*,#1288,.F.);
#1713=ORIENTED_EDGE('',*,*,#1292,.T.);
#1714=ORIENTED_EDGE('',*,*,#1290,.F.);
#1715=ORIENTED_EDGE('',*,*,#1293,.T.);
#1716=ORIENTED_EDGE('',*,*,#1283,.F.);
#1717=ORIENTED_EDGE('',*,*,#1294,.T.);
#1718=ORIENTED_EDGE('',*,*,#1295,.T.);
#1719=ORIENTED_EDGE('',*,*,#1296,.T.);
#1720=ORIENTED_EDGE('',*,*,#1286,.F.);
#1721=ORIENTED_EDGE('',*,*,#1297,.T.);
#1722=ORIENTED_EDGE('',*,*,#1298,.T.);
#1723=ORIENTED_EDGE('',*,*,#1299,.T.);
#1724=ORIENTED_EDGE('',*,*,#1300,.T.);
#1725=ORIENTED_EDGE('',*,*,#1301,.T.);
#1726=ORIENTED_EDGE('',*,*,#1302,.T.);
#1727=ORIENTED_EDGE('',*,*,#1303,.T.);
#1728=ORIENTED_EDGE('',*,*,#1298,.F.);
#1729=ORIENTED_EDGE('',*,*,#1304,.T.);
#1730=ORIENTED_EDGE('',*,*,#1305,.T.);
#1731=ORIENTED_EDGE('',*,*,#1306,.T.);
#1732=ORIENTED_EDGE('',*,*,#1302,.F.);
#1733=ORIENTED_EDGE('',*,*,#1307,.T.);
#1734=ORIENTED_EDGE('',*,*,#1308,.T.);
#1735=ORIENTED_EDGE('',*,*,#1309,.T.);
#1736=ORIENTED_EDGE('',*,*,#1305,.F.);
#1737=ORIENTED_EDGE('',*,*,#1310,.T.);
#1738=ORIENTED_EDGE('',*,*,#1311,.T.);
#1739=ORIENTED_EDGE('',*,*,#1312,.T.);
#1740=ORIENTED_EDGE('',*,*,#1308,.F.);
#1741=ORIENTED_EDGE('',*,*,#1313,.T.);
#1742=ORIENTED_EDGE('',*,*,#1300,.F.);
#1743=ORIENTED_EDGE('',*,*,#1314,.T.);
#1744=ORIENTED_EDGE('',*,*,#1295,.F.);
#1745=ORIENTED_EDGE('',*,*,#1315,.T.);
#1746=ORIENTED_EDGE('',*,*,#1316,.T.);
#1747=ORIENTED_EDGE('',*,*,#1317,.T.);
#1748=ORIENTED_EDGE('',*,*,#1318,.T.);
#1749=ORIENTED_EDGE('',*,*,#1319,.T.);
#1750=ORIENTED_EDGE('',*,*,#1320,.T.);
#1751=ORIENTED_EDGE('',*,*,#1321,.T.);
#1752=ORIENTED_EDGE('',*,*,#1318,.F.);
#1753=ORIENTED_EDGE('',*,*,#1322,.T.);
#1754=ORIENTED_EDGE('',*,*,#1320,.F.);
#1755=ORIENTED_EDGE('',*,*,#1323,.T.);
#1756=ORIENTED_EDGE('',*,*,#1311,.F.);
#1757=ORIENTED_EDGE('',*,*,#1324,.T.);
#1758=ORIENTED_EDGE('',*,*,#1325,.T.);
#1759=ORIENTED_EDGE('',*,*,#1326,.T.);
#1760=ORIENTED_EDGE('',*,*,#1316,.F.);
#1761=ORIENTED_EDGE('',*,*,#1327,.T.);
#1762=ORIENTED_EDGE('',*,*,#1270,.F.);
#1763=ORIENTED_EDGE('',*,*,#1328,.T.);
#1764=ORIENTED_EDGE('',*,*,#1325,.F.);
#1765=ORIENTED_EDGE('',*,*,#1329,.T.);
#1766=ORIENTED_EDGE('',*,*,#1296,.F.);
#1767=ORIENTED_EDGE('',*,*,#1330,.F.);
#1768=ORIENTED_EDGE('',*,*,#1331,.T.);
#1769=ORIENTED_EDGE('',*,*,#1332,.T.);
#1770=ORIENTED_EDGE('',*,*,#1314,.F.);
#1771=ORIENTED_EDGE('',*,*,#1333,.T.);
#1772=ORIENTED_EDGE('',*,*,#1334,.F.);
#1773=ORIENTED_EDGE('',*,*,#1335,.T.);
#1774=ORIENTED_EDGE('',*,*,#1330,.T.);
#1775=ORIENTED_EDGE('',*,*,#1299,.F.);
#1776=ORIENTED_EDGE('',*,*,#1303,.F.);
#1777=ORIENTED_EDGE('',*,*,#1306,.F.);
#1778=ORIENTED_EDGE('',*,*,#1309,.F.);
#1779=ORIENTED_EDGE('',*,*,#1312,.F.);
#1780=ORIENTED_EDGE('',*,*,#1336,.F.);
#1781=ORIENTED_EDGE('',*,*,#1337,.F.);
#1782=ORIENTED_EDGE('',*,*,#1338,.F.);
#1783=ORIENTED_EDGE('',*,*,#1339,.F.);
#1784=ORIENTED_EDGE('',*,*,#1333,.F.);
#1785=ORIENTED_EDGE('',*,*,#1340,.T.);
#1786=ORIENTED_EDGE('',*,*,#1323,.F.);
#1787=ORIENTED_EDGE('',*,*,#1341,.F.);
#1788=ORIENTED_EDGE('',*,*,#1342,.T.);
#1789=ORIENTED_EDGE('',*,*,#1343,.F.);
#1790=ORIENTED_EDGE('',*,*,#1336,.T.);
#1791=ORIENTED_EDGE('',*,*,#1322,.F.);
#1792=ORIENTED_EDGE('',*,*,#1344,.F.);
#1793=ORIENTED_EDGE('',*,*,#1345,.T.);
#1794=ORIENTED_EDGE('',*,*,#1341,.T.);
#1795=ORIENTED_EDGE('',*,*,#1317,.F.);
#1796=ORIENTED_EDGE('',*,*,#1346,.F.);
#1797=ORIENTED_EDGE('',*,*,#1347,.T.);
#1798=ORIENTED_EDGE('',*,*,#1344,.T.);
#1799=ORIENTED_EDGE('',*,*,#1282,.F.);
#1800=ORIENTED_EDGE('',*,*,#1348,.T.);
#1801=ORIENTED_EDGE('',*,*,#1304,.F.);
#1802=ORIENTED_EDGE('',*,*,#1349,.F.);
#1803=ORIENTED_EDGE('',*,*,#1279,.F.);
#1804=ORIENTED_EDGE('',*,*,#1350,.T.);
#1805=ORIENTED_EDGE('',*,*,#1307,.F.);
#1806=ORIENTED_EDGE('',*,*,#1348,.F.);
#1807=ORIENTED_EDGE('',*,*,#1276,.F.);
#1808=ORIENTED_EDGE('',*,*,#1351,.F.);
#1809=ORIENTED_EDGE('',*,*,#1310,.F.);
#1810=ORIENTED_EDGE('',*,*,#1350,.F.);
#1811=ORIENTED_EDGE('',*,*,#1271,.F.);
#1812=ORIENTED_EDGE('',*,*,#1329,.F.);
#1813=ORIENTED_EDGE('',*,*,#1327,.F.);
#1814=ORIENTED_EDGE('',*,*,#1319,.F.);
#1815=ORIENTED_EDGE('',*,*,#1321,.F.);
#1816=ORIENTED_EDGE('',*,*,#1324,.F.);
#1817=ORIENTED_EDGE('',*,*,#1313,.F.);
#1818=ORIENTED_EDGE('',*,*,#1351,.T.);
#1819=ORIENTED_EDGE('',*,*,#1352,.F.);
#1820=ORIENTED_EDGE('',*,*,#1353,.T.);
#1821=ORIENTED_EDGE('',*,*,#1354,.T.);
#1822=ORIENTED_EDGE('',*,*,#1355,.T.);
#1823=ORIENTED_EDGE('',*,*,#1355,.F.);
#1824=ORIENTED_EDGE('',*,*,#1356,.F.);
#1825=ORIENTED_EDGE('',*,*,#1357,.F.);
#1826=ORIENTED_EDGE('',*,*,#1358,.F.);
#1827=ORIENTED_EDGE('',*,*,#1359,.F.);
#1828=ORIENTED_EDGE('',*,*,#1360,.T.);
#1829=ORIENTED_EDGE('',*,*,#1361,.T.);
#1830=ORIENTED_EDGE('',*,*,#1362,.T.);
#1831=ORIENTED_EDGE('',*,*,#1353,.F.);
#1832=ORIENTED_EDGE('',*,*,#1363,.F.);
#1833=ORIENTED_EDGE('',*,*,#1362,.F.);
#1834=ORIENTED_EDGE('',*,*,#1364,.F.);
#1835=ORIENTED_EDGE('',*,*,#1365,.F.);
#1836=ORIENTED_EDGE('',*,*,#1366,.T.);
#1837=ORIENTED_EDGE('',*,*,#1367,.T.);
#1838=ORIENTED_EDGE('',*,*,#1368,.T.);
#1839=ORIENTED_EDGE('',*,*,#1360,.F.);
#1840=ORIENTED_EDGE('',*,*,#1369,.F.);
#1841=ORIENTED_EDGE('',*,*,#1368,.F.);
#1842=ORIENTED_EDGE('',*,*,#1370,.F.);
#1843=ORIENTED_EDGE('',*,*,#1371,.F.);
#1844=ORIENTED_EDGE('',*,*,#1372,.T.);
#1845=ORIENTED_EDGE('',*,*,#1373,.T.);
#1846=ORIENTED_EDGE('',*,*,#1374,.T.);
#1847=ORIENTED_EDGE('',*,*,#1366,.F.);
#1848=ORIENTED_EDGE('',*,*,#1375,.F.);
#1849=ORIENTED_EDGE('',*,*,#1374,.F.);
#1850=ORIENTED_EDGE('',*,*,#1376,.F.);
#1851=ORIENTED_EDGE('',*,*,#1377,.T.);
#1852=ORIENTED_EDGE('',*,*,#1378,.T.);
#1853=ORIENTED_EDGE('',*,*,#1379,.T.);
#1854=ORIENTED_EDGE('',*,*,#1357,.T.);
#1855=ORIENTED_EDGE('',*,*,#1378,.F.);
#1856=ORIENTED_EDGE('',*,*,#1380,.F.);
#1857=ORIENTED_EDGE('',*,*,#1381,.F.);
#1858=ORIENTED_EDGE('',*,*,#1382,.F.);
#1859=ORIENTED_EDGE('',*,*,#1377,.F.);
#1860=ORIENTED_EDGE('',*,*,#1356,.T.);
#1861=ORIENTED_EDGE('',*,*,#1354,.F.);
#1862=ORIENTED_EDGE('',*,*,#1364,.T.);
#1863=ORIENTED_EDGE('',*,*,#1361,.F.);
#1864=ORIENTED_EDGE('',*,*,#1370,.T.);
#1865=ORIENTED_EDGE('',*,*,#1367,.F.);
#1866=ORIENTED_EDGE('',*,*,#1376,.T.);
#1867=ORIENTED_EDGE('',*,*,#1373,.F.);
#1868=ORIENTED_EDGE('',*,*,#1383,.T.);
#1869=ORIENTED_EDGE('',*,*,#1384,.F.);
#1870=ORIENTED_EDGE('',*,*,#1385,.T.);
#1871=ORIENTED_EDGE('',*,*,#1386,.F.);
#1872=ORIENTED_EDGE('',*,*,#1387,.T.);
#1873=ORIENTED_EDGE('',*,*,#1388,.F.);
#1874=ORIENTED_EDGE('',*,*,#1389,.T.);
#1875=ORIENTED_EDGE('',*,*,#1390,.F.);
#1876=ORIENTED_EDGE('',*,*,#1391,.T.);
#1877=ORIENTED_EDGE('',*,*,#1392,.F.);
#1878=ORIENTED_EDGE('',*,*,#1393,.T.);
#1879=ORIENTED_EDGE('',*,*,#1394,.F.);
#1880=ORIENTED_EDGE('',*,*,#1395,.T.);
#1881=ORIENTED_EDGE('',*,*,#1396,.F.);
#1882=ORIENTED_EDGE('',*,*,#1380,.T.);
#1883=ORIENTED_EDGE('',*,*,#1396,.T.);
#1884=ORIENTED_EDGE('',*,*,#1397,.T.);
#1885=ORIENTED_EDGE('',*,*,#1398,.T.);
#1886=ORIENTED_EDGE('',*,*,#1381,.T.);
#1887=ORIENTED_EDGE('',*,*,#1399,.F.);
#1888=ORIENTED_EDGE('',*,*,#1397,.F.);
#1889=ORIENTED_EDGE('',*,*,#1395,.F.);
#1890=ORIENTED_EDGE('',*,*,#1400,.F.);
#1891=ORIENTED_EDGE('',*,*,#1401,.F.);
#1892=ORIENTED_EDGE('',*,*,#1402,.F.);
#1893=ORIENTED_EDGE('',*,*,#1387,.F.);
#1894=ORIENTED_EDGE('',*,*,#1403,.F.);
#1895=ORIENTED_EDGE('',*,*,#1386,.T.);
#1896=ORIENTED_EDGE('',*,*,#1404,.T.);
#1897=ORIENTED_EDGE('',*,*,#1405,.T.);
#1898=ORIENTED_EDGE('',*,*,#1403,.T.);
#1899=ORIENTED_EDGE('',*,*,#1404,.F.);
#1900=ORIENTED_EDGE('',*,*,#1385,.F.);
#1901=ORIENTED_EDGE('',*,*,#1406,.F.);
#1902=ORIENTED_EDGE('',*,*,#1407,.F.);
#1903=ORIENTED_EDGE('',*,*,#1384,.T.);
#1904=ORIENTED_EDGE('',*,*,#1408,.T.);
#1905=ORIENTED_EDGE('',*,*,#1409,.T.);
#1906=ORIENTED_EDGE('',*,*,#1406,.T.);
#1907=ORIENTED_EDGE('',*,*,#1372,.F.);
#1908=ORIENTED_EDGE('',*,*,#1410,.F.);
#1909=ORIENTED_EDGE('',*,*,#1408,.F.);
#1910=ORIENTED_EDGE('',*,*,#1383,.F.);
#1911=ORIENTED_EDGE('',*,*,#1390,.T.);
#1912=ORIENTED_EDGE('',*,*,#1411,.T.);
#1913=ORIENTED_EDGE('',*,*,#1412,.T.);
#1914=ORIENTED_EDGE('',*,*,#1413,.T.);
#1915=ORIENTED_EDGE('',*,*,#1411,.F.);
#1916=ORIENTED_EDGE('',*,*,#1389,.F.);
#1917=ORIENTED_EDGE('',*,*,#1414,.F.);
#1918=ORIENTED_EDGE('',*,*,#1415,.F.);
#1919=ORIENTED_EDGE('',*,*,#1392,.T.);
#1920=ORIENTED_EDGE('',*,*,#1416,.T.);
#1921=ORIENTED_EDGE('',*,*,#1417,.T.);
#1922=ORIENTED_EDGE('',*,*,#1418,.T.);
#1923=ORIENTED_EDGE('',*,*,#1418,.F.);
#1924=ORIENTED_EDGE('',*,*,#1419,.F.);
#1925=ORIENTED_EDGE('',*,*,#1420,.F.);
#1926=ORIENTED_EDGE('',*,*,#1393,.F.);
#1927=ORIENTED_EDGE('',*,*,#1412,.F.);
#1928=ORIENTED_EDGE('',*,*,#1415,.T.);
#1929=ORIENTED_EDGE('',*,*,#1421,.F.);
#1930=ORIENTED_EDGE('',*,*,#1401,.T.);
#1931=ORIENTED_EDGE('',*,*,#1422,.F.);
#1932=ORIENTED_EDGE('',*,*,#1419,.T.);
#1933=ORIENTED_EDGE('',*,*,#1417,.F.);
#1934=ORIENTED_EDGE('',*,*,#1423,.T.);
#1935=ORIENTED_EDGE('',*,*,#1424,.F.);
#1936=ORIENTED_EDGE('',*,*,#1425,.F.);
#1937=ORIENTED_EDGE('',*,*,#1426,.F.);
#1938=ORIENTED_EDGE('',*,*,#1427,.F.);
#1939=ORIENTED_EDGE('',*,*,#1428,.F.);
#1940=ORIENTED_EDGE('',*,*,#1429,.F.);
#1941=ORIENTED_EDGE('',*,*,#1430,.F.);
#1942=ORIENTED_EDGE('',*,*,#1431,.F.);
#1943=ORIENTED_EDGE('',*,*,#1432,.F.);
#1944=ORIENTED_EDGE('',*,*,#1433,.F.);
#1945=ORIENTED_EDGE('',*,*,#1342,.F.);
#1946=ORIENTED_EDGE('',*,*,#1345,.F.);
#1947=ORIENTED_EDGE('',*,*,#1347,.F.);
#1948=ORIENTED_EDGE('',*,*,#1434,.F.);
#1949=ORIENTED_EDGE('',*,*,#1435,.F.);
#1950=ORIENTED_EDGE('',*,*,#1436,.F.);
#1951=ORIENTED_EDGE('',*,*,#1437,.F.);
#1952=ORIENTED_EDGE('',*,*,#1331,.F.);
#1953=ORIENTED_EDGE('',*,*,#1335,.F.);
#1954=ORIENTED_EDGE('',*,*,#1438,.F.);
#1955=ORIENTED_EDGE('',*,*,#1261,.F.);
#1956=ORIENTED_EDGE('',*,*,#1264,.F.);
#1957=ORIENTED_EDGE('',*,*,#1266,.F.);
#1958=ORIENTED_EDGE('',*,*,#1268,.F.);
#1959=ORIENTED_EDGE('',*,*,#1439,.F.);
#1960=ORIENTED_EDGE('',*,*,#1440,.F.);
#1961=ORIENTED_EDGE('',*,*,#1441,.F.);
#1962=ORIENTED_EDGE('',*,*,#1442,.F.);
#1963=ORIENTED_EDGE('',*,*,#1443,.F.);
#1964=ORIENTED_EDGE('',*,*,#1444,.F.);
#1965=ORIENTED_EDGE('',*,*,#1445,.F.);
#1966=ORIENTED_EDGE('',*,*,#1446,.F.);
#1967=ORIENTED_EDGE('',*,*,#1447,.F.);
#1968=ORIENTED_EDGE('',*,*,#1448,.F.);
#1969=ORIENTED_EDGE('',*,*,#1449,.F.);
#1970=ORIENTED_EDGE('',*,*,#1450,.F.);
#1971=ORIENTED_EDGE('',*,*,#1394,.T.);
#1972=ORIENTED_EDGE('',*,*,#1420,.T.);
#1973=ORIENTED_EDGE('',*,*,#1422,.T.);
#1974=ORIENTED_EDGE('',*,*,#1400,.T.);
#1975=ORIENTED_EDGE('',*,*,#1388,.T.);
#1976=ORIENTED_EDGE('',*,*,#1402,.T.);
#1977=ORIENTED_EDGE('',*,*,#1421,.T.);
#1978=ORIENTED_EDGE('',*,*,#1414,.T.);
#1979=ORIENTED_EDGE('',*,*,#1451,.T.);
#1980=ORIENTED_EDGE('',*,*,#1424,.T.);
#1981=ORIENTED_EDGE('',*,*,#1452,.T.);
#1982=ORIENTED_EDGE('',*,*,#1453,.T.);
#1983=ORIENTED_EDGE('',*,*,#1454,.T.);
#1984=ORIENTED_EDGE('',*,*,#1455,.T.);
#1985=ORIENTED_EDGE('',*,*,#1452,.F.);
#1986=ORIENTED_EDGE('',*,*,#1431,.T.);
#1987=ORIENTED_EDGE('',*,*,#1456,.T.);
#1988=ORIENTED_EDGE('',*,*,#1457,.T.);
#1989=ORIENTED_EDGE('',*,*,#1454,.F.);
#1990=ORIENTED_EDGE('',*,*,#1430,.T.);
#1991=ORIENTED_EDGE('',*,*,#1458,.T.);
#1992=ORIENTED_EDGE('',*,*,#1459,.T.);
#1993=ORIENTED_EDGE('',*,*,#1456,.F.);
#1994=ORIENTED_EDGE('',*,*,#1429,.T.);
#1995=ORIENTED_EDGE('',*,*,#1460,.T.);
#1996=ORIENTED_EDGE('',*,*,#1461,.T.);
#1997=ORIENTED_EDGE('',*,*,#1458,.F.);
#1998=ORIENTED_EDGE('',*,*,#1428,.T.);
#1999=ORIENTED_EDGE('',*,*,#1462,.T.);
#2000=ORIENTED_EDGE('',*,*,#1463,.T.);
#2001=ORIENTED_EDGE('',*,*,#1460,.F.);
#2002=ORIENTED_EDGE('',*,*,#1427,.T.);
#2003=ORIENTED_EDGE('',*,*,#1464,.T.);
#2004=ORIENTED_EDGE('',*,*,#1465,.T.);
#2005=ORIENTED_EDGE('',*,*,#1462,.F.);
#2006=ORIENTED_EDGE('',*,*,#1426,.T.);
#2007=ORIENTED_EDGE('',*,*,#1464,.F.);
#2008=ORIENTED_EDGE('',*,*,#1425,.T.);
#2009=ORIENTED_EDGE('',*,*,#1451,.F.);
#2010=ORIENTED_EDGE('',*,*,#1466,.T.);
#2011=ORIENTED_EDGE('',*,*,#1463,.F.);
#2012=ORIENTED_EDGE('',*,*,#1467,.F.);
#2013=ORIENTED_EDGE('',*,*,#1468,.F.);
#2014=ORIENTED_EDGE('',*,*,#1469,.F.);
#2015=ORIENTED_EDGE('',*,*,#1470,.F.);
#2016=ORIENTED_EDGE('',*,*,#1465,.F.);
#2017=ORIENTED_EDGE('',*,*,#1471,.T.);
#2018=ORIENTED_EDGE('',*,*,#1472,.F.);
#2019=ORIENTED_EDGE('',*,*,#1467,.T.);
#2020=ORIENTED_EDGE('',*,*,#1466,.F.);
#2021=ORIENTED_EDGE('',*,*,#1473,.F.);
#2022=ORIENTED_EDGE('',*,*,#1474,.F.);
#2023=ORIENTED_EDGE('',*,*,#1471,.F.);
#2024=ORIENTED_EDGE('',*,*,#1453,.F.);
#2025=ORIENTED_EDGE('',*,*,#1475,.T.);
#2026=ORIENTED_EDGE('',*,*,#1476,.F.);
#2027=ORIENTED_EDGE('',*,*,#1473,.T.);
#2028=ORIENTED_EDGE('',*,*,#1461,.F.);
#2029=ORIENTED_EDGE('',*,*,#1469,.T.);
#2030=ORIENTED_EDGE('',*,*,#1477,.T.);
#2031=ORIENTED_EDGE('',*,*,#1478,.T.);
#2032=ORIENTED_EDGE('',*,*,#1472,.T.);
#2033=ORIENTED_EDGE('',*,*,#1479,.T.);
#2034=ORIENTED_EDGE('',*,*,#1477,.F.);
#2035=ORIENTED_EDGE('',*,*,#1468,.T.);
#2036=ORIENTED_EDGE('',*,*,#1457,.F.);
#2037=ORIENTED_EDGE('',*,*,#1480,.T.);
#2038=ORIENTED_EDGE('',*,*,#1481,.T.);
#2039=ORIENTED_EDGE('',*,*,#1482,.T.);
#2040=ORIENTED_EDGE('',*,*,#1476,.T.);
#2041=ORIENTED_EDGE('',*,*,#1483,.T.);
#2042=ORIENTED_EDGE('',*,*,#1481,.F.);
#2043=ORIENTED_EDGE('',*,*,#1484,.T.);
#2044=ORIENTED_EDGE('',*,*,#1479,.F.);
#2045=ORIENTED_EDGE('',*,*,#1474,.T.);
#2046=ORIENTED_EDGE('',*,*,#1484,.F.);
#2047=ORIENTED_EDGE('',*,*,#1485,.F.);
#2048=ORIENTED_EDGE('',*,*,#1459,.F.);
#2049=ORIENTED_EDGE('',*,*,#1478,.F.);
#2050=ORIENTED_EDGE('',*,*,#1485,.T.);
#2051=ORIENTED_EDGE('',*,*,#1480,.F.);
#2052=ORIENTED_EDGE('',*,*,#1486,.T.);
#2053=ORIENTED_EDGE('',*,*,#1443,.T.);
#2054=ORIENTED_EDGE('',*,*,#1487,.T.);
#2055=ORIENTED_EDGE('',*,*,#1488,.T.);
#2056=ORIENTED_EDGE('',*,*,#1489,.T.);
#2057=ORIENTED_EDGE('',*,*,#1490,.T.);
#2058=ORIENTED_EDGE('',*,*,#1487,.F.);
#2059=ORIENTED_EDGE('',*,*,#1450,.T.);
#2060=ORIENTED_EDGE('',*,*,#1491,.T.);
#2061=ORIENTED_EDGE('',*,*,#1492,.T.);
#2062=ORIENTED_EDGE('',*,*,#1489,.F.);
#2063=ORIENTED_EDGE('',*,*,#1449,.T.);
#2064=ORIENTED_EDGE('',*,*,#1493,.T.);
#2065=ORIENTED_EDGE('',*,*,#1494,.T.);
#2066=ORIENTED_EDGE('',*,*,#1491,.F.);
#2067=ORIENTED_EDGE('',*,*,#1448,.T.);
#2068=ORIENTED_EDGE('',*,*,#1495,.T.);
#2069=ORIENTED_EDGE('',*,*,#1496,.T.);
#2070=ORIENTED_EDGE('',*,*,#1493,.F.);
#2071=ORIENTED_EDGE('',*,*,#1447,.T.);
#2072=ORIENTED_EDGE('',*,*,#1497,.T.);
#2073=ORIENTED_EDGE('',*,*,#1498,.T.);
#2074=ORIENTED_EDGE('',*,*,#1495,.F.);
#2075=ORIENTED_EDGE('',*,*,#1446,.T.);
#2076=ORIENTED_EDGE('',*,*,#1499,.T.);
#2077=ORIENTED_EDGE('',*,*,#1500,.T.);
#2078=ORIENTED_EDGE('',*,*,#1497,.F.);
#2079=ORIENTED_EDGE('',*,*,#1445,.T.);
#2080=ORIENTED_EDGE('',*,*,#1499,.F.);
#2081=ORIENTED_EDGE('',*,*,#1444,.T.);
#2082=ORIENTED_EDGE('',*,*,#1486,.F.);
#2083=ORIENTED_EDGE('',*,*,#1501,.T.);
#2084=ORIENTED_EDGE('',*,*,#1498,.F.);
#2085=ORIENTED_EDGE('',*,*,#1502,.F.);
#2086=ORIENTED_EDGE('',*,*,#1503,.F.);
#2087=ORIENTED_EDGE('',*,*,#1504,.F.);
#2088=ORIENTED_EDGE('',*,*,#1505,.T.);
#2089=ORIENTED_EDGE('',*,*,#1500,.F.);
#2090=ORIENTED_EDGE('',*,*,#1506,.T.);
#2091=ORIENTED_EDGE('',*,*,#1507,.T.);
#2092=ORIENTED_EDGE('',*,*,#1502,.T.);
#2093=ORIENTED_EDGE('',*,*,#1501,.F.);
#2094=ORIENTED_EDGE('',*,*,#1508,.F.);
#2095=ORIENTED_EDGE('',*,*,#1509,.T.);
#2096=ORIENTED_EDGE('',*,*,#1506,.F.);
#2097=ORIENTED_EDGE('',*,*,#1488,.F.);
#2098=ORIENTED_EDGE('',*,*,#1510,.T.);
#2099=ORIENTED_EDGE('',*,*,#1511,.T.);
#2100=ORIENTED_EDGE('',*,*,#1508,.T.);
#2101=ORIENTED_EDGE('',*,*,#1512,.T.);
#2102=ORIENTED_EDGE('',*,*,#1503,.T.);
#2103=ORIENTED_EDGE('',*,*,#1507,.F.);
#2104=ORIENTED_EDGE('',*,*,#1513,.T.);
#2105=ORIENTED_EDGE('',*,*,#1496,.F.);
#2106=ORIENTED_EDGE('',*,*,#1504,.T.);
#2107=ORIENTED_EDGE('',*,*,#1512,.F.);
#2108=ORIENTED_EDGE('',*,*,#1514,.T.);
#2109=ORIENTED_EDGE('',*,*,#1494,.F.);
#2110=ORIENTED_EDGE('',*,*,#1514,.F.);
#2111=ORIENTED_EDGE('',*,*,#1515,.F.);
#2112=ORIENTED_EDGE('',*,*,#1516,.F.);
#2113=ORIENTED_EDGE('',*,*,#1513,.F.);
#2114=ORIENTED_EDGE('',*,*,#1509,.F.);
#2115=ORIENTED_EDGE('',*,*,#1517,.F.);
#2116=ORIENTED_EDGE('',*,*,#1515,.T.);
#2117=ORIENTED_EDGE('',*,*,#1518,.T.);
#2118=ORIENTED_EDGE('',*,*,#1517,.T.);
#2119=ORIENTED_EDGE('',*,*,#1511,.F.);
#2120=ORIENTED_EDGE('',*,*,#1519,.T.);
#2121=ORIENTED_EDGE('',*,*,#1492,.F.);
#2122=ORIENTED_EDGE('',*,*,#1516,.T.);
#2123=ORIENTED_EDGE('',*,*,#1518,.F.);
#2124=ORIENTED_EDGE('',*,*,#1520,.T.);
#2125=ORIENTED_EDGE('',*,*,#1490,.F.);
#2126=ORIENTED_EDGE('',*,*,#1520,.F.);
#2127=ORIENTED_EDGE('',*,*,#1519,.F.);
#2128=ORIENTED_EDGE('',*,*,#1510,.F.);
#2129=ORIENTED_EDGE('',*,*,#1521,.T.);
#2130=ORIENTED_EDGE('',*,*,#1505,.F.);
#2131=ORIENTED_EDGE('',*,*,#1522,.T.);
#2132=ORIENTED_EDGE('',*,*,#1521,.F.);
#2133=ORIENTED_EDGE('',*,*,#1522,.F.);
#2134=ORIENTED_EDGE('',*,*,#1523,.F.);
#2135=ORIENTED_EDGE('',*,*,#1524,.T.);
#2136=ORIENTED_EDGE('',*,*,#1470,.T.);
#2137=ORIENTED_EDGE('',*,*,#1524,.F.);
#2138=ORIENTED_EDGE('',*,*,#1455,.F.);
#2139=ORIENTED_EDGE('',*,*,#1482,.F.);
#2140=ORIENTED_EDGE('',*,*,#1483,.F.);
#2141=ORIENTED_EDGE('',*,*,#1475,.F.);
#2142=ORIENTED_EDGE('',*,*,#1523,.T.);
#2143=ORIENTED_EDGE('',*,*,#1525,.T.);
#2144=ORIENTED_EDGE('',*,*,#1526,.T.);
#2145=ORIENTED_EDGE('',*,*,#1527,.T.);
#2146=ORIENTED_EDGE('',*,*,#1528,.T.);
#2147=ORIENTED_EDGE('',*,*,#1343,.T.);
#2148=ORIENTED_EDGE('',*,*,#1529,.T.);
#2149=ORIENTED_EDGE('',*,*,#1530,.T.);
#2150=ORIENTED_EDGE('',*,*,#1531,.T.);
#2151=ORIENTED_EDGE('',*,*,#1334,.T.);
#2152=ORIENTED_EDGE('',*,*,#1532,.T.);
#2153=ORIENTED_EDGE('',*,*,#1262,.T.);
#2154=ORIENTED_EDGE('',*,*,#1533,.T.);
#2155=ORIENTED_EDGE('',*,*,#1217,.F.);
#2156=ORIENTED_EDGE('',*,*,#1258,.T.);
#2157=ORIENTED_EDGE('',*,*,#1527,.F.);
#2158=ORIENTED_EDGE('',*,*,#1432,.T.);
#2159=ORIENTED_EDGE('',*,*,#1534,.T.);
#2160=ORIENTED_EDGE('',*,*,#1199,.F.);
#2161=ORIENTED_EDGE('',*,*,#1534,.F.);
#2162=ORIENTED_EDGE('',*,*,#1442,.T.);
#2163=ORIENTED_EDGE('',*,*,#1535,.T.);
#2164=ORIENTED_EDGE('',*,*,#1195,.F.);
#2165=ORIENTED_EDGE('',*,*,#1535,.F.);
#2166=ORIENTED_EDGE('',*,*,#1441,.T.);
#2167=ORIENTED_EDGE('',*,*,#1536,.T.);
#2168=ORIENTED_EDGE('',*,*,#1251,.F.);
#2169=ORIENTED_EDGE('',*,*,#1536,.F.);
#2170=ORIENTED_EDGE('',*,*,#1440,.T.);
#2171=ORIENTED_EDGE('',*,*,#1537,.T.);
#2172=ORIENTED_EDGE('',*,*,#1252,.F.);
#2173=ORIENTED_EDGE('',*,*,#1537,.F.);
#2174=ORIENTED_EDGE('',*,*,#1439,.T.);
#2175=ORIENTED_EDGE('',*,*,#1267,.T.);
#2176=ORIENTED_EDGE('',*,*,#1247,.F.);
#2177=ORIENTED_EDGE('',*,*,#1538,.T.);
#2178=ORIENTED_EDGE('',*,*,#1531,.F.);
#2179=ORIENTED_EDGE('',*,*,#1539,.T.);
#2180=ORIENTED_EDGE('',*,*,#1540,.F.);
#2181=ORIENTED_EDGE('',*,*,#1541,.T.);
#2182=ORIENTED_EDGE('',*,*,#1533,.F.);
#2183=ORIENTED_EDGE('',*,*,#1438,.T.);
#2184=ORIENTED_EDGE('',*,*,#1287,.F.);
#2185=ORIENTED_EDGE('',*,*,#1332,.F.);
#2186=ORIENTED_EDGE('',*,*,#1437,.T.);
#2187=ORIENTED_EDGE('',*,*,#1542,.T.);
#2188=ORIENTED_EDGE('',*,*,#1292,.F.);
#2189=ORIENTED_EDGE('',*,*,#1542,.F.);
#2190=ORIENTED_EDGE('',*,*,#1436,.T.);
#2191=ORIENTED_EDGE('',*,*,#1543,.T.);
#2192=ORIENTED_EDGE('',*,*,#1293,.F.);
#2193=ORIENTED_EDGE('',*,*,#1543,.F.);
#2194=ORIENTED_EDGE('',*,*,#1435,.T.);
#2195=ORIENTED_EDGE('',*,*,#1544,.T.);
#2196=ORIENTED_EDGE('',*,*,#1328,.F.);
#2197=ORIENTED_EDGE('',*,*,#1545,.T.);
#2198=ORIENTED_EDGE('',*,*,#1326,.F.);
#2199=ORIENTED_EDGE('',*,*,#1544,.F.);
#2200=ORIENTED_EDGE('',*,*,#1434,.T.);
#2201=ORIENTED_EDGE('',*,*,#1346,.T.);
#2202=ORIENTED_EDGE('',*,*,#1526,.F.);
#2203=ORIENTED_EDGE('',*,*,#1546,.T.);
#2204=ORIENTED_EDGE('',*,*,#1547,.F.);
#2205=ORIENTED_EDGE('',*,*,#1548,.T.);
#2206=ORIENTED_EDGE('',*,*,#1529,.F.);
#2207=ORIENTED_EDGE('',*,*,#1433,.T.);
#2208=ORIENTED_EDGE('',*,*,#1548,.F.);
#2209=ORIENTED_EDGE('',*,*,#1549,.F.);
#2210=ORIENTED_EDGE('',*,*,#1550,.F.);
#2211=ORIENTED_EDGE('',*,*,#1546,.F.);
#2212=ORIENTED_EDGE('',*,*,#1551,.F.);
#2213=ORIENTED_EDGE('',*,*,#1552,.F.);
#2214=ORIENTED_EDGE('',*,*,#1525,.F.);
#2215=ORIENTED_EDGE('',*,*,#1257,.T.);
#2216=ORIENTED_EDGE('',*,*,#1553,.F.);
#2217=ORIENTED_EDGE('',*,*,#1551,.T.);
#2218=ORIENTED_EDGE('',*,*,#1245,.F.);
#2219=ORIENTED_EDGE('',*,*,#1538,.F.);
#2220=ORIENTED_EDGE('',*,*,#1234,.F.);
#2221=ORIENTED_EDGE('',*,*,#1236,.F.);
#2222=ORIENTED_EDGE('',*,*,#1239,.F.);
#2223=ORIENTED_EDGE('',*,*,#1242,.F.);
#2224=ORIENTED_EDGE('',*,*,#1554,.F.);
#2225=ORIENTED_EDGE('',*,*,#1532,.F.);
#2226=ORIENTED_EDGE('',*,*,#1555,.T.);
#2227=ORIENTED_EDGE('',*,*,#1556,.F.);
#2228=ORIENTED_EDGE('',*,*,#1255,.T.);
#2229=ORIENTED_EDGE('',*,*,#1539,.F.);
#2230=ORIENTED_EDGE('',*,*,#1557,.F.);
#2231=ORIENTED_EDGE('',*,*,#1558,.F.);
#2232=ORIENTED_EDGE('',*,*,#1541,.F.);
#2233=ORIENTED_EDGE('',*,*,#1559,.F.);
#2234=ORIENTED_EDGE('',*,*,#1555,.F.);
#2235=ORIENTED_EDGE('',*,*,#1413,.F.);
#2236=ORIENTED_EDGE('',*,*,#1423,.F.);
#2237=ORIENTED_EDGE('',*,*,#1416,.F.);
#2238=ORIENTED_EDGE('',*,*,#1391,.F.);
#2239=ORIENTED_EDGE('',*,*,#1352,.T.);
#2240=ORIENTED_EDGE('',*,*,#1358,.T.);
#2241=ORIENTED_EDGE('',*,*,#1379,.F.);
#2242=ORIENTED_EDGE('',*,*,#1382,.T.);
#2243=ORIENTED_EDGE('',*,*,#1398,.F.);
#2244=ORIENTED_EDGE('',*,*,#1399,.T.);
#2245=ORIENTED_EDGE('',*,*,#1405,.F.);
#2246=ORIENTED_EDGE('',*,*,#1407,.T.);
#2247=ORIENTED_EDGE('',*,*,#1409,.F.);
#2248=ORIENTED_EDGE('',*,*,#1410,.T.);
#2249=ORIENTED_EDGE('',*,*,#1371,.T.);
#2250=ORIENTED_EDGE('',*,*,#1375,.T.);
#2251=ORIENTED_EDGE('',*,*,#1365,.T.);
#2252=ORIENTED_EDGE('',*,*,#1369,.T.);
#2253=ORIENTED_EDGE('',*,*,#1359,.T.);
#2254=ORIENTED_EDGE('',*,*,#1363,.T.);
#2255=ORIENTED_EDGE('',*,*,#1216,.F.);
#2256=ORIENTED_EDGE('',*,*,#1560,.T.);
#2257=ORIENTED_EDGE('',*,*,#1232,.F.);
#2258=ORIENTED_EDGE('',*,*,#1248,.F.);
#2259=ORIENTED_EDGE('',*,*,#1230,.F.);
#2260=ORIENTED_EDGE('',*,*,#1222,.F.);
#2261=ORIENTED_EDGE('',*,*,#1224,.F.);
#2262=ORIENTED_EDGE('',*,*,#1227,.F.);
#2263=ORIENTED_EDGE('',*,*,#1285,.F.);
#2264=ORIENTED_EDGE('',*,*,#1349,.T.);
#2265=ORIENTED_EDGE('',*,*,#1301,.F.);
#2266=ORIENTED_EDGE('',*,*,#1315,.F.);
#2267=ORIENTED_EDGE('',*,*,#1297,.F.);
#2268=ORIENTED_EDGE('',*,*,#1289,.F.);
#2269=ORIENTED_EDGE('',*,*,#1291,.F.);
#2270=ORIENTED_EDGE('',*,*,#1294,.F.);
#2271=ORIENTED_EDGE('',*,*,#1561,.T.);
#2272=ORIENTED_EDGE('',*,*,#1552,.T.);
#2273=ORIENTED_EDGE('',*,*,#1553,.T.);
#2274=ORIENTED_EDGE('',*,*,#1256,.T.);
#2275=ORIENTED_EDGE('',*,*,#1556,.T.);
#2276=ORIENTED_EDGE('',*,*,#1559,.T.);
#2277=ORIENTED_EDGE('',*,*,#1561,.F.);
#2278=ORIENTED_EDGE('',*,*,#1540,.T.);
#2279=ORIENTED_EDGE('',*,*,#1562,.F.);
#2280=ORIENTED_EDGE('',*,*,#1547,.T.);
#2281=ORIENTED_EDGE('',*,*,#1530,.F.);
#2282=ORIENTED_EDGE('',*,*,#1339,.T.);
#2283=ORIENTED_EDGE('',*,*,#1563,.T.);
#2284=ORIENTED_EDGE('',*,*,#1557,.T.);
#2285=ORIENTED_EDGE('',*,*,#1338,.T.);
#2286=ORIENTED_EDGE('',*,*,#1564,.T.);
#2287=ORIENTED_EDGE('',*,*,#1549,.T.);
#2288=ORIENTED_EDGE('',*,*,#1562,.T.);
#2289=ORIENTED_EDGE('',*,*,#1558,.T.);
#2290=ORIENTED_EDGE('',*,*,#1563,.F.);
#2291=ORIENTED_EDGE('',*,*,#1528,.F.);
#2292=ORIENTED_EDGE('',*,*,#1550,.T.);
#2293=ORIENTED_EDGE('',*,*,#1564,.F.);
#2294=ORIENTED_EDGE('',*,*,#1337,.T.);
#2295=ORIENTED_EDGE('',*,*,#1259,.T.);
#2296=ORIENTED_EDGE('',*,*,#1565,.T.);
#2297=ORIENTED_EDGE('',*,*,#1554,.T.);
#2298=ORIENTED_EDGE('',*,*,#1565,.F.);
#2299=ORIENTED_EDGE('',*,*,#1210,.F.);
#2300=ORIENTED_EDGE('',*,*,#1566,.F.);
#2301=ORIENTED_EDGE('',*,*,#1240,.F.);
#2302=ORIENTED_EDGE('',*,*,#1567,.T.);
#2303=ORIENTED_EDGE('',*,*,#1213,.F.);
#2304=ORIENTED_EDGE('',*,*,#1567,.F.);
#2305=ORIENTED_EDGE('',*,*,#1237,.F.);
#2306=ORIENTED_EDGE('',*,*,#1560,.F.);
#2307=ORIENTED_EDGE('',*,*,#1207,.F.);
#2308=ORIENTED_EDGE('',*,*,#1269,.F.);
#2309=ORIENTED_EDGE('',*,*,#1243,.F.);
#2310=ORIENTED_EDGE('',*,*,#1566,.T.);
#2311=ORIENTED_EDGE('',*,*,#1340,.F.);
#2312=ORIENTED_EDGE('',*,*,#1568,.T.);
#2313=ORIENTED_EDGE('',*,*,#1569,.F.);
#2314=ORIENTED_EDGE('',*,*,#1568,.F.);
#2315=ORIENTED_EDGE('',*,*,#1284,.F.);
#2316=ORIENTED_EDGE('',*,*,#1545,.F.);
#2317=ORIENTED_EDGE('',*,*,#1273,.F.);
#2318=ORIENTED_EDGE('',*,*,#1275,.F.);
#2319=ORIENTED_EDGE('',*,*,#1278,.F.);
#2320=ORIENTED_EDGE('',*,*,#1281,.F.);
#2321=ORIENTED_EDGE('',*,*,#1569,.T.);
#2322=CYLINDRICAL_SURFACE('',#2563,1.);
#2323=CYLINDRICAL_SURFACE('',#2572,1.);
#2324=CYLINDRICAL_SURFACE('',#2578,1.);
#2325=CYLINDRICAL_SURFACE('',#2584,1.);
#2326=CYLINDRICAL_SURFACE('',#2594,1.);
#2327=CYLINDRICAL_SURFACE('',#2600,1.);
#2328=CYLINDRICAL_SURFACE('',#2609,3.);
#2329=CYLINDRICAL_SURFACE('',#2615,3.);
#2330=CYLINDRICAL_SURFACE('',#2620,3.);
#2331=CYLINDRICAL_SURFACE('',#2626,1.);
#2332=CYLINDRICAL_SURFACE('',#2632,1.);
#2333=CYLINDRICAL_SURFACE('',#2638,1.);
#2334=CYLINDRICAL_SURFACE('',#2648,1.);
#2335=CYLINDRICAL_SURFACE('',#2654,1.);
#2336=CYLINDRICAL_SURFACE('',#2660,1.);
#2337=CYLINDRICAL_SURFACE('',#2669,3.);
#2338=CYLINDRICAL_SURFACE('',#2673,3.);
#2339=CYLINDRICAL_SURFACE('',#2679,3.);
#2340=CYLINDRICAL_SURFACE('',#2682,5.);
#2341=CYLINDRICAL_SURFACE('',#2684,3.);
#2342=CYLINDRICAL_SURFACE('',#2685,0.5);
#2343=CYLINDRICAL_SURFACE('',#2689,0.5);
#2344=CYLINDRICAL_SURFACE('',#2693,0.5);
#2345=CYLINDRICAL_SURFACE('',#2697,0.5);
#2346=CYLINDRICAL_SURFACE('',#2701,1.);
#2347=CYLINDRICAL_SURFACE('',#2713,1.);
#2348=CYLINDRICAL_SURFACE('',#2716,1.);
#2349=CYLINDRICAL_SURFACE('',#2719,1.);
#2350=CYLINDRICAL_SURFACE('',#2722,1.);
#2351=CYLINDRICAL_SURFACE('',#2725,1.);
#2352=CYLINDRICAL_SURFACE('',#2743,1.);
#2353=CYLINDRICAL_SURFACE('',#2744,1.);
#2354=CYLINDRICAL_SURFACE('',#2749,2.);
#2355=CYLINDRICAL_SURFACE('',#2754,2.);
#2356=CYLINDRICAL_SURFACE('',#2759,2.);
#2357=CYLINDRICAL_SURFACE('',#2764,2.);
#2358=CYLINDRICAL_SURFACE('',#2768,1.);
#2359=CYLINDRICAL_SURFACE('',#2771,1.);
#2360=CYLINDRICAL_SURFACE('',#2773,1.);
#2361=CYLINDRICAL_SURFACE('',#2777,1.);
#2362=CYLINDRICAL_SURFACE('',#2782,4.99999999999998);
#2363=CYLINDRICAL_SURFACE('',#2788,2.);
#2364=CYLINDRICAL_SURFACE('',#2793,2.);
#2365=CYLINDRICAL_SURFACE('',#2798,2.);
#2366=CYLINDRICAL_SURFACE('',#2803,2.);
#2367=CYLINDRICAL_SURFACE('',#2807,1.);
#2368=CYLINDRICAL_SURFACE('',#2810,1.);
#2369=CYLINDRICAL_SURFACE('',#2815,1.);
#2370=CYLINDRICAL_SURFACE('',#2817,5.00000007450581);
#2371=CYLINDRICAL_SURFACE('',#2822,1.);
#2372=CYLINDRICAL_SURFACE('',#2825,2.05);
#2373=CYLINDRICAL_SURFACE('',#2826,2.05);
#2374=CYLINDRICAL_SURFACE('',#2838,3.);
#2375=CYLINDRICAL_SURFACE('',#2842,3.);
#2376=CYLINDRICAL_SURFACE('',#2846,3.);
#2377=CYLINDRICAL_SURFACE('',#2847,3.);
#2378=CYLINDRICAL_SURFACE('',#2848,3.);
#2379=CYLINDRICAL_SURFACE('',#2852,3.);
#2380=CYLINDRICAL_SURFACE('',#2855,3.);
#2381=CYLINDRICAL_SURFACE('',#2860,1.);
#2382=CYLINDRICAL_SURFACE('',#2863,1.);
#2383=CYLINDRICAL_SURFACE('',#2870,3.);
#2384=CYLINDRICAL_SURFACE('',#2871,3.);
#2385=CYLINDRICAL_SURFACE('',#2872,3.);
#2386=CYLINDRICAL_SURFACE('',#2874,1.);
#2387=CYLINDRICAL_SURFACE('',#2875,3.);
#2388=CYLINDRICAL_SURFACE('',#2876,1.);
#2389=CYLINDRICAL_SURFACE('',#2877,2.05);
#2390=CYLINDRICAL_SURFACE('',#2878,5.);
#2391=CYLINDRICAL_SURFACE('',#2881,2.05);
#2392=ADVANCED_FACE('',(#157),#2322,.T.);
#2393=ADVANCED_FACE('',(#158),#137,.F.);
#2394=ADVANCED_FACE('',(#159),#69,.T.);
#2395=ADVANCED_FACE('',(#160),#2323,.T.);
#2396=ADVANCED_FACE('',(#161),#70,.T.);
#2397=ADVANCED_FACE('',(#162),#2324,.T.);
#2398=ADVANCED_FACE('',(#163),#71,.T.);
#2399=ADVANCED_FACE('',(#164),#138,.F.);
#2400=ADVANCED_FACE('',(#165),#2325,.T.);
#2401=ADVANCED_FACE('',(#166),#139,.F.);
#2402=ADVANCED_FACE('',(#167),#140,.F.);
#2403=ADVANCED_FACE('',(#168),#141,.F.);
#2404=ADVANCED_FACE('',(#169),#72,.T.);
#2405=ADVANCED_FACE('',(#170),#2326,.T.);
#2406=ADVANCED_FACE('',(#171),#73,.T.);
#2407=ADVANCED_FACE('',(#172),#2327,.T.);
#2408=ADVANCED_FACE('',(#173),#74,.T.);
#2409=ADVANCED_FACE('',(#174),#142,.F.);
#2410=ADVANCED_FACE('',(#175),#143,.F.);
#2411=ADVANCED_FACE('',(#176),#144,.F.);
#2412=ADVANCED_FACE('',(#177,#23),#34,.T.);
#2413=ADVANCED_FACE('',(#178),#2328,.F.);
#2414=ADVANCED_FACE('',(#179),#75,.F.);
#2415=ADVANCED_FACE('',(#180),#2329,.F.);
#2416=ADVANCED_FACE('',(#181),#76,.F.);
#2417=ADVANCED_FACE('',(#182),#2330,.F.);
#2418=ADVANCED_FACE('',(#183),#77,.T.);
#2419=ADVANCED_FACE('',(#184),#2331,.T.);
#2420=ADVANCED_FACE('',(#185),#78,.T.);
#2421=ADVANCED_FACE('',(#186),#2332,.T.);
#2422=ADVANCED_FACE('',(#187),#79,.T.);
#2423=ADVANCED_FACE('',(#188),#2333,.T.);
#2424=ADVANCED_FACE('',(#189),#145,.F.);
#2425=ADVANCED_FACE('',(#190),#146,.F.);
#2426=ADVANCED_FACE('',(#191),#147,.F.);
#2427=ADVANCED_FACE('',(#192),#80,.T.);
#2428=ADVANCED_FACE('',(#193),#2334,.T.);
#2429=ADVANCED_FACE('',(#194),#81,.T.);
#2430=ADVANCED_FACE('',(#195),#2335,.T.);
#2431=ADVANCED_FACE('',(#196),#82,.T.);
#2432=ADVANCED_FACE('',(#197),#148,.F.);
#2433=ADVANCED_FACE('',(#198),#2336,.T.);
#2434=ADVANCED_FACE('',(#199),#149,.F.);
#2435=ADVANCED_FACE('',(#200),#150,.F.);
#2436=ADVANCED_FACE('',(#201),#151,.F.);
#2437=ADVANCED_FACE('',(#202),#152,.F.);
#2438=ADVANCED_FACE('',(#203),#83,.F.);
#2439=ADVANCED_FACE('',(#204),#2337,.F.);
#2440=ADVANCED_FACE('',(#205,#24),#35,.F.);
#2441=ADVANCED_FACE('',(#206),#2338,.F.);
#2442=ADVANCED_FACE('',(#207),#84,.F.);
#2443=ADVANCED_FACE('',(#208),#2339,.F.);
#2444=ADVANCED_FACE('',(#209),#36,.T.);
#2445=ADVANCED_FACE('',(#210),#2340,.T.);
#2446=ADVANCED_FACE('',(#211),#37,.T.);
#2447=ADVANCED_FACE('',(#212),#2341,.F.);
#2448=ADVANCED_FACE('',(#213),#2342,.F.);
#2449=ADVANCED_FACE('',(#214),#38,.T.);
#2450=ADVANCED_FACE('',(#215),#2343,.F.);
#2451=ADVANCED_FACE('',(#216),#39,.T.);
#2452=ADVANCED_FACE('',(#217),#2344,.F.);
#2453=ADVANCED_FACE('',(#218),#40,.T.);
#2454=ADVANCED_FACE('',(#219),#2345,.F.);
#2455=ADVANCED_FACE('',(#220),#41,.T.);
#2456=ADVANCED_FACE('',(#221),#2346,.T.);
#2457=ADVANCED_FACE('',(#222),#42,.T.);
#2458=ADVANCED_FACE('',(#223),#43,.T.);
#2459=ADVANCED_FACE('',(#224),#2347,.T.);
#2460=ADVANCED_FACE('',(#225),#44,.T.);
#2461=ADVANCED_FACE('',(#226),#2348,.T.);
#2462=ADVANCED_FACE('',(#227),#45,.T.);
#2463=ADVANCED_FACE('',(#228),#2349,.T.);
#2464=ADVANCED_FACE('',(#229),#46,.T.);
#2465=ADVANCED_FACE('',(#230),#2350,.T.);
#2466=ADVANCED_FACE('',(#231),#47,.T.);
#2467=ADVANCED_FACE('',(#232),#2351,.T.);
#2468=ADVANCED_FACE('',(#233),#48,.T.);
#2469=ADVANCED_FACE('',(#234,#25,#26,#27),#49,.F.);
#2470=ADVANCED_FACE('',(#235),#2352,.T.);
#2471=ADVANCED_FACE('',(#236),#2353,.T.);
#2472=ADVANCED_FACE('',(#237),#85,.F.);
#2473=ADVANCED_FACE('',(#238),#2354,.F.);
#2474=ADVANCED_FACE('',(#239),#86,.F.);
#2475=ADVANCED_FACE('',(#240),#2355,.F.);
#2476=ADVANCED_FACE('',(#241),#87,.F.);
#2477=ADVANCED_FACE('',(#242),#2356,.F.);
#2478=ADVANCED_FACE('',(#243),#88,.F.);
#2479=ADVANCED_FACE('',(#244),#2357,.F.);
#2480=ADVANCED_FACE('',(#245,#28),#50,.F.);
#2481=ADVANCED_FACE('',(#246),#2358,.T.);
#2482=ADVANCED_FACE('',(#247),#51,.T.);
#2483=ADVANCED_FACE('',(#248),#2359,.T.);
#2484=ADVANCED_FACE('',(#249),#2360,.T.);
#2485=ADVANCED_FACE('',(#250),#89,.T.);
#2486=ADVANCED_FACE('',(#251),#2361,.T.);
#2487=ADVANCED_FACE('',(#252),#90,.T.);
#2488=ADVANCED_FACE('',(#253),#2362,.T.);
#2489=ADVANCED_FACE('',(#254),#52,.T.);
#2490=ADVANCED_FACE('',(#255),#91,.F.);
#2491=ADVANCED_FACE('',(#256),#2363,.F.);
#2492=ADVANCED_FACE('',(#257),#92,.F.);
#2493=ADVANCED_FACE('',(#258),#2364,.F.);
#2494=ADVANCED_FACE('',(#259),#93,.F.);
#2495=ADVANCED_FACE('',(#260),#2365,.F.);
#2496=ADVANCED_FACE('',(#261),#94,.F.);
#2497=ADVANCED_FACE('',(#262),#2366,.F.);
#2498=ADVANCED_FACE('',(#263,#29),#53,.F.);
#2499=ADVANCED_FACE('',(#264),#2367,.T.);
#2500=ADVANCED_FACE('',(#265),#54,.T.);
#2501=ADVANCED_FACE('',(#266),#2368,.T.);
#2502=ADVANCED_FACE('',(#267),#95,.T.);
#2503=ADVANCED_FACE('',(#268),#2369,.T.);
#2504=ADVANCED_FACE('',(#269),#55,.T.);
#2505=ADVANCED_FACE('',(#270),#2370,.T.);
#2506=ADVANCED_FACE('',(#271),#96,.T.);
#2507=ADVANCED_FACE('',(#272),#2371,.T.);
#2508=ADVANCED_FACE('',(#273,#30),#56,.T.);
#2509=ADVANCED_FACE('',(#274),#2372,.F.);
#2510=ADVANCED_FACE('',(#275),#2373,.F.);
#2511=ADVANCED_FACE('',(#276,#31),#57,.T.);
#2512=ADVANCED_FACE('',(#277),#153,.T.);
#2513=ADVANCED_FACE('',(#278),#154,.T.);
#2514=ADVANCED_FACE('',(#279),#155,.T.);
#2515=ADVANCED_FACE('',(#280),#156,.T.);
#2516=ADVANCED_FACE('',(#281),#2374,.F.);
#2517=ADVANCED_FACE('',(#282),#97,.F.);
#2518=ADVANCED_FACE('',(#283),#2375,.F.);
#2519=ADVANCED_FACE('',(#284),#98,.F.);
#2520=ADVANCED_FACE('',(#285),#2376,.F.);
#2521=ADVANCED_FACE('',(#286),#2377,.F.);
#2522=ADVANCED_FACE('',(#287),#2378,.F.);
#2523=ADVANCED_FACE('',(#288),#99,.F.);
#2524=ADVANCED_FACE('',(#289),#2379,.F.);
#2525=ADVANCED_FACE('',(#290),#100,.F.);
#2526=ADVANCED_FACE('',(#291),#2380,.F.);
#2527=ADVANCED_FACE('',(#292),#58,.T.);
#2528=ADVANCED_FACE('',(#293),#59,.T.);
#2529=ADVANCED_FACE('',(#294),#2381,.F.);
#2530=ADVANCED_FACE('',(#295,#32),#60,.F.);
#2531=ADVANCED_FACE('',(#296),#2382,.F.);
#2532=ADVANCED_FACE('',(#297),#61,.T.);
#2533=ADVANCED_FACE('',(#298),#62,.T.);
#2534=ADVANCED_FACE('',(#299),#63,.T.);
#2535=ADVANCED_FACE('',(#300),#64,.T.);
#2536=ADVANCED_FACE('',(#301),#2383,.F.);
#2537=ADVANCED_FACE('',(#302),#2384,.F.);
#2538=ADVANCED_FACE('',(#303),#2385,.F.);
#2539=ADVANCED_FACE('',(#304),#65,.T.);
#2540=ADVANCED_FACE('',(#305),#2386,.F.);
#2541=ADVANCED_FACE('',(#306),#2387,.F.);
#2542=ADVANCED_FACE('',(#307),#2388,.F.);
#2543=ADVANCED_FACE('',(#308),#2389,.F.);
#2544=ADVANCED_FACE('',(#309),#2390,.T.);
#2545=ADVANCED_FACE('',(#310),#66,.F.);
#2546=ADVANCED_FACE('',(#311),#67,.F.);
#2547=ADVANCED_FACE('',(#312),#2391,.F.);
#2548=ADVANCED_FACE('',(#313,#33),#68,.T.);
#2549=CLOSED_SHELL('',(#2392,#2393,#2394,#2395,#2396,#2397,#2398,#2399,
#2400,#2401,#2402,#2403,#2404,#2405,#2406,#2407,#2408,#2409,#2410,#2411,
#2412,#2413,#2414,#2415,#2416,#2417,#2418,#2419,#2420,#2421,#2422,#2423,
#2424,#2425,#2426,#2427,#2428,#2429,#2430,#2431,#2432,#2433,#2434,#2435,
#2436,#2437,#2438,#2439,#2440,#2441,#2442,#2443,#2444,#2445,#2446,#2447,
#2448,#2449,#2450,#2451,#2452,#2453,#2454,#2455,#2456,#2457,#2458,#2459,
#2460,#2461,#2462,#2463,#2464,#2465,#2466,#2467,#2468,#2469,#2470,#2471,
#2472,#2473,#2474,#2475,#2476,#2477,#2478,#2479,#2480,#2481,#2482,#2483,
#2484,#2485,#2486,#2487,#2488,#2489,#2490,#2491,#2492,#2493,#2494,#2495,
#2496,#2497,#2498,#2499,#2500,#2501,#2502,#2503,#2504,#2505,#2506,#2507,
#2508,#2509,#2510,#2511,#2512,#2513,#2514,#2515,#2516,#2517,#2518,#2519,
#2520,#2521,#2522,#2523,#2524,#2525,#2526,#2527,#2528,#2529,#2530,#2531,
#2532,#2533,#2534,#2535,#2536,#2537,#2538,#2539,#2540,#2541,#2542,#2543,
#2544,#2545,#2546,#2547,#2548));
#2550=DERIVED_UNIT_ELEMENT(#2552,1.);
#2551=DERIVED_UNIT_ELEMENT(#5091,-3.);
#2552=(
MASS_UNIT()
NAMED_UNIT(*)
SI_UNIT(.KILO.,.GRAM.)
);
#2553=DERIVED_UNIT((#2550,#2551));
#2554=MEASURE_REPRESENTATION_ITEM('density measure',
POSITIVE_RATIO_MEASURE(7850.),#2553);
#2555=PROPERTY_DEFINITION_REPRESENTATION(#2560,#2557);
#2556=PROPERTY_DEFINITION_REPRESENTATION(#2561,#2558);
#2557=REPRESENTATION('material name',(#2559),#5088);
#2558=REPRESENTATION('density',(#2554),#5088);
#2559=DESCRIPTIVE_REPRESENTATION_ITEM('Acero','Acero');
#2560=PROPERTY_DEFINITION('material property','material name',#5098);
#2561=PROPERTY_DEFINITION('material property','density of part',#5098);
#2562=AXIS2_PLACEMENT_3D('',#3684,#2884,#2885);
#2563=AXIS2_PLACEMENT_3D('',#3685,#2886,#2887);
#2564=AXIS2_PLACEMENT_3D('',#3688,#2888,#2889);
#2565=AXIS2_PLACEMENT_3D('',#3692,#2891,#2892);
#2566=AXIS2_PLACEMENT_3D('',#3721,#2894,#2895);
#2567=AXIS2_PLACEMENT_3D('',#3734,#2896,#2897);
#2568=AXIS2_PLACEMENT_3D('',#3737,#2898,#2899);
#2569=AXIS2_PLACEMENT_3D('',#3739,#2900,#2901);
#2570=AXIS2_PLACEMENT_3D('',#3741,#2902,#2903);
#2571=AXIS2_PLACEMENT_3D('',#3742,#2904,#2905);
#2572=AXIS2_PLACEMENT_3D('',#3743,#2906,#2907);
#2573=AXIS2_PLACEMENT_3D('',#3746,#2908,#2909);
#2574=AXIS2_PLACEMENT_3D('',#3749,#2912,#2913);
#2575=AXIS2_PLACEMENT_3D('',#3752,#2914,#2915);
#2576=AXIS2_PLACEMENT_3D('',#3753,#2916,#2917);
#2577=AXIS2_PLACEMENT_3D('',#3754,#2918,#2919);
#2578=AXIS2_PLACEMENT_3D('',#3755,#2920,#2921);
#2579=AXIS2_PLACEMENT_3D('',#3758,#2922,#2923);
#2580=AXIS2_PLACEMENT_3D('',#3761,#2926,#2927);
#2581=AXIS2_PLACEMENT_3D('',#3764,#2928,#2929);
#2582=AXIS2_PLACEMENT_3D('',#3765,#2930,#2931);
#2583=AXIS2_PLACEMENT_3D('',#3766,#2932,#2933);
#2584=AXIS2_PLACEMENT_3D('',#3795,#2934,#2935);
#2585=AXIS2_PLACEMENT_3D('',#3798,#2936,#2937);
#2586=AXIS2_PLACEMENT_3D('',#3802,#2939,#2940);
#2587=AXIS2_PLACEMENT_3D('',#3836,#2942,#2943);
#2588=AXIS2_PLACEMENT_3D('',#3904,#2944,#2945);
#2589=AXIS2_PLACEMENT_3D('',#3917,#2946,#2947);
#2590=AXIS2_PLACEMENT_3D('',#3920,#2948,#2949);
#2591=AXIS2_PLACEMENT_3D('',#3922,#2950,#2951);
#2592=AXIS2_PLACEMENT_3D('',#3924,#2952,#2953);
#2593=AXIS2_PLACEMENT_3D('',#3925,#2954,#2955);
#2594=AXIS2_PLACEMENT_3D('',#3926,#2956,#2957);
#2595=AXIS2_PLACEMENT_3D('',#3929,#2958,#2959);
#2596=AXIS2_PLACEMENT_3D('',#3932,#2962,#2963);
#2597=AXIS2_PLACEMENT_3D('',#3935,#2964,#2965);
#2598=AXIS2_PLACEMENT_3D('',#3936,#2966,#2967);
#2599=AXIS2_PLACEMENT_3D('',#3937,#2968,#2969);
#2600=AXIS2_PLACEMENT_3D('',#3938,#2970,#2971);
#2601=AXIS2_PLACEMENT_3D('',#3941,#2972,#2973);
#2602=AXIS2_PLACEMENT_3D('',#3944,#2976,#2977);
#2603=AXIS2_PLACEMENT_3D('',#3947,#2978,#2979);
#2604=AXIS2_PLACEMENT_3D('',#3948,#2980,#2981);
#2605=AXIS2_PLACEMENT_3D('',#3949,#2982,#2983);
#2606=AXIS2_PLACEMENT_3D('',#4010,#2984,#2985);
#2607=AXIS2_PLACEMENT_3D('',#4051,#2986,#2987);
#2608=AXIS2_PLACEMENT_3D('',#4062,#2993,#2994);
#2609=AXIS2_PLACEMENT_3D('',#4063,#2995,#2996);
#2610=AXIS2_PLACEMENT_3D('',#4065,#2997,#2998);
#2611=AXIS2_PLACEMENT_3D('',#4068,#3000,#3001);
#2612=AXIS2_PLACEMENT_3D('',#4069,#3002,#3003);
#2613=AXIS2_PLACEMENT_3D('',#4071,#3004,#3005);
#2614=AXIS2_PLACEMENT_3D('',#4072,#3006,#3007);
#2615=AXIS2_PLACEMENT_3D('',#4073,#3008,#3009);
#2616=AXIS2_PLACEMENT_3D('',#4075,#3010,#3011);
#2617=AXIS2_PLACEMENT_3D('',#4077,#3013,#3014);
#2618=AXIS2_PLACEMENT_3D('',#4079,#3015,#3016);
#2619=AXIS2_PLACEMENT_3D('',#4080,#3017,#3018);
#2620=AXIS2_PLACEMENT_3D('',#4081,#3019,#3020);
#2621=AXIS2_PLACEMENT_3D('',#4083,#3022,#3023);
#2622=AXIS2_PLACEMENT_3D('',#4086,#3024,#3025);
#2623=AXIS2_PLACEMENT_3D('',#4088,#3026,#3027);
#2624=AXIS2_PLACEMENT_3D('',#4090,#3028,#3029);
#2625=AXIS2_PLACEMENT_3D('',#4091,#3030,#3031);
#2626=AXIS2_PLACEMENT_3D('',#4092,#3032,#3033);
#2627=AXIS2_PLACEMENT_3D('',#4095,#3034,#3035);
#2628=AXIS2_PLACEMENT_3D('',#4098,#3038,#3039);
#2629=AXIS2_PLACEMENT_3D('',#4101,#3040,#3041);
#2630=AXIS2_PLACEMENT_3D('',#4102,#3042,#3043);
#2631=AXIS2_PLACEMENT_3D('',#4103,#3044,#3045);
#2632=AXIS2_PLACEMENT_3D('',#4104,#3046,#3047);
#2633=AXIS2_PLACEMENT_3D('',#4107,#3048,#3049);
#2634=AXIS2_PLACEMENT_3D('',#4110,#3052,#3053);
#2635=AXIS2_PLACEMENT_3D('',#4113,#3054,#3055);
#2636=AXIS2_PLACEMENT_3D('',#4114,#3056,#3057);
#2637=AXIS2_PLACEMENT_3D('',#4115,#3058,#3059);
#2638=AXIS2_PLACEMENT_3D('',#4116,#3060,#3061);
#2639=AXIS2_PLACEMENT_3D('',#4119,#3062,#3063);
#2640=AXIS2_PLACEMENT_3D('',#4123,#3065,#3066);
#2641=AXIS2_PLACEMENT_3D('',#4157,#3068,#3069);
#2642=AXIS2_PLACEMENT_3D('',#4225,#3070,#3071);
#2643=AXIS2_PLACEMENT_3D('',#4238,#3072,#3073);
#2644=AXIS2_PLACEMENT_3D('',#4241,#3074,#3075);
#2645=AXIS2_PLACEMENT_3D('',#4243,#3076,#3077);
#2646=AXIS2_PLACEMENT_3D('',#4245,#3078,#3079);
#2647=AXIS2_PLACEMENT_3D('',#4246,#3080,#3081);
#2648=AXIS2_PLACEMENT_3D('',#4247,#3082,#3083);
#2649=AXIS2_PLACEMENT_3D('',#4250,#3084,#3085);
#2650=AXIS2_PLACEMENT_3D('',#4253,#3088,#3089);
#2651=AXIS2_PLACEMENT_3D('',#4256,#3090,#3091);
#2652=AXIS2_PLACEMENT_3D('',#4257,#3092,#3093);
#2653=AXIS2_PLACEMENT_3D('',#4258,#3094,#3095);
#2654=AXIS2_PLACEMENT_3D('',#4259,#3096,#3097);
#2655=AXIS2_PLACEMENT_3D('',#4262,#3098,#3099);
#2656=AXIS2_PLACEMENT_3D('',#4265,#3102,#3103);
#2657=AXIS2_PLACEMENT_3D('',#4268,#3104,#3105);
#2658=AXIS2_PLACEMENT_3D('',#4269,#3106,#3107);
#2659=AXIS2_PLACEMENT_3D('',#4270,#3108,#3109);
#2660=AXIS2_PLACEMENT_3D('',#4299,#3110,#3111);
#2661=AXIS2_PLACEMENT_3D('',#4302,#3112,#3113);
#2662=AXIS2_PLACEMENT_3D('',#4306,#3115,#3116);
#2663=AXIS2_PLACEMENT_3D('',#4340,#3118,#3119);
#2664=AXIS2_PLACEMENT_3D('',#4408,#3120,#3121);
#2665=AXIS2_PLACEMENT_3D('',#4449,#3122,#3123);
#2666=AXIS2_PLACEMENT_3D('',#4451,#3124,#3125);
#2667=AXIS2_PLACEMENT_3D('',#4453,#3126,#3127);
#2668=AXIS2_PLACEMENT_3D('',#4454,#3128,#3129);
#2669=AXIS2_PLACEMENT_3D('',#4455,#3130,#3131);
#2670=AXIS2_PLACEMENT_3D('',#4459,#3133,#3134);
#2671=AXIS2_PLACEMENT_3D('',#4461,#3136,#3137);
#2672=AXIS2_PLACEMENT_3D('',#4470,#3142,#3143);
#2673=AXIS2_PLACEMENT_3D('',#4471,#3144,#3145);
#2674=AXIS2_PLACEMENT_3D('',#4473,#3146,#3147);
#2675=AXIS2_PLACEMENT_3D('',#4476,#3149,#3150);
#2676=AXIS2_PLACEMENT_3D('',#4477,#3151,#3152);
#2677=AXIS2_PLACEMENT_3D('',#4479,#3153,#3154);
#2678=AXIS2_PLACEMENT_3D('',#4480,#3155,#3156);
#2679=AXIS2_PLACEMENT_3D('',#4481,#3157,#3158);
#2680=AXIS2_PLACEMENT_3D('',#4483,#3159,#3160);
#2681=AXIS2_PLACEMENT_3D('',#4485,#3162,#3163);
#2682=AXIS2_PLACEMENT_3D('',#4488,#3166,#3167);
#2683=AXIS2_PLACEMENT_3D('',#4490,#3169,#3170);
#2684=AXIS2_PLACEMENT_3D('',#4492,#3172,#3173);
#2685=AXIS2_PLACEMENT_3D('',#4493,#3174,#3175);
#2686=AXIS2_PLACEMENT_3D('',#4496,#3176,#3177);
#2687=AXIS2_PLACEMENT_3D('',#4500,#3179,#3180);
#2688=AXIS2_PLACEMENT_3D('',#4502,#3182,#3183);
#2689=AXIS2_PLACEMENT_3D('',#4508,#3187,#3188);
#2690=AXIS2_PLACEMENT_3D('',#4511,#3189,#3190);
#2691=AXIS2_PLACEMENT_3D('',#4515,#3192,#3193);
#2692=AXIS2_PLACEMENT_3D('',#4517,#3195,#3196);
#2693=AXIS2_PLACEMENT_3D('',#4520,#3199,#3200);
#2694=AXIS2_PLACEMENT_3D('',#4523,#3201,#3202);
#2695=AXIS2_PLACEMENT_3D('',#4527,#3204,#3205);
#2696=AXIS2_PLACEMENT_3D('',#4529,#3207,#3208);
#2697=AXIS2_PLACEMENT_3D('',#4532,#3211,#3212);
#2698=AXIS2_PLACEMENT_3D('',#4535,#3213,#3214);
#2699=AXIS2_PLACEMENT_3D('',#4539,#3216,#3217);
#2700=AXIS2_PLACEMENT_3D('',#4541,#3219,#3220);
#2701=AXIS2_PLACEMENT_3D('',#4544,#3223,#3224);
#2702=AXIS2_PLACEMENT_3D('',#4546,#3225,#3226);
#2703=AXIS2_PLACEMENT_3D('',#4549,#3228,#3229);
#2704=AXIS2_PLACEMENT_3D('',#4550,#3230,#3231);
#2705=AXIS2_PLACEMENT_3D('',#4556,#3235,#3236);
#2706=AXIS2_PLACEMENT_3D('',#4560,#3238,#3239);
#2707=AXIS2_PLACEMENT_3D('',#4564,#3241,#3242);
#2708=AXIS2_PLACEMENT_3D('',#4568,#3244,#3245);
#2709=AXIS2_PLACEMENT_3D('',#4572,#3247,#3248);
#2710=AXIS2_PLACEMENT_3D('',#4576,#3250,#3251);
#2711=AXIS2_PLACEMENT_3D('',#4580,#3253,#3254);
#2712=AXIS2_PLACEMENT_3D('',#4583,#3256,#3257);
#2713=AXIS2_PLACEMENT_3D('',#4584,#3258,#3259);
#2714=AXIS2_PLACEMENT_3D('',#4587,#3261,#3262);
#2715=AXIS2_PLACEMENT_3D('',#4588,#3263,#3264);
#2716=AXIS2_PLACEMENT_3D('',#4597,#3270,#3271);
#2717=AXIS2_PLACEMENT_3D('',#4600,#3273,#3274);
#2718=AXIS2_PLACEMENT_3D('',#4601,#3275,#3276);
#2719=AXIS2_PLACEMENT_3D('',#4605,#3279,#3280);
#2720=AXIS2_PLACEMENT_3D('',#4608,#3282,#3283);
#2721=AXIS2_PLACEMENT_3D('',#4609,#3284,#3285);
#2722=AXIS2_PLACEMENT_3D('',#4611,#3287,#3288);
#2723=AXIS2_PLACEMENT_3D('',#4615,#3290,#3291);
#2724=AXIS2_PLACEMENT_3D('',#4617,#3293,#3294);
#2725=AXIS2_PLACEMENT_3D('',#4621,#3297,#3298);
#2726=AXIS2_PLACEMENT_3D('',#4625,#3300,#3301);
#2727=AXIS2_PLACEMENT_3D('',#4627,#3303,#3304);
#2728=AXIS2_PLACEMENT_3D('',#4631,#3307,#3308);
#2729=AXIS2_PLACEMENT_3D('',#4632,#3309,#3310);
#2730=AXIS2_PLACEMENT_3D('',#4633,#3311,#3312);
#2731=AXIS2_PLACEMENT_3D('',#4637,#3314,#3315);
#2732=AXIS2_PLACEMENT_3D('',#4641,#3317,#3318);
#2733=AXIS2_PLACEMENT_3D('',#4645,#3320,#3321);
#2734=AXIS2_PLACEMENT_3D('',#4649,#3323,#3324);
#2735=AXIS2_PLACEMENT_3D('',#4656,#3328,#3329);
#2736=AXIS2_PLACEMENT_3D('',#4660,#3331,#3332);
#2737=AXIS2_PLACEMENT_3D('',#4666,#3336,#3337);
#2738=AXIS2_PLACEMENT_3D('',#4669,#3339,#3340);
#2739=AXIS2_PLACEMENT_3D('',#4672,#3341,#3342);
#2740=AXIS2_PLACEMENT_3D('',#4676,#3344,#3345);
#2741=AXIS2_PLACEMENT_3D('',#4680,#3347,#3348);
#2742=AXIS2_PLACEMENT_3D('',#4684,#3350,#3351);
#2743=AXIS2_PLACEMENT_3D('',#4686,#3353,#3354);
#2744=AXIS2_PLACEMENT_3D('',#4687,#3355,#3356);
#2745=AXIS2_PLACEMENT_3D('',#4688,#3357,#3358);
#2746=AXIS2_PLACEMENT_3D('',#4690,#3359,#3360);
#2747=AXIS2_PLACEMENT_3D('',#4692,#3361,#3362);
#2748=AXIS2_PLACEMENT_3D('',#4693,#3363,#3364);
#2749=AXIS2_PLACEMENT_3D('',#4694,#3365,#3366);
#2750=AXIS2_PLACEMENT_3D('',#4696,#3367,#3368);
#2751=AXIS2_PLACEMENT_3D('',#4698,#3370,#3371);
#2752=AXIS2_PLACEMENT_3D('',#4700,#3372,#3373);
#2753=AXIS2_PLACEMENT_3D('',#4701,#3374,#3375);
#2754=AXIS2_PLACEMENT_3D('',#4702,#3376,#3377);
#2755=AXIS2_PLACEMENT_3D('',#4704,#3378,#3379);
#2756=AXIS2_PLACEMENT_3D('',#4706,#3381,#3382);
#2757=AXIS2_PLACEMENT_3D('',#4708,#3383,#3384);
#2758=AXIS2_PLACEMENT_3D('',#4709,#3385,#3386);
#2759=AXIS2_PLACEMENT_3D('',#4710,#3387,#3388);
#2760=AXIS2_PLACEMENT_3D('',#4712,#3389,#3390);
#2761=AXIS2_PLACEMENT_3D('',#4714,#3392,#3393);
#2762=AXIS2_PLACEMENT_3D('',#4716,#3394,#3395);
#2763=AXIS2_PLACEMENT_3D('',#4717,#3396,#3397);
#2764=AXIS2_PLACEMENT_3D('',#4718,#3398,#3399);
#2765=AXIS2_PLACEMENT_3D('',#4720,#3401,#3402);
#2766=AXIS2_PLACEMENT_3D('',#4724,#3404,#3405);
#2767=AXIS2_PLACEMENT_3D('',#4727,#3407,#3408);
#2768=AXIS2_PLACEMENT_3D('',#4728,#3409,#3410);
#2769=AXIS2_PLACEMENT_3D('',#4731,#3412,#3413);
#2770=AXIS2_PLACEMENT_3D('',#4732,#3414,#3415);
#2771=AXIS2_PLACEMENT_3D('',#4736,#3418,#3419);
#2772=AXIS2_PLACEMENT_3D('',#4739,#3421,#3422);
#2773=AXIS2_PLACEMENT_3D('',#4740,#3423,#3424);
#2774=AXIS2_PLACEMENT_3D('',#4742,#3425,#3426);
#2775=AXIS2_PLACEMENT_3D('',#4744,#3428,#3429);
#2776=AXIS2_PLACEMENT_3D('',#4745,#3430,#3431);
#2777=AXIS2_PLACEMENT_3D('',#4746,#3432,#3433);
#2778=AXIS2_PLACEMENT_3D('',#4750,#3435,#3436);
#2779=AXIS2_PLACEMENT_3D('',#4752,#3438,#3439);
#2780=AXIS2_PLACEMENT_3D('',#4753,#3440,#3441);
#2781=AXIS2_PLACEMENT_3D('',#4754,#3442,#3443);
#2782=AXIS2_PLACEMENT_3D('',#4755,#3444,#3445);
#2783=AXIS2_PLACEMENT_3D('',#4757,#3447,#3448);
#2784=AXIS2_PLACEMENT_3D('',#4758,#3449,#3450);
#2785=AXIS2_PLACEMENT_3D('',#4760,#3451,#3452);
#2786=AXIS2_PLACEMENT_3D('',#4762,#3453,#3454);
#2787=AXIS2_PLACEMENT_3D('',#4763,#3455,#3456);
#2788=AXIS2_PLACEMENT_3D('',#4764,#3457,#3458);
#2789=AXIS2_PLACEMENT_3D('',#4766,#3459,#3460);
#2790=AXIS2_PLACEMENT_3D('',#4768,#3462,#3463);
#2791=AXIS2_PLACEMENT_3D('',#4770,#3464,#3465);
#2792=AXIS2_PLACEMENT_3D('',#4771,#3466,#3467);
#2793=AXIS2_PLACEMENT_3D('',#4772,#3468,#3469);
#2794=AXIS2_PLACEMENT_3D('',#4774,#3470,#3471);
#2795=AXIS2_PLACEMENT_3D('',#4776,#3473,#3474);
#2796=AXIS2_PLACEMENT_3D('',#4778,#3475,#3476);
#2797=AXIS2_PLACEMENT_3D('',#4779,#3477,#3478);
#2798=AXIS2_PLACEMENT_3D('',#4780,#3479,#3480);
#2799=AXIS2_PLACEMENT_3D('',#4782,#3481,#3482);
#2800=AXIS2_PLACEMENT_3D('',#4784,#3484,#3485);
#2801=AXIS2_PLACEMENT_3D('',#4786,#3486,#3487);
#2802=AXIS2_PLACEMENT_3D('',#4787,#3488,#3489);
#2803=AXIS2_PLACEMENT_3D('',#4788,#3490,#3491);
#2804=AXIS2_PLACEMENT_3D('',#4790,#3493,#3494);
#2805=AXIS2_PLACEMENT_3D('',#4794,#3496,#3497);
#2806=AXIS2_PLACEMENT_3D('',#4797,#3499,#3500);
#2807=AXIS2_PLACEMENT_3D('',#4798,#3501,#3502);
#2808=AXIS2_PLACEMENT_3D('',#4801,#3504,#3505);
#2809=AXIS2_PLACEMENT_3D('',#4802,#3506,#3507);
#2810=AXIS2_PLACEMENT_3D('',#4806,#3510,#3511);
#2811=AXIS2_PLACEMENT_3D('',#4809,#3513,#3514);
#2812=AXIS2_PLACEMENT_3D('',#4810,#3515,#3516);
#2813=AXIS2_PLACEMENT_3D('',#4812,#3517,#3518);
#2814=AXIS2_PLACEMENT_3D('',#4813,#3519,#3520);
#2815=AXIS2_PLACEMENT_3D('',#4814,#3521,#3522);
#2816=AXIS2_PLACEMENT_3D('',#4816,#3524,#3525);
#2817=AXIS2_PLACEMENT_3D('',#4820,#3528,#3529);
#2818=AXIS2_PLACEMENT_3D('',#4821,#3530,#3531);
#2819=AXIS2_PLACEMENT_3D('',#4822,#3532,#3533);
#2820=AXIS2_PLACEMENT_3D('',#4824,#3534,#3535);
#2821=AXIS2_PLACEMENT_3D('',#4825,#3536,#3537);
#2822=AXIS2_PLACEMENT_3D('',#4826,#3538,#3539);
#2823=AXIS2_PLACEMENT_3D('',#4828,#3541,#3542);
#2824=AXIS2_PLACEMENT_3D('',#4830,#3543,#3544);
#2825=AXIS2_PLACEMENT_3D('',#4831,#3545,#3546);
#2826=AXIS2_PLACEMENT_3D('',#4833,#3548,#3549);
#2827=AXIS2_PLACEMENT_3D('',#4835,#3550,#3551);
#2828=AXIS2_PLACEMENT_3D('',#4837,#3553,#3554);
#2829=AXIS2_PLACEMENT_3D('',#4869,#3555,#3556);
#2830=AXIS2_PLACEMENT_3D('',#4870,#3557,#3558);
#2831=AXIS2_PLACEMENT_3D('',#4871,#3559,#3560);
#2832=AXIS2_PLACEMENT_3D('',#4903,#3561,#3562);
#2833=AXIS2_PLACEMENT_3D('',#4904,#3563,#3564);
#2834=AXIS2_PLACEMENT_3D('',#4936,#3565,#3566);
#2835=AXIS2_PLACEMENT_3D('',#4937,#3567,#3568);
#2836=AXIS2_PLACEMENT_3D('',#4969,#3569,#3570);
#2837=AXIS2_PLACEMENT_3D('',#4970,#3571,#3572);
#2838=AXIS2_PLACEMENT_3D('',#4971,#3573,#3574);
#2839=AXIS2_PLACEMENT_3D('',#4972,#3575,#3576);
#2840=AXIS2_PLACEMENT_3D('',#4973,#3577,#3578);
#2841=AXIS2_PLACEMENT_3D('',#4974,#3579,#3580);
#2842=AXIS2_PLACEMENT_3D('',#4975,#3581,#3582);
#2843=AXIS2_PLACEMENT_3D('',#4976,#3583,#3584);
#2844=AXIS2_PLACEMENT_3D('',#4977,#3585,#3586);
#2845=AXIS2_PLACEMENT_3D('',#4978,#3587,#3588);
#2846=AXIS2_PLACEMENT_3D('',#4979,#3589,#3590);
#2847=AXIS2_PLACEMENT_3D('',#4981,#3592,#3593);
#2848=AXIS2_PLACEMENT_3D('',#4987,#3597,#3598);
#2849=AXIS2_PLACEMENT_3D('',#4988,#3599,#3600);
#2850=AXIS2_PLACEMENT_3D('',#4989,#3601,#3602);
#2851=AXIS2_PLACEMENT_3D('',#4990,#3603,#3604);
#2852=AXIS2_PLACEMENT_3D('',#4991,#3605,#3606);
#2853=AXIS2_PLACEMENT_3D('',#4992,#3607,#3608);
#2854=AXIS2_PLACEMENT_3D('',#4994,#3610,#3611);
#2855=AXIS2_PLACEMENT_3D('',#4995,#3612,#3613);
#2856=AXIS2_PLACEMENT_3D('',#5001,#3617,#3618);
#2857=AXIS2_PLACEMENT_3D('',#5003,#3619,#3620);
#2858=AXIS2_PLACEMENT_3D('',#5005,#3622,#3623);
#2859=AXIS2_PLACEMENT_3D('',#5008,#3625,#3626);
#2860=AXIS2_PLACEMENT_3D('',#5009,#3627,#3628);
#2861=AXIS2_PLACEMENT_3D('',#5020,#3629,#3630);
#2862=AXIS2_PLACEMENT_3D('',#5022,#3631,#3632);
#2863=AXIS2_PLACEMENT_3D('',#5023,#3633,#3634);
#2864=AXIS2_PLACEMENT_3D('',#5036,#3636,#3637);
#2865=AXIS2_PLACEMENT_3D('',#5039,#3639,#3640);
#2866=AXIS2_PLACEMENT_3D('',#5040,#3641,#3642);
#2867=AXIS2_PLACEMENT_3D('',#5041,#3643,#3644);
#2868=AXIS2_PLACEMENT_3D('',#5042,#3645,#3646);
#2869=AXIS2_PLACEMENT_3D('',#5043,#3647,#3648);
#2870=AXIS2_PLACEMENT_3D('',#5044,#3649,#3650);
#2871=AXIS2_PLACEMENT_3D('',#5046,#3652,#3653);
#2872=AXIS2_PLACEMENT_3D('',#5047,#3654,#3655);
#2873=AXIS2_PLACEMENT_3D('',#5049,#3657,#3658);
#2874=AXIS2_PLACEMENT_3D('',#5051,#3660,#3661);
#2875=AXIS2_PLACEMENT_3D('',#5062,#3662,#3663);
#2876=AXIS2_PLACEMENT_3D('',#5073,#3664,#3665);
#2877=AXIS2_PLACEMENT_3D('',#5074,#3666,#3667);
#2878=AXIS2_PLACEMENT_3D('',#5076,#3669,#3670);
#2879=AXIS2_PLACEMENT_3D('',#5079,#3673,#3674);
#2880=AXIS2_PLACEMENT_3D('',#5080,#3675,#3676);
#2881=AXIS2_PLACEMENT_3D('',#5081,#3677,#3678);
#2882=AXIS2_PLACEMENT_3D('',#5084,#3680,#3681);
#2883=AXIS2_PLACEMENT_3D('',#5085,#3682,#3683);
#2884=DIRECTION('axis',(0.,0.,1.));
#2885=DIRECTION('refdir',(1.,0.,0.));
#2886=DIRECTION('center_axis',(-1.,3.28692043842088E-32,-1.22464679914735E-16));
#2887=DIRECTION('ref_axis',(0.,-0.763762615825973,-0.645497224367903));
#2888=DIRECTION('center_axis',(-1.,0.,0.));
#2889=DIRECTION('ref_axis',(0.,-0.355792288847727,-0.934565057765641));
#2890=DIRECTION('',(-1.,1.83697019872103E-16,0.));
#2891=DIRECTION('center_axis',(1.,-3.06172433833421E-16,1.16560950048904E-16));
#2892=DIRECTION('ref_axis',(-2.77555756156289E-16,-0.980792288847727,-0.195055084878188));
#2893=DIRECTION('',(1.,-3.28692043842088E-32,1.22464679914735E-16));
#2894=DIRECTION('center_axis',(0.0714051945084266,-0.924658479010325,0.374042772141804));
#2895=DIRECTION('ref_axis',(0.,-0.375000000445662,-0.927024810706679));
#2896=DIRECTION('center_axis',(1.,-3.28692043842088E-32,1.22464679914735E-16));
#2897=DIRECTION('ref_axis',(1.77635683940025E-16,0.,-1.));
#2898=DIRECTION('center_axis',(0.,-1.21430643318377E-16,1.));
#2899=DIRECTION('ref_axis',(0.,-1.,-1.21430643318377E-16));
#2900=DIRECTION('center_axis',(1.,-3.28692043842088E-32,1.22464679914735E-16));
#2901=DIRECTION('ref_axis',(-6.12323399573676E-17,0.866025403784439,0.5));
#2902=DIRECTION('center_axis',(2.05255249709894E-16,0.739509972887452,-0.673145600891813));
#2903=DIRECTION('ref_axis',(1.,-2.77555756156289E-16,0.));
#2904=DIRECTION('center_axis',(-1.,3.28692043842088E-32,-1.22464679914735E-16));
#2905=DIRECTION('ref_axis',(-4.62592926927148E-17,0.866025403784439,0.5));
#2906=DIRECTION('center_axis',(-1.22464679914735E-16,3.59189802084609E-16,
1.));
#2907=DIRECTION('ref_axis',(0.707106781186548,-0.707106781186548,0.));
#2908=DIRECTION('center_axis',(0.,0.,1.));
#2909=DIRECTION('ref_axis',(0.,-1.,0.));
#2910=DIRECTION('',(-1.22464679914735E-16,3.59189802084609E-16,1.));
#2911=DIRECTION('',(1.22464679914735E-16,-3.59189802084609E-16,-1.));
#2912=DIRECTION('center_axis',(-1.,3.28692043842088E-32,-1.22464679914735E-16));
#2913=DIRECTION('ref_axis',(1.77635683940025E-16,1.77635683940025E-16,-1.));
#2914=DIRECTION('center_axis',(0.,0.,-1.));
#2915=DIRECTION('ref_axis',(0.,1.,0.));
#2916=DIRECTION('center_axis',(-1.,3.28692043842088E-32,-1.22464679914735E-16));
#2917=DIRECTION('ref_axis',(1.22464679914735E-16,6.57384087684176E-33,-1.));
#2918=DIRECTION('center_axis',(1.,-3.28692043842088E-32,1.22464679914735E-16));
#2919=DIRECTION('ref_axis',(1.11022302462516E-16,6.57384087684176E-33,-1.));
#2920=DIRECTION('center_axis',(1.22464679914735E-16,0.,-1.));
#2921=DIRECTION('ref_axis',(0.707106781186547,0.707106781186548,9.81307786677359E-17));
#2922=DIRECTION('center_axis',(1.38777878078145E-16,0.,-1.));
#2923=DIRECTION('ref_axis',(0.,1.,0.));
#2924=DIRECTION('',(1.22464679914735E-16,0.,-1.));
#2925=DIRECTION('',(-1.22464679914735E-16,0.,1.));
#2926=DIRECTION('center_axis',(1.,-3.28692043842088E-32,1.22464679914735E-16));
#2927=DIRECTION('ref_axis',(1.77635683940025E-16,0.,-1.));
#2928=DIRECTION('center_axis',(3.73670872517613E-16,-0.739509972887453,
-0.673145600891812));
#2929=DIRECTION('ref_axis',(0.,0.673145600891812,-0.739509972887453));
#2930=DIRECTION('center_axis',(1.,-3.28692043842088E-32,1.22464679914735E-16));
#2931=DIRECTION('ref_axis',(-6.12323399573677E-17,-0.866025403784439,0.5));
#2932=DIRECTION('center_axis',(-1.,3.28692043842088E-32,-1.22464679914735E-16));
#2933=DIRECTION('ref_axis',(-4.62592926927149E-17,-0.866025403784439,0.5));
#2934=DIRECTION('center_axis',(1.,-3.28692043842088E-32,1.22464679914735E-16));
#2935=DIRECTION('ref_axis',(7.90506109680655E-17,0.763762615825973,-0.645497224367904));
#2936=DIRECTION('center_axis',(1.,-4.27307696895983E-16,-1.4182967073922E-17));
#2937=DIRECTION('ref_axis',(1.38777878078145E-16,0.355792288847727,-0.934565057765641));
#2938=DIRECTION('',(1.,0.,0.));
#2939=DIRECTION('center_axis',(-1.,6.12344867666844E-16,2.33121900097809E-16));
#2940=DIRECTION('ref_axis',(5.55111512312579E-16,0.980792288847727,-0.195055084878189));
#2941=DIRECTION('',(-1.,3.28692043842088E-32,-1.22464679914735E-16));
#2942=DIRECTION('center_axis',(0.0714051945084489,0.924658479010324,0.374042772141803));
#2943=DIRECTION('ref_axis',(0.982261770301061,-2.46672859915975E-8,-0.187514838359596));
#2944=DIRECTION('center_axis',(-0.0714051945084493,0.924658479010324,0.374042772141803));
#2945=DIRECTION('ref_axis',(1.38777878078144E-16,0.375000000445662,-0.927024810706679));
#2946=DIRECTION('center_axis',(1.,-3.28692043842088E-32,1.22464679914735E-16));
#2947=DIRECTION('ref_axis',(1.55431223447522E-16,0.,-1.));
#2948=DIRECTION('center_axis',(-3.73670872517614E-16,-0.739509972887452,
-0.673145600891813));
#2949=DIRECTION('ref_axis',(-1.,0.,5.55111512312578E-16));
#2950=DIRECTION('center_axis',(1.,-3.28692043842088E-32,1.22464679914735E-16));
#2951=DIRECTION('ref_axis',(-4.62592926927149E-17,-0.866025403784439,0.5));
#2952=DIRECTION('center_axis',(0.,-3.98986399474665E-16,1.));
#2953=DIRECTION('ref_axis',(-1.38777878078144E-16,1.,3.98986399474665E-16));
#2954=DIRECTION('center_axis',(-1.,3.28692043842088E-32,-1.22464679914735E-16));
#2955=DIRECTION('ref_axis',(-6.12323399573677E-17,-0.866025403784439,0.5));
#2956=DIRECTION('center_axis',(-1.22464679914735E-16,0.,1.));
#2957=DIRECTION('ref_axis',(-0.707106781186547,0.707106781186548,-9.81307786677359E-17));
#2958=DIRECTION('center_axis',(0.,0.,1.));
#2959=DIRECTION('ref_axis',(0.,1.,0.));
#2960=DIRECTION('',(-1.22464679914735E-16,0.,1.));
#2961=DIRECTION('',(1.22464679914735E-16,0.,-1.));
#2962=DIRECTION('center_axis',(1.,-3.28692043842088E-32,1.22464679914735E-16));
#2963=DIRECTION('ref_axis',(1.33226762955019E-16,0.,-1.));
#2964=DIRECTION('center_axis',(0.,0.,-1.));
#2965=DIRECTION('ref_axis',(0.,-1.,0.));
#2966=DIRECTION('center_axis',(1.,-3.28692043842088E-32,1.22464679914735E-16));
#2967=DIRECTION('ref_axis',(1.22464679914735E-16,-6.57384087684176E-33,
-1.));
#2968=DIRECTION('center_axis',(-1.,3.28692043842088E-32,-1.22464679914735E-16));
#2969=DIRECTION('ref_axis',(1.11022302462516E-16,-6.57384087684176E-33,
-1.));
#2970=DIRECTION('center_axis',(-1.22464679914735E-16,3.59189802084609E-16,
1.));
#2971=DIRECTION('ref_axis',(-0.707106781186548,-0.707106781186547,7.85046229341888E-16));
#2972=DIRECTION('center_axis',(0.,-6.24500451351651E-16,-1.));
#2973=DIRECTION('ref_axis',(1.38777878078145E-16,-1.,6.24500451351651E-16));
#2974=DIRECTION('',(1.22464679914735E-16,-3.59189802084609E-16,-1.));
#2975=DIRECTION('',(-1.22464679914735E-16,3.59189802084609E-16,1.));
#2976=DIRECTION('center_axis',(1.,-3.28692043842088E-32,1.22464679914735E-16));
#2977=DIRECTION('ref_axis',(1.11022302462516E-16,0.,-1.));
#2978=DIRECTION('center_axis',(0.,0.739509972887452,-0.673145600891813));
#2979=DIRECTION('ref_axis',(0.,-0.673145600891813,-0.739509972887452));
#2980=DIRECTION('center_axis',(-1.,3.28692043842088E-32,-1.22464679914735E-16));
#2981=DIRECTION('ref_axis',(-6.12323399573676E-17,0.866025403784439,0.5));
#2982=DIRECTION('center_axis',(1.,-3.28692043842088E-32,1.22464679914735E-16));
#2983=DIRECTION('ref_axis',(-4.62592926927149E-17,0.866025403784439,0.5));
#2984=DIRECTION('center_axis',(-0.0714051945084254,-0.924658479010325,0.374042772141804));
#2985=DIRECTION('ref_axis',(-0.982261770301061,2.46672605952458E-8,-0.187514838359597));
#2986=DIRECTION('center_axis',(1.,-3.28692043842088E-32,1.22464679914735E-16));
#2987=DIRECTION('ref_axis',(-3.28692043842088E-32,-1.,-4.02531659396415E-48));
#2988=DIRECTION('',(3.28692043842088E-32,1.,0.));
#2989=DIRECTION('',(-1.22464679914735E-16,0.,1.));
#2990=DIRECTION('',(3.28692043842088E-32,1.,4.02531659396415E-48));
#2991=DIRECTION('',(1.22464679914735E-16,0.,-1.));
#2992=DIRECTION('',(3.28692043842088E-32,1.,0.));
#2993=DIRECTION('center_axis',(1.,-3.28692043842088E-32,1.22464679914735E-16));
#2994=DIRECTION('ref_axis',(-3.28692043842088E-32,-1.,-4.02531659396415E-48));
#2995=DIRECTION('center_axis',(-3.28692043842088E-32,-1.,0.));
#2996=DIRECTION('ref_axis',(-0.707106781186548,0.,0.707106781186548));
#2997=DIRECTION('center_axis',(0.,1.,0.));
#2998=DIRECTION('ref_axis',(-1.,0.,-1.85037170770859E-16));
#2999=DIRECTION('',(-3.28692043842088E-32,-1.,0.));
#3000=DIRECTION('center_axis',(-0.554700196225229,0.832050294337844,0.));
#3001=DIRECTION('ref_axis',(-0.832050294337844,-0.554700196225229,0.));
#3002=DIRECTION('center_axis',(0.,0.,-1.));
#3003=DIRECTION('ref_axis',(0.707106790069354,0.707106772303741,0.));
#3004=DIRECTION('center_axis',(1.,0.,0.));
#3005=DIRECTION('ref_axis',(0.,0.,1.));
#3006=DIRECTION('center_axis',(0.,0.,-1.));
#3007=DIRECTION('ref_axis',(0.707106781186547,0.707106781186548,0.));
#3008=DIRECTION('center_axis',(1.,0.,0.));
#3009=DIRECTION('ref_axis',(0.,-0.707106781186547,0.707106781186548));
#3010=DIRECTION('center_axis',(1.,-2.77555756156289E-16,0.));
#3011=DIRECTION('ref_axis',(0.,0.,1.));
#3012=DIRECTION('',(1.,0.,0.));
#3013=DIRECTION('center_axis',(0.,0.,-1.));
#3014=DIRECTION('ref_axis',(-1.,0.,0.));
#3015=DIRECTION('center_axis',(0.,1.,0.));
#3016=DIRECTION('ref_axis',(0.,0.,1.));
#3017=DIRECTION('center_axis',(0.,0.,-1.));
#3018=DIRECTION('ref_axis',(-0.707106781186548,0.707106781186547,0.));
#3019=DIRECTION('center_axis',(-1.,3.28692043842088E-32,-1.22464679914735E-16));
#3020=DIRECTION('ref_axis',(-1.20751802831222E-16,0.166666666666667,0.986013297183269));
#3021=DIRECTION('',(1.,-3.28692043842088E-32,1.22464679914735E-16));
#3022=DIRECTION('center_axis',(-1.,0.,-1.22464679914735E-16));
#3023=DIRECTION('ref_axis',(0.,0.,1.));
#3024=DIRECTION('center_axis',(0.,0.739509972887452,-0.673145600891813));
#3025=DIRECTION('ref_axis',(1.,0.,0.));
#3026=DIRECTION('center_axis',(-1.,0.,-1.22464679914735E-16));
#3027=DIRECTION('ref_axis',(-4.62592926927148E-17,0.866025403784439,0.5));
#3028=DIRECTION('center_axis',(0.,-6.93889390390723E-17,1.));
#3029=DIRECTION('ref_axis',(0.,-1.,-6.93889390390723E-17));
#3030=DIRECTION('center_axis',(1.,0.,1.22464679914735E-16));
#3031=DIRECTION('ref_axis',(-6.12323399573676E-17,0.866025403784439,0.5));
#3032=DIRECTION('center_axis',(-1.22464679914735E-16,3.59189802084609E-16,
1.));
#3033=DIRECTION('ref_axis',(0.707106781186549,-0.707106781186546,0.));
#3034=DIRECTION('center_axis',(0.,0.,1.));
#3035=DIRECTION('ref_axis',(0.,-1.,0.));
#3036=DIRECTION('',(-1.22464679914735E-16,3.59189802084609E-16,1.));
#3037=DIRECTION('',(1.22464679914735E-16,-3.59189802084609E-16,-1.));
#3038=DIRECTION('center_axis',(1.,0.,1.22464679914735E-16));
#3039=DIRECTION('ref_axis',(0.,0.,-1.));
#3040=DIRECTION('center_axis',(0.,0.,-1.));
#3041=DIRECTION('ref_axis',(0.,1.,0.));
#3042=DIRECTION('center_axis',(-1.,0.,-1.22464679914735E-16));
#3043=DIRECTION('ref_axis',(1.22464679914735E-16,0.,-1.));
#3044=DIRECTION('center_axis',(1.,0.,1.22464679914735E-16));
#3045=DIRECTION('ref_axis',(1.11022302462516E-16,0.,-1.));
#3046=DIRECTION('center_axis',(-1.22464679914735E-16,0.,1.));
#3047=DIRECTION('ref_axis',(0.707106781186549,0.707106781186546,9.81307786677356E-17));
#3048=DIRECTION('center_axis',(1.38777878078144E-16,1.73472347597681E-17,
-1.));
#3049=DIRECTION('ref_axis',(0.,1.,1.73472347597681E-17));
#3050=DIRECTION('',(1.22464679914735E-16,0.,-1.));
#3051=DIRECTION('',(-1.22464679914735E-16,0.,1.));
#3052=DIRECTION('center_axis',(-1.,0.,-1.22464679914735E-16));
#3053=DIRECTION('ref_axis',(0.,0.,1.));
#3054=DIRECTION('center_axis',(0.,-0.739509972887452,-0.673145600891814));
#3055=DIRECTION('ref_axis',(0.,0.673145600891814,-0.739509972887452));
#3056=DIRECTION('center_axis',(1.,0.,1.22464679914735E-16));
#3057=DIRECTION('ref_axis',(-6.12323399573676E-17,-0.866025403784439,0.5));
#3058=DIRECTION('center_axis',(-1.,0.,-1.22464679914735E-16));
#3059=DIRECTION('ref_axis',(-4.62592926927149E-17,-0.866025403784439,0.5));
#3060=DIRECTION('center_axis',(1.,0.,1.22464679914735E-16));
#3061=DIRECTION('ref_axis',(0.,0.763762615825972,-0.645497224367904));
#3062=DIRECTION('center_axis',(1.,0.,0.));
#3063=DIRECTION('ref_axis',(0.,0.355792288847725,-0.934565057765641));
#3064=DIRECTION('',(1.,0.,0.));
#3065=DIRECTION('center_axis',(-1.,0.,0.));
#3066=DIRECTION('ref_axis',(0.,0.980792288847727,-0.195055084878189));
#3067=DIRECTION('',(-1.,0.,-1.22464679914735E-16));
#3068=DIRECTION('center_axis',(0.0714051711803428,0.924658480738284,0.374042772323534));
#3069=DIRECTION('ref_axis',(0.982261770369803,-3.10862446895044E-14,-0.187514837999506));
#3070=DIRECTION('center_axis',(-0.0714051945084369,0.924658479010324,0.374042772141804));
#3071=DIRECTION('ref_axis',(0.,0.375000000445663,-0.927024810706679));
#3072=DIRECTION('center_axis',(-1.,0.,-1.22464679914735E-16));
#3073=DIRECTION('ref_axis',(0.,0.,1.));
#3074=DIRECTION('center_axis',(0.,-3.46944695195362E-16,1.));
#3075=DIRECTION('ref_axis',(0.,1.,3.46944695195362E-16));
#3076=DIRECTION('center_axis',(-1.,0.,-1.22464679914735E-16));
#3077=DIRECTION('ref_axis',(-6.12323399573676E-17,-0.866025403784439,0.5));
#3078=DIRECTION('center_axis',(0.,-0.739509972887453,-0.673145600891812));
#3079=DIRECTION('ref_axis',(-1.,0.,0.));
#3080=DIRECTION('center_axis',(1.,0.,1.22464679914735E-16));
#3081=DIRECTION('ref_axis',(-4.62592926927149E-17,-0.866025403784439,0.5));
#3082=DIRECTION('center_axis',(1.22464679914735E-16,0.,-1.));
#3083=DIRECTION('ref_axis',(-0.707106781186546,0.707106781186549,-9.81307786677361E-17));
#3084=DIRECTION('center_axis',(0.,0.,1.));
#3085=DIRECTION('ref_axis',(0.,1.,0.));
#3086=DIRECTION('',(-1.22464679914735E-16,0.,1.));
#3087=DIRECTION('',(1.22464679914735E-16,0.,-1.));
#3088=DIRECTION('center_axis',(-1.,0.,-1.22464679914735E-16));
#3089=DIRECTION('ref_axis',(0.,-1.77635683940025E-16,-1.));
#3090=DIRECTION('center_axis',(0.,0.,-1.));
#3091=DIRECTION('ref_axis',(0.,-1.,0.));
#3092=DIRECTION('center_axis',(1.,0.,1.22464679914735E-16));
#3093=DIRECTION('ref_axis',(1.22464679914735E-16,0.,-1.));
#3094=DIRECTION('center_axis',(-1.,0.,-1.22464679914735E-16));
#3095=DIRECTION('ref_axis',(1.11022302462516E-16,0.,-1.));
#3096=DIRECTION('center_axis',(-1.22464679914735E-16,3.59189802084609E-16,
1.));
#3097=DIRECTION('ref_axis',(-0.707106781186546,-0.707106781186549,7.85046229341889E-16));
#3098=DIRECTION('center_axis',(0.,-6.76542155630955E-16,-1.));
#3099=DIRECTION('ref_axis',(0.,-1.,6.76542155630955E-16));
#3100=DIRECTION('',(1.22464679914735E-16,-3.59189802084609E-16,-1.));
#3101=DIRECTION('',(-1.22464679914735E-16,3.59189802084609E-16,1.));
#3102=DIRECTION('center_axis',(-1.,0.,-1.22464679914735E-16));
#3103=DIRECTION('ref_axis',(0.,0.,1.));
#3104=DIRECTION('center_axis',(0.,0.739509972887452,-0.673145600891813));
#3105=DIRECTION('ref_axis',(0.,-0.673145600891813,-0.739509972887452));
#3106=DIRECTION('center_axis',(-1.,0.,-1.22464679914735E-16));
#3107=DIRECTION('ref_axis',(-6.12323399573676E-17,0.866025403784439,0.5));
#3108=DIRECTION('center_axis',(1.,0.,1.22464679914735E-16));
#3109=DIRECTION('ref_axis',(-4.62592926927148E-17,0.866025403784439,0.5));
#3110=DIRECTION('center_axis',(-1.,-1.58000640528653E-47,-1.22464679914735E-16));
#3111=DIRECTION('ref_axis',(0.,-0.763762615825973,-0.645497224367903));
#3112=DIRECTION('center_axis',(-1.,0.,0.));
#3113=DIRECTION('ref_axis',(0.,-0.355792288847727,-0.934565057765641));
#3114=DIRECTION('',(-1.,-1.22464679914735E-16,0.));
#3115=DIRECTION('center_axis',(1.,0.,0.));
#3116=DIRECTION('ref_axis',(0.,-0.980792288847727,-0.19505508487819));
#3117=DIRECTION('',(1.,1.58000640528653E-47,1.22464679914735E-16));
#3118=DIRECTION('center_axis',(-0.0714051711803281,-0.924658480738285,0.374042772323534));
#3119=DIRECTION('ref_axis',(-0.982261770369803,1.62370117351429E-14,-0.187514837999504));
#3120=DIRECTION('center_axis',(0.07140519450842,-0.924658479010326,0.374042772141804));
#3121=DIRECTION('ref_axis',(0.,-0.375000000445662,-0.927024810706679));
#3122=DIRECTION('center_axis',(0.,0.,-1.));
#3123=DIRECTION('ref_axis',(-1.,0.,0.));
#3124=DIRECTION('center_axis',(0.,1.,0.));
#3125=DIRECTION('ref_axis',(0.,0.,1.));
#3126=DIRECTION('center_axis',(0.,0.,-1.));
#3127=DIRECTION('ref_axis',(-0.707106781186546,0.707106781186549,0.));
#3128=DIRECTION('center_axis',(1.,0.,0.));
#3129=DIRECTION('ref_axis',(0.,0.,1.));
#3130=DIRECTION('center_axis',(0.,-1.,0.));
#3131=DIRECTION('ref_axis',(0.707106781186548,0.,0.707106781186547));
#3132=DIRECTION('',(0.,-1.,0.));
#3133=DIRECTION('center_axis',(0.554700196225229,0.832050294337844,0.));
#3134=DIRECTION('ref_axis',(0.832050294337844,-0.554700196225229,0.));
#3135=DIRECTION('',(0.,1.,0.));
#3136=DIRECTION('center_axis',(1.,0.,1.22464679914735E-16));
#3137=DIRECTION('ref_axis',(0.,-1.,0.));
#3138=DIRECTION('',(0.,-1.,0.));
#3139=DIRECTION('',(-1.22464679914735E-16,0.,1.));
#3140=DIRECTION('',(0.,-1.,0.));
#3141=DIRECTION('',(1.22464679914735E-16,0.,-1.));
#3142=DIRECTION('center_axis',(1.,0.,1.22464679914735E-16));
#3143=DIRECTION('ref_axis',(0.,-1.,0.));
#3144=DIRECTION('center_axis',(0.,1.,0.));
#3145=DIRECTION('ref_axis',(0.707106781186548,0.,0.707106781186547));
#3146=DIRECTION('center_axis',(9.25185853854298E-17,1.,0.));
#3147=DIRECTION('ref_axis',(0.,0.,1.));
#3148=DIRECTION('',(0.,1.,0.));
#3149=DIRECTION('center_axis',(0.554700196225229,-0.832050294337843,0.));
#3150=DIRECTION('ref_axis',(0.832050294337843,0.554700196225229,0.));
#3151=DIRECTION('center_axis',(0.,0.,-1.));
#3152=DIRECTION('ref_axis',(-1.,0.,0.));
#3153=DIRECTION('center_axis',(-1.,0.,0.));
#3154=DIRECTION('ref_axis',(0.,0.,1.));
#3155=DIRECTION('center_axis',(0.,0.,-1.));
#3156=DIRECTION('ref_axis',(-0.707106781186548,-0.707106781186547,0.));
#3157=DIRECTION('center_axis',(1.,1.22464679914735E-16,0.));
#3158=DIRECTION('ref_axis',(0.,0.707106781186548,0.707106781186547));
#3159=DIRECTION('center_axis',(-1.,0.,0.));
#3160=DIRECTION('ref_axis',(0.,0.,1.));
#3161=DIRECTION('',(-1.,-1.22464679914735E-16,0.));
#3162=DIRECTION('center_axis',(0.,1.,0.));
#3163=DIRECTION('ref_axis',(1.22464679914735E-16,0.,-1.));
#3164=DIRECTION('',(-1.,0.,-1.22464679914735E-16));
#3165=DIRECTION('',(-1.,0.,-1.22464679914735E-16));
#3166=DIRECTION('center_axis',(-1.,0.,-1.22464679914735E-16));
#3167=DIRECTION('ref_axis',(0.,-1.,0.));
#3168=DIRECTION('',(-1.,0.,-1.22464679914735E-16));
#3169=DIRECTION('center_axis',(-4.39880641409288E-32,-1.,3.59189802084609E-16));
#3170=DIRECTION('ref_axis',(-1.22464679914735E-16,3.59189802084609E-16,
1.));
#3171=DIRECTION('',(1.,1.58000640528653E-47,1.22464679914735E-16));
#3172=DIRECTION('center_axis',(-1.,-1.58000640528653E-47,-1.22464679914735E-16));
#3173=DIRECTION('ref_axis',(-1.20751802831222E-16,0.166666666666667,0.986013297183269));
#3174=DIRECTION('center_axis',(0.,0.,1.));
#3175=DIRECTION('ref_axis',(0.707106781186548,0.707106781186548,0.));
#3176=DIRECTION('center_axis',(0.,0.,1.));
#3177=DIRECTION('ref_axis',(0.707106781186548,0.707106781186548,0.));
#3178=DIRECTION('',(0.,0.,1.));
#3179=DIRECTION('center_axis',(0.,0.,1.));
#3180=DIRECTION('ref_axis',(0.707106781186548,0.707106781186548,0.));
#3181=DIRECTION('',(0.,0.,-1.));
#3182=DIRECTION('center_axis',(0.,-1.,0.));
#3183=DIRECTION('ref_axis',(1.,0.,0.));
#3184=DIRECTION('',(1.,0.,0.));
#3185=DIRECTION('',(0.,0.,1.));
#3186=DIRECTION('',(-1.,0.,0.));
#3187=DIRECTION('center_axis',(0.,0.,1.));
#3188=DIRECTION('ref_axis',(0.707106781186573,-0.707106781186523,0.));
#3189=DIRECTION('center_axis',(0.,0.,1.));
#3190=DIRECTION('ref_axis',(0.707106781186573,-0.707106781186523,0.));
#3191=DIRECTION('',(0.,0.,1.));
#3192=DIRECTION('center_axis',(0.,0.,1.));
#3193=DIRECTION('ref_axis',(0.707106781186573,-0.707106781186523,0.));
#3194=DIRECTION('',(0.,0.,-1.));
#3195=DIRECTION('center_axis',(-1.,0.,0.));
#3196=DIRECTION('ref_axis',(0.,-1.,0.));
#3197=DIRECTION('',(0.,1.,0.));
#3198=DIRECTION('',(0.,-1.,0.));
#3199=DIRECTION('center_axis',(0.,0.,1.));
#3200=DIRECTION('ref_axis',(-0.707106781186548,-0.707106781186548,0.));
#3201=DIRECTION('center_axis',(0.,0.,1.));
#3202=DIRECTION('ref_axis',(-0.707106781186548,-0.707106781186548,0.));
#3203=DIRECTION('',(0.,0.,1.));
#3204=DIRECTION('center_axis',(0.,0.,1.));
#3205=DIRECTION('ref_axis',(-0.707106781186548,-0.707106781186548,0.));
#3206=DIRECTION('',(0.,0.,-1.));
#3207=DIRECTION('center_axis',(1.25448929336176E-16,1.,0.));
#3208=DIRECTION('ref_axis',(-1.,1.25448929336176E-16,0.));
#3209=DIRECTION('',(1.,-1.25448929336176E-16,0.));
#3210=DIRECTION('',(-1.,1.25448929336176E-16,0.));
#3211=DIRECTION('center_axis',(0.,0.,1.));
#3212=DIRECTION('ref_axis',(-0.707106781186548,0.707106781186548,0.));
#3213=DIRECTION('center_axis',(0.,0.,1.));
#3214=DIRECTION('ref_axis',(-0.707106781186548,0.707106781186548,0.));
#3215=DIRECTION('',(0.,0.,1.));
#3216=DIRECTION('center_axis',(0.,0.,1.));
#3217=DIRECTION('ref_axis',(-0.707106781186548,0.707106781186548,0.));
#3218=DIRECTION('',(0.,0.,-1.));
#3219=DIRECTION('center_axis',(1.,0.,0.));
#3220=DIRECTION('ref_axis',(0.,1.,0.));
#3221=DIRECTION('',(0.,-1.,0.));
#3222=DIRECTION('',(0.,1.,0.));
#3223=DIRECTION('center_axis',(0.,0.,1.));
#3224=DIRECTION('ref_axis',(-0.707106781186554,-0.707106781186541,0.));
#3225=DIRECTION('center_axis',(0.,0.,-1.));
#3226=DIRECTION('ref_axis',(-0.707106781186554,-0.707106781186541,0.));
#3227=DIRECTION('',(0.,0.,-1.));
#3228=DIRECTION('center_axis',(0.,0.,-1.));
#3229=DIRECTION('ref_axis',(-0.707106781186554,-0.707106781186541,0.));
#3230=DIRECTION('center_axis',(-1.,0.,0.));
#3231=DIRECTION('ref_axis',(0.,-1.,0.));
#3232=DIRECTION('',(0.,-1.,0.));
#3233=DIRECTION('',(0.,0.,1.));
#3234=DIRECTION('',(0.,1.,0.));
#3235=DIRECTION('center_axis',(0.,0.,1.));
#3236=DIRECTION('ref_axis',(1.,0.,0.));
#3237=DIRECTION('',(1.,3.02101503299362E-16,0.));
#3238=DIRECTION('center_axis',(0.,0.,-1.));
#3239=DIRECTION('ref_axis',(0.707106781186555,-0.70710678118654,0.));
#3240=DIRECTION('',(0.,1.,0.));
#3241=DIRECTION('center_axis',(0.,0.,-1.));
#3242=DIRECTION('ref_axis',(0.707106781186542,0.707106781186553,0.));
#3243=DIRECTION('',(-1.,0.,0.));
#3244=DIRECTION('center_axis',(0.,0.,-1.));
#3245=DIRECTION('ref_axis',(-0.707106781186535,0.70710678118656,0.));
#3246=DIRECTION('',(0.,-1.,0.));
#3247=DIRECTION('center_axis',(0.,0.,-1.));
#3248=DIRECTION('ref_axis',(-0.707106781186535,-0.70710678118656,0.));
#3249=DIRECTION('',(1.,-1.20349379363161E-16,0.));
#3250=DIRECTION('center_axis',(0.,0.,-1.));
#3251=DIRECTION('ref_axis',(0.707106781186535,-0.70710678118656,0.));
#3252=DIRECTION('',(-2.75261906931857E-16,1.,0.));
#3253=DIRECTION('center_axis',(0.,0.,-1.));
#3254=DIRECTION('ref_axis',(0.707106781186535,0.70710678118656,0.));
#3255=DIRECTION('',(-1.,0.,0.));
#3256=DIRECTION('center_axis',(0.,0.,-1.));
#3257=DIRECTION('ref_axis',(-0.707106781186541,0.707106781186554,0.));
#3258=DIRECTION('center_axis',(0.,0.,1.));
#3259=DIRECTION('ref_axis',(-0.707106781186541,0.707106781186554,0.));
#3260=DIRECTION('',(0.,0.,-1.));
#3261=DIRECTION('center_axis',(0.,0.,-1.));
#3262=DIRECTION('ref_axis',(-0.707106781186541,0.707106781186554,0.));
#3263=DIRECTION('center_axis',(0.,1.,0.));
#3264=DIRECTION('ref_axis',(-1.,0.,0.));
#3265=DIRECTION('',(-1.,0.,0.));
#3266=DIRECTION('',(0.,0.,1.));
#3267=DIRECTION('',(1.,0.,0.));
#3268=DIRECTION('',(0.,0.,-1.));
#3269=DIRECTION('',(0.,0.,1.));
#3270=DIRECTION('center_axis',(0.,0.,1.));
#3271=DIRECTION('ref_axis',(0.707106781186542,0.707106781186553,0.));
#3272=DIRECTION('',(0.,0.,-1.));
#3273=DIRECTION('center_axis',(0.,0.,-1.));
#3274=DIRECTION('ref_axis',(0.707106781186542,0.707106781186553,0.));
#3275=DIRECTION('center_axis',(1.,0.,0.));
#3276=DIRECTION('ref_axis',(0.,1.,0.));
#3277=DIRECTION('',(0.,0.,1.));
#3278=DIRECTION('',(0.,-1.,0.));
#3279=DIRECTION('center_axis',(0.,0.,1.));
#3280=DIRECTION('ref_axis',(0.707106781186555,-0.70710678118654,0.));
#3281=DIRECTION('',(0.,0.,-1.));
#3282=DIRECTION('center_axis',(0.,0.,-1.));
#3283=DIRECTION('ref_axis',(0.707106781186555,-0.70710678118654,0.));
#3284=DIRECTION('center_axis',(3.02101503299362E-16,-1.,0.));
#3285=DIRECTION('ref_axis',(1.,3.02101503299362E-16,0.));
#3286=DIRECTION('',(-1.,-3.02101503299362E-16,0.));
#3287=DIRECTION('center_axis',(0.,0.,1.));
#3288=DIRECTION('ref_axis',(-0.707106781186535,-0.70710678118656,0.));
#3289=DIRECTION('',(0.,0.,-1.));
#3290=DIRECTION('center_axis',(0.,0.,1.));
#3291=DIRECTION('ref_axis',(-0.707106781186535,-0.70710678118656,0.));
#3292=DIRECTION('',(0.,0.,1.));
#3293=DIRECTION('center_axis',(-1.,0.,0.));
#3294=DIRECTION('ref_axis',(0.,-1.,0.));
#3295=DIRECTION('',(0.,0.,1.));
#3296=DIRECTION('',(0.,1.,0.));
#3297=DIRECTION('center_axis',(0.,0.,1.));
#3298=DIRECTION('ref_axis',(0.707106781186535,-0.70710678118656,0.));
#3299=DIRECTION('',(0.,0.,-1.));
#3300=DIRECTION('center_axis',(0.,0.,1.));
#3301=DIRECTION('ref_axis',(0.707106781186535,-0.70710678118656,0.));
#3302=DIRECTION('',(0.,0.,1.));
#3303=DIRECTION('center_axis',(1.,2.75261906931857E-16,0.));
#3304=DIRECTION('ref_axis',(-2.75261906931857E-16,1.,0.));
#3305=DIRECTION('',(2.75261906931857E-16,-1.,0.));
#3306=DIRECTION('',(0.,0.,-1.));
#3307=DIRECTION('center_axis',(0.,0.,1.));
#3308=DIRECTION('ref_axis',(-1.,0.,0.));
#3309=DIRECTION('center_axis',(0.,0.,1.));
#3310=DIRECTION('ref_axis',(-0.707106781186535,0.70710678118656,0.));
#3311=DIRECTION('center_axis',(0.,0.,1.));
#3312=DIRECTION('ref_axis',(0.707106781186535,0.70710678118656,0.));
#3313=DIRECTION('',(-1.,1.20349379363161E-16,0.));
#3314=DIRECTION('center_axis',(0.,0.,-1.));
#3315=DIRECTION('ref_axis',(-0.707106781186548,0.707106781186548,0.));
#3316=DIRECTION('',(0.,1.,0.));
#3317=DIRECTION('center_axis',(0.,0.,-1.));
#3318=DIRECTION('ref_axis',(-0.707106781186547,-0.707106781186548,0.));
#3319=DIRECTION('',(-1.,0.,0.));
#3320=DIRECTION('center_axis',(0.,0.,-1.));
#3321=DIRECTION('ref_axis',(0.707106781186547,-0.707106781186548,0.));
#3322=DIRECTION('',(0.,-1.,0.));
#3323=DIRECTION('center_axis',(0.,0.,-1.));
#3324=DIRECTION('ref_axis',(0.707106781186548,0.707106781186548,0.));
#3325=DIRECTION('',(1.,0.,0.));
#3326=DIRECTION('',(-3.28692043842088E-32,-1.,0.));
#3327=DIRECTION('',(-1.,0.,0.));
#3328=DIRECTION('center_axis',(0.,0.,-1.));
#3329=DIRECTION('ref_axis',(0.707106781186547,-0.707106781186548,0.));
#3330=DIRECTION('',(0.,-1.,0.));
#3331=DIRECTION('center_axis',(0.,0.,-1.));
#3332=DIRECTION('ref_axis',(0.707106781186546,0.707106781186549,0.));
#3333=DIRECTION('',(1.,0.,0.));
#3334=DIRECTION('',(1.,1.58603289232165E-16,0.));
#3335=DIRECTION('',(3.28692043842088E-32,1.,0.));
#3336=DIRECTION('center_axis',(0.,0.,-1.));
#3337=DIRECTION('ref_axis',(-0.707106781186547,-0.707106781186548,0.));
#3338=DIRECTION('',(-1.,1.83697019872103E-16,0.));
#3339=DIRECTION('center_axis',(0.,0.,-1.));
#3340=DIRECTION('ref_axis',(0.707106781186547,-0.707106781186548,0.));
#3341=DIRECTION('center_axis',(0.,0.,-1.));
#3342=DIRECTION('ref_axis',(0.707106781186548,0.707106781186548,0.));
#3343=DIRECTION('',(1.,0.,0.));
#3344=DIRECTION('center_axis',(0.,0.,-1.));
#3345=DIRECTION('ref_axis',(-0.707106781186549,0.707106781186546,0.));
#3346=DIRECTION('',(0.,1.,0.));
#3347=DIRECTION('center_axis',(0.,0.,-1.));
#3348=DIRECTION('ref_axis',(-0.707106781186548,-0.707106781186547,0.));
#3349=DIRECTION('',(-1.,0.,0.));
#3350=DIRECTION('center_axis',(0.,0.,-1.));
#3351=DIRECTION('ref_axis',(0.707106781186548,-0.707106781186548,0.));
#3352=DIRECTION('',(0.,-1.,0.));
#3353=DIRECTION('center_axis',(0.,0.,1.));
#3354=DIRECTION('ref_axis',(0.707106781186535,0.70710678118656,0.));
#3355=DIRECTION('center_axis',(0.,0.,1.));
#3356=DIRECTION('ref_axis',(-0.707106781186535,0.70710678118656,0.));
#3357=DIRECTION('center_axis',(0.,0.,-1.));
#3358=DIRECTION('ref_axis',(-1.,0.,0.));
#3359=DIRECTION('center_axis',(0.,-1.,0.));
#3360=DIRECTION('ref_axis',(1.,0.,-2.77555756156288E-16));
#3361=DIRECTION('center_axis',(1.,0.,0.));
#3362=DIRECTION('ref_axis',(0.,0.,1.));
#3363=DIRECTION('center_axis',(0.,0.,1.));
#3364=DIRECTION('ref_axis',(-0.707106781186548,0.707106781186548,0.));
#3365=DIRECTION('center_axis',(-1.,0.,0.));
#3366=DIRECTION('ref_axis',(0.,-0.707106781186547,0.707106781186548));
#3367=DIRECTION('center_axis',(1.,0.,0.));
#3368=DIRECTION('ref_axis',(0.,0.,1.));
#3369=DIRECTION('',(-1.,0.,0.));
#3370=DIRECTION('center_axis',(0.,0.,-1.));
#3371=DIRECTION('ref_axis',(-1.,0.,0.));
#3372=DIRECTION('center_axis',(0.,-1.,0.));
#3373=DIRECTION('ref_axis',(0.,0.,1.));
#3374=DIRECTION('center_axis',(0.,0.,1.));
#3375=DIRECTION('ref_axis',(0.707106781186548,0.707106781186548,0.));
#3376=DIRECTION('center_axis',(0.,1.,0.));
#3377=DIRECTION('ref_axis',(-0.707106781186546,0.,0.707106781186549));
#3378=DIRECTION('center_axis',(0.,-1.,0.));
#3379=DIRECTION('ref_axis',(0.,0.,1.));
#3380=DIRECTION('',(0.,1.,0.));
#3381=DIRECTION('center_axis',(0.,0.,-1.));
#3382=DIRECTION('ref_axis',(-1.,0.,0.));
#3383=DIRECTION('center_axis',(-1.,0.,0.));
#3384=DIRECTION('ref_axis',(0.,0.,1.));
#3385=DIRECTION('center_axis',(0.,0.,1.));
#3386=DIRECTION('ref_axis',(0.707106781186547,-0.707106781186548,0.));
#3387=DIRECTION('center_axis',(1.,0.,0.));
#3388=DIRECTION('ref_axis',(0.,0.707106781186547,0.707106781186548));
#3389=DIRECTION('center_axis',(-1.,0.,0.));
#3390=DIRECTION('ref_axis',(0.,0.,1.));
#3391=DIRECTION('',(1.,0.,0.));
#3392=DIRECTION('center_axis',(0.,0.,-1.));
#3393=DIRECTION('ref_axis',(-1.,0.,0.));
#3394=DIRECTION('center_axis',(0.,1.,0.));
#3395=DIRECTION('ref_axis',(0.,0.,1.));
#3396=DIRECTION('center_axis',(0.,0.,1.));
#3397=DIRECTION('ref_axis',(-0.707106781186547,-0.707106781186548,0.));
#3398=DIRECTION('center_axis',(0.,-1.,0.));
#3399=DIRECTION('ref_axis',(0.707106781186549,0.,0.707106781186546));
#3400=DIRECTION('',(0.,-1.,0.));
#3401=DIRECTION('center_axis',(0.,1.,0.));
#3402=DIRECTION('ref_axis',(1.,0.,0.));
#3403=DIRECTION('',(-7.72329060608805E-16,0.,1.));
#3404=DIRECTION('center_axis',(0.,1.,0.));
#3405=DIRECTION('ref_axis',(0.,0.,-1.));
#3406=DIRECTION('',(0.,0.,-1.));
#3407=DIRECTION('center_axis',(0.,-1.,0.));
#3408=DIRECTION('ref_axis',(1.,0.,0.));
#3409=DIRECTION('center_axis',(-7.72329060608804E-16,0.,1.));
#3410=DIRECTION('ref_axis',(-0.707106781186547,-0.707106781186548,-7.8504622934189E-16));
#3411=DIRECTION('',(7.72329060608805E-16,0.,-1.));
#3412=DIRECTION('center_axis',(0.,0.,-1.));
#3413=DIRECTION('ref_axis',(0.,-1.,0.));
#3414=DIRECTION('center_axis',(-1.,0.,-7.72329060608804E-16));
#3415=DIRECTION('ref_axis',(-7.72329060608805E-16,0.,1.));
#3416=DIRECTION('',(-7.72329060608805E-16,0.,1.));
#3417=DIRECTION('',(0.,1.,0.));
#3418=DIRECTION('center_axis',(-7.72329060608804E-16,0.,1.));
#3419=DIRECTION('ref_axis',(-0.707106781186546,0.707106781186549,-7.85046229341889E-16));
#3420=DIRECTION('',(7.72329060608805E-16,0.,-1.));
#3421=DIRECTION('center_axis',(0.,0.,-1.));
#3422=DIRECTION('ref_axis',(-1.,0.,0.));
#3423=DIRECTION('center_axis',(0.,0.,1.));
#3424=DIRECTION('ref_axis',(0.70710678118654,-0.707106781186555,0.));
#3425=DIRECTION('center_axis',(0.,0.,1.));
#3426=DIRECTION('ref_axis',(0.,-1.,0.));
#3427=DIRECTION('',(0.,0.,1.));
#3428=DIRECTION('center_axis',(0.,1.,0.));
#3429=DIRECTION('ref_axis',(0.,0.,-1.));
#3430=DIRECTION('center_axis',(0.,-1.,0.));
#3431=DIRECTION('ref_axis',(0.,0.,-1.));
#3432=DIRECTION('center_axis',(0.,0.,-1.));
#3433=DIRECTION('ref_axis',(0.70710678118654,0.707106781186555,0.));
#3434=DIRECTION('',(0.,0.,-1.));
#3435=DIRECTION('center_axis',(0.,0.,1.));
#3436=DIRECTION('ref_axis',(1.,0.,0.));
#3437=DIRECTION('',(0.,0.,1.));
#3438=DIRECTION('center_axis',(0.,1.,0.));
#3439=DIRECTION('ref_axis',(0.,0.,-1.));
#3440=DIRECTION('center_axis',(0.,-1.,0.));
#3441=DIRECTION('ref_axis',(0.,0.,-1.));
#3442=DIRECTION('center_axis',(0.,1.,0.));
#3443=DIRECTION('ref_axis',(0.,0.,-1.));
#3444=DIRECTION('center_axis',(0.,1.,0.));
#3445=DIRECTION('ref_axis',(1.,0.,0.));
#3446=DIRECTION('',(0.,1.,0.));
#3447=DIRECTION('center_axis',(1.,0.,0.));
#3448=DIRECTION('ref_axis',(0.,0.,-1.));
#3449=DIRECTION('center_axis',(0.,0.,-1.));
#3450=DIRECTION('ref_axis',(-1.,0.,0.));
#3451=DIRECTION('center_axis',(-1.,0.,0.));
#3452=DIRECTION('ref_axis',(0.,-1.,0.));
#3453=DIRECTION('center_axis',(0.,-1.,0.));
#3454=DIRECTION('ref_axis',(0.,0.,1.));
#3455=DIRECTION('center_axis',(0.,0.,1.));
#3456=DIRECTION('ref_axis',(0.707106781186548,0.707106781186548,0.));
#3457=DIRECTION('center_axis',(0.,1.,0.));
#3458=DIRECTION('ref_axis',(-0.707106781186547,0.,0.707106781186548));
#3459=DIRECTION('center_axis',(0.,-1.,0.));
#3460=DIRECTION('ref_axis',(0.,0.,1.));
#3461=DIRECTION('',(0.,1.,0.));
#3462=DIRECTION('center_axis',(0.,0.,-1.));
#3463=DIRECTION('ref_axis',(-1.,0.,0.));
#3464=DIRECTION('center_axis',(-1.,0.,0.));
#3465=DIRECTION('ref_axis',(0.,0.,1.));
#3466=DIRECTION('center_axis',(0.,0.,1.));
#3467=DIRECTION('ref_axis',(0.707106781186548,-0.707106781186548,0.));
#3468=DIRECTION('center_axis',(1.,0.,0.));
#3469=DIRECTION('ref_axis',(0.,0.707106781186546,0.707106781186549));
#3470=DIRECTION('center_axis',(-1.,0.,0.));
#3471=DIRECTION('ref_axis',(0.,0.,1.));
#3472=DIRECTION('',(1.,0.,0.));
#3473=DIRECTION('center_axis',(0.,0.,-1.));
#3474=DIRECTION('ref_axis',(-1.,0.,0.));
#3475=DIRECTION('center_axis',(0.,1.,0.));
#3476=DIRECTION('ref_axis',(0.,0.,1.));
#3477=DIRECTION('center_axis',(0.,0.,1.));
#3478=DIRECTION('ref_axis',(-0.707106781186548,-0.707106781186547,0.));
#3479=DIRECTION('center_axis',(0.,-1.,0.));
#3480=DIRECTION('ref_axis',(0.707106781186547,0.,0.707106781186548));
#3481=DIRECTION('center_axis',(0.,1.,0.));
#3482=DIRECTION('ref_axis',(0.,0.,1.));
#3483=DIRECTION('',(0.,-1.,0.));
#3484=DIRECTION('center_axis',(0.,0.,-1.));
#3485=DIRECTION('ref_axis',(-1.,0.,0.));
#3486=DIRECTION('center_axis',(1.,0.,0.));
#3487=DIRECTION('ref_axis',(0.,0.,1.));
#3488=DIRECTION('center_axis',(0.,0.,1.));
#3489=DIRECTION('ref_axis',(-0.707106781186549,0.707106781186546,0.));
#3490=DIRECTION('center_axis',(-1.,0.,0.));
#3491=DIRECTION('ref_axis',(0.,-0.707106781186549,0.707106781186546));
#3492=DIRECTION('',(-1.,0.,0.));
#3493=DIRECTION('center_axis',(1.,0.,0.));
#3494=DIRECTION('ref_axis',(0.,1.,0.));
#3495=DIRECTION('',(0.,0.,1.));
#3496=DIRECTION('center_axis',(1.,0.,0.));
#3497=DIRECTION('ref_axis',(0.,0.,-1.));
#3498=DIRECTION('',(0.,0.,-1.));
#3499=DIRECTION('center_axis',(1.,0.,0.));
#3500=DIRECTION('ref_axis',(0.,1.,0.));
#3501=DIRECTION('center_axis',(0.,0.,-1.));
#3502=DIRECTION('ref_axis',(-0.707106781186549,0.707106781186546,0.));
#3503=DIRECTION('',(0.,0.,-1.));
#3504=DIRECTION('center_axis',(0.,0.,1.));
#3505=DIRECTION('ref_axis',(0.,1.,0.));
#3506=DIRECTION('center_axis',(0.,1.,0.));
#3507=DIRECTION('ref_axis',(0.,0.,-1.));
#3508=DIRECTION('',(0.,0.,1.));
#3509=DIRECTION('',(-1.,0.,0.));
#3510=DIRECTION('center_axis',(0.,0.,1.));
#3511=DIRECTION('ref_axis',(0.707106781186549,0.707106781186546,0.));
#3512=DIRECTION('',(0.,0.,-1.));
#3513=DIRECTION('center_axis',(0.,0.,1.));
#3514=DIRECTION('ref_axis',(1.,0.,0.));
#3515=DIRECTION('center_axis',(-1.,0.,0.));
#3516=DIRECTION('ref_axis',(0.,0.,-1.));
#3517=DIRECTION('center_axis',(0.,0.,-1.));
#3518=DIRECTION('ref_axis',(0.,-1.,0.));
#3519=DIRECTION('center_axis',(-1.,0.,0.));
#3520=DIRECTION('ref_axis',(0.,0.,-1.));
#3521=DIRECTION('center_axis',(0.,0.,1.));
#3522=DIRECTION('ref_axis',(-0.707106781186543,-0.707106781186552,0.));
#3523=DIRECTION('',(0.,0.,1.));
#3524=DIRECTION('center_axis',(0.,-1.,0.));
#3525=DIRECTION('ref_axis',(0.,0.,1.));
#3526=DIRECTION('',(-1.,0.,0.));
#3527=DIRECTION('',(0.,0.,-1.));
#3528=DIRECTION('center_axis',(-1.,0.,0.));
#3529=DIRECTION('ref_axis',(0.,-1.,0.));
#3530=DIRECTION('center_axis',(1.,0.,0.));
#3531=DIRECTION('ref_axis',(0.,0.,-1.));
#3532=DIRECTION('center_axis',(1.,0.,0.));
#3533=DIRECTION('ref_axis',(0.,0.,-1.));
#3534=DIRECTION('center_axis',(0.,0.,-1.));
#3535=DIRECTION('ref_axis',(1.,0.,0.));
#3536=DIRECTION('center_axis',(-1.,0.,0.));
#3537=DIRECTION('ref_axis',(0.,0.,-1.));
#3538=DIRECTION('center_axis',(0.,0.,1.));
#3539=DIRECTION('ref_axis',(0.707106781186543,-0.707106781186552,0.));
#3540=DIRECTION('',(0.,0.,1.));
#3541=DIRECTION('center_axis',(1.,0.,0.));
#3542=DIRECTION('ref_axis',(0.,1.,0.));
#3543=DIRECTION('center_axis',(-1.,0.,0.));
#3544=DIRECTION('ref_axis',(0.,1.,0.));
#3545=DIRECTION('center_axis',(-1.,0.,0.));
#3546=DIRECTION('ref_axis',(0.,1.,0.));
#3547=DIRECTION('',(1.,0.,0.));
#3548=DIRECTION('center_axis',(0.,1.,0.));
#3549=DIRECTION('ref_axis',(1.,0.,0.));
#3550=DIRECTION('center_axis',(0.,-1.,0.));
#3551=DIRECTION('ref_axis',(1.,0.,0.));
#3552=DIRECTION('',(0.,-1.,0.));
#3553=DIRECTION('center_axis',(0.,1.,0.));
#3554=DIRECTION('ref_axis',(1.,0.,0.));
#3555=DIRECTION('center_axis',(0.,0.,-1.));
#3556=DIRECTION('ref_axis',(-1.,0.,0.));
#3557=DIRECTION('center_axis',(0.832050294337844,0.554700196225229,0.));
#3558=DIRECTION('ref_axis',(-0.554700196225229,0.832050294337843,0.));
#3559=DIRECTION('center_axis',(-0.554700196225229,-0.832050294337844,0.));
#3560=DIRECTION('ref_axis',(-0.832050294337843,0.554700196225229,0.));
#3561=DIRECTION('center_axis',(5.55111512312578E-16,5.55111512312578E-16,
-1.));
#3562=DIRECTION('ref_axis',(0.,1.,5.55111512312578E-16));
#3563=DIRECTION('center_axis',(-0.832050294337844,0.554700196225229,0.));
#3564=DIRECTION('ref_axis',(0.554700196225229,0.832050294337844,0.));
#3565=DIRECTION('center_axis',(0.,0.,-1.));
#3566=DIRECTION('ref_axis',(1.,0.,0.));
#3567=DIRECTION('center_axis',(-0.832050294337844,-0.554700196225229,-4.10560619742228E-16));
#3568=DIRECTION('ref_axis',(0.554700196225229,-0.832050294337844,0.));
#3569=DIRECTION('center_axis',(0.,0.,-1.));
#3570=DIRECTION('ref_axis',(-1.11022302462515E-15,-1.,0.));
#3571=DIRECTION('center_axis',(0.832050294337843,-0.554700196225229,0.));
#3572=DIRECTION('ref_axis',(-0.554700196225229,-0.832050294337843,0.));
#3573=DIRECTION('center_axis',(3.28692043842088E-32,1.,0.));
#3574=DIRECTION('ref_axis',(-0.707106781186548,0.,0.707106781186548));
#3575=DIRECTION('center_axis',(1.85037170770859E-16,-1.,0.));
#3576=DIRECTION('ref_axis',(0.,0.,1.));
#3577=DIRECTION('center_axis',(0.,0.,-1.));
#3578=DIRECTION('ref_axis',(0.707106790069354,-0.707106772303741,0.));
#3579=DIRECTION('center_axis',(-1.,1.85037170770859E-16,0.));
#3580=DIRECTION('ref_axis',(0.,0.,1.));
#3581=DIRECTION('center_axis',(-1.,1.83697019872103E-16,0.));
#3582=DIRECTION('ref_axis',(0.,0.707106781186548,0.707106781186547));
#3583=DIRECTION('center_axis',(-1.,0.,0.));
#3584=DIRECTION('ref_axis',(0.,0.,1.));
#3585=DIRECTION('center_axis',(0.,0.,-1.));
#3586=DIRECTION('ref_axis',(-1.,0.,0.));
#3587=DIRECTION('center_axis',(0.,1.,0.));
#3588=DIRECTION('ref_axis',(0.,0.,1.));
#3589=DIRECTION('center_axis',(3.28692043842088E-32,1.,0.));
#3590=DIRECTION('ref_axis',(0.707106781186548,0.,0.707106781186548));
#3591=DIRECTION('',(-3.28692043842088E-32,-1.,0.));
#3592=DIRECTION('center_axis',(1.,1.58603289232165E-16,0.));
#3593=DIRECTION('ref_axis',(0.,-0.707106781186547,0.707106781186548));
#3594=DIRECTION('',(-1.,-1.58603289232165E-16,0.));
#3595=DIRECTION('',(1.,1.58603289232165E-16,1.22464679914735E-16));
#3596=DIRECTION('',(-1.,-1.58603289232165E-16,0.));
#3597=DIRECTION('center_axis',(-1.,0.,0.));
#3598=DIRECTION('ref_axis',(0.,-0.707106781186548,0.707106781186547));
#3599=DIRECTION('center_axis',(1.,0.,0.));
#3600=DIRECTION('ref_axis',(0.,0.,1.));
#3601=DIRECTION('center_axis',(0.,0.,-1.));
#3602=DIRECTION('ref_axis',(-1.,0.,0.));
#3603=DIRECTION('center_axis',(0.,-1.,0.));
#3604=DIRECTION('ref_axis',(0.,0.,1.));
#3605=DIRECTION('center_axis',(0.,1.,0.));
#3606=DIRECTION('ref_axis',(-0.707106781186547,0.,0.707106781186548));
#3607=DIRECTION('center_axis',(-1.8503717077086E-16,-1.,0.));
#3608=DIRECTION('ref_axis',(0.,0.,1.));
#3609=DIRECTION('',(0.,1.,0.));
#3610=DIRECTION('center_axis',(0.,0.,-1.));
#3611=DIRECTION('ref_axis',(0.707106790069354,-0.707106772303741,0.));
#3612=DIRECTION('center_axis',(-1.,0.,0.));
#3613=DIRECTION('ref_axis',(0.,0.707106781186548,0.707106781186548));
#3614=DIRECTION('',(1.,0.,0.));
#3615=DIRECTION('',(-1.,0.,-1.22464679914735E-16));
#3616=DIRECTION('',(1.,0.,0.));
#3617=DIRECTION('center_axis',(0.,-1.,0.));
#3618=DIRECTION('ref_axis',(-1.,0.,-1.22464679914735E-16));
#3619=DIRECTION('center_axis',(0.,-1.,0.));
#3620=DIRECTION('ref_axis',(0.707106781186547,0.,0.707106781186548));
#3621=DIRECTION('',(1.22464679914735E-16,0.,-1.));
#3622=DIRECTION('center_axis',(0.,-1.,0.));
#3623=DIRECTION('ref_axis',(-1.,0.,-1.22464679914735E-16));
#3624=DIRECTION('',(-1.22464679914735E-16,0.,1.));
#3625=DIRECTION('center_axis',(0.,-1.,0.));
#3626=DIRECTION('ref_axis',(-0.707106781186548,0.,0.707106781186547));
#3627=DIRECTION('center_axis',(1.22464679914735E-16,0.,-1.));
#3628=DIRECTION('ref_axis',(-0.707106781186548,0.707106781186548,-8.65956056235493E-17));
#3629=DIRECTION('center_axis',(1.,-3.28692043842088E-32,1.22464679914735E-16));
#3630=DIRECTION('ref_axis',(-3.28692043842088E-32,-1.,-4.02531659396415E-48));
#3631=DIRECTION('center_axis',(-1.,3.28692043842088E-32,-1.22464679914735E-16));
#3632=DIRECTION('ref_axis',(-3.28692043842088E-32,-1.,-4.02531659396415E-48));
#3633=DIRECTION('center_axis',(1.22464679914735E-16,0.,-1.));
#3634=DIRECTION('ref_axis',(-0.707106781186548,-0.707106781186548,-8.65956056235493E-17));
#3635=DIRECTION('',(1.22464679914735E-16,0.,-1.));
#3636=DIRECTION('center_axis',(-1.58603289232165E-16,1.,-1.94233010492413E-32));
#3637=DIRECTION('ref_axis',(1.,1.58603289232165E-16,1.22464679914735E-16));
#3638=DIRECTION('',(-1.22464679914735E-16,0.,1.));
#3639=DIRECTION('center_axis',(-1.58603289232165E-16,1.,-1.94233010492413E-32));
#3640=DIRECTION('ref_axis',(0.707106781186547,0.,0.707106781186548));
#3641=DIRECTION('center_axis',(-1.58603289232165E-16,1.,-1.94233010492413E-32));
#3642=DIRECTION('ref_axis',(1.,1.58603289232165E-16,1.22464679914735E-16));
#3643=DIRECTION('center_axis',(-1.58603289232165E-16,1.,-1.94233010492413E-32));
#3644=DIRECTION('ref_axis',(-0.707106781186548,0.,0.707106781186547));
#3645=DIRECTION('center_axis',(-1.20349379363161E-16,-1.,0.));
#3646=DIRECTION('ref_axis',(1.,-1.20349379363161E-16,0.));
#3647=DIRECTION('center_axis',(0.,0.,1.));
#3648=DIRECTION('ref_axis',(1.,0.,0.));
#3649=DIRECTION('center_axis',(1.,-3.28692043842088E-32,1.22464679914735E-16));
#3650=DIRECTION('ref_axis',(-1.20751802831222E-16,-0.166666666666667,0.986013297183269));
#3651=DIRECTION('',(-1.,3.28692043842088E-32,-1.22464679914735E-16));
#3652=DIRECTION('center_axis',(1.,0.,1.22464679914735E-16));
#3653=DIRECTION('ref_axis',(-1.20751802831222E-16,-0.166666666666667,0.986013297183269));
#3654=DIRECTION('center_axis',(3.28692043842088E-32,1.,4.02531659396415E-48));
#3655=DIRECTION('ref_axis',(-0.707106781186548,0.,0.707106781186547));
#3656=DIRECTION('',(-3.28692043842088E-32,-1.,-4.02531659396415E-48));
#3657=DIRECTION('center_axis',(1.22464679914735E-16,0.,-1.));
#3658=DIRECTION('ref_axis',(-1.,0.,-1.22464679914735E-16));
#3659=DIRECTION('',(0.,1.,0.));
#3660=DIRECTION('center_axis',(1.22464679914735E-16,0.,-1.));
#3661=DIRECTION('ref_axis',(0.707106781186547,-0.707106781186548,8.65956056235492E-17));
#3662=DIRECTION('center_axis',(0.,1.,0.));
#3663=DIRECTION('ref_axis',(0.707106781186547,0.,0.707106781186548));
#3664=DIRECTION('center_axis',(1.22464679914735E-16,0.,-1.));
#3665=DIRECTION('ref_axis',(0.707106781186547,0.707106781186548,8.65956056235492E-17));
#3666=DIRECTION('center_axis',(-1.,3.28692043842088E-32,-1.22464679914735E-16));
#3667=DIRECTION('ref_axis',(-3.28692043842088E-32,-1.,-4.02531659396415E-48));
#3668=DIRECTION('',(-1.,3.28692043842088E-32,-1.22464679914735E-16));
#3669=DIRECTION('center_axis',(-1.,3.28692043842088E-32,-1.22464679914735E-16));
#3670=DIRECTION('ref_axis',(-3.28692043842088E-32,-1.,-4.02531659396415E-48));
#3671=DIRECTION('',(1.,-3.28692043842088E-32,1.22464679914735E-16));
#3672=DIRECTION('',(1.,-3.28692043842088E-32,1.22464679914735E-16));
#3673=DIRECTION('center_axis',(-3.28692043842088E-32,-1.,-4.02531659396415E-48));
#3674=DIRECTION('ref_axis',(1.22464679914735E-16,0.,-1.));
#3675=DIRECTION('center_axis',(7.68572685251376E-32,1.,-3.59189802084609E-16));
#3676=DIRECTION('ref_axis',(-1.22464679914735E-16,3.59189802084609E-16,
1.));
#3677=DIRECTION('center_axis',(-1.,0.,-1.22464679914735E-16));
#3678=DIRECTION('ref_axis',(0.,-1.,0.));
#3679=DIRECTION('',(1.,0.,1.22464679914735E-16));
#3680=DIRECTION('center_axis',(-1.,0.,-1.22464679914735E-16));
#3681=DIRECTION('ref_axis',(0.,-1.,0.));
#3682=DIRECTION('center_axis',(1.,0.,1.22464679914735E-16));
#3683=DIRECTION('ref_axis',(0.,-1.,0.));
#3684=CARTESIAN_POINT('',(0.,0.,0.));
#3685=CARTESIAN_POINT('Origin',(5.,0.923169155390905,3.78022033951276));
#3686=CARTESIAN_POINT('',(4.,0.567376866543178,2.84565528174712));
#3687=CARTESIAN_POINT('',(4.,-0.05762313345682,3.58516525463457));
#3688=CARTESIAN_POINT('Origin',(4.,0.923169155390905,3.78022033951276));
#3689=CARTESIAN_POINT('',(1.,-0.0576231334568217,3.58516525463457));
#3690=CARTESIAN_POINT('',(5.,-0.0576231334568217,3.58516525463457));
#3691=CARTESIAN_POINT('',(1.,0.567376866543178,2.84565528174711));
#3692=CARTESIAN_POINT('Origin',(1.,0.923169155390905,3.78022033951276));
#3693=CARTESIAN_POINT('',(5.,0.567376866543178,2.84565528174712));
#3694=CARTESIAN_POINT('Ctrl Pts',(4.,0.567376866543179,2.84565528174711));
#3695=CARTESIAN_POINT('Ctrl Pts',(4.01743816450607,0.567376866543179,2.84565528174711));
#3696=CARTESIAN_POINT('Ctrl Pts',(4.05762432526969,0.579464054598633,2.84109418758298));
#3697=CARTESIAN_POINT('Ctrl Pts',(4.07261324609157,0.608874744970579,2.82955752795404));
#3698=CARTESIAN_POINT('Ctrl Pts',(4.07095291838089,0.625000001358676,2.82303454056145));
#3699=CARTESIAN_POINT('Ctrl Pts',(4.,0.387456000072251,2.91415180466035));
#3700=CARTESIAN_POINT('Ctrl Pts',(4.06806051839929,0.387456000072251,2.91415180466035));
#3701=CARTESIAN_POINT('Ctrl Pts',(4.2251326095287,0.431296732412424,2.89899399220888));
#3702=CARTESIAN_POINT('Ctrl Pts',(4.32087906962231,0.556348939268432,2.8516290285221));
#3703=CARTESIAN_POINT('Ctrl Pts',(4.33619372203654,0.642602385787939,2.81591402545471));
#3704=CARTESIAN_POINT('Ctrl Pts',(4.,0.108741122868206,3.12734997982732));
#3705=CARTESIAN_POINT('Ctrl Pts',(4.15636716277195,0.108741122868206,3.12734997982732));
#3706=CARTESIAN_POINT('Ctrl Pts',(4.51826997618478,0.213575231997587,3.10608240004041));
#3707=CARTESIAN_POINT('Ctrl Pts',(4.75455926149498,0.524516738247065,3.03803800425078));
#3708=CARTESIAN_POINT('Ctrl Pts',(4.79746309394172,0.746569800155517,2.98487149940921));
#3709=CARTESIAN_POINT('Ctrl Pts',(4.,-0.029459379963232,3.44354991418461));
#3710=CARTESIAN_POINT('Ctrl Pts',(4.21992212395447,-0.029459379963232,3.44354991418461));
#3711=CARTESIAN_POINT('Ctrl Pts',(4.7287327836631,0.143119532983471,3.43340157859976));
#3712=CARTESIAN_POINT('Ctrl Pts',(4.99920254542777,0.621033173941841,3.40315648532729));
#3713=CARTESIAN_POINT('Ctrl Pts',(5.01863440354576,0.924053900070775,3.38140207959635));
#3714=CARTESIAN_POINT('Ctrl Pts',(4.,-0.0576231334568209,3.58516525463457));
#3715=CARTESIAN_POINT('Ctrl Pts',(4.24004690148178,-0.0576231334568209,
3.58516525463457));
#3716=CARTESIAN_POINT('Ctrl Pts',(4.79551814350818,0.144045474626405,3.58060416047043));
#3717=CARTESIAN_POINT('Ctrl Pts',(5.05445994230545,0.680852112889415,3.5690675008415));
#3718=CARTESIAN_POINT('Ctrl Pts',(5.05321468878567,1.00000002689066,3.56254451344891));
#3719=CARTESIAN_POINT('',(4.07095291838313,0.625000001336984,2.82303454057023));
#3720=CARTESIAN_POINT('',(5.05321468868418,1.00000002644991,3.56254451291731));
#3721=CARTESIAN_POINT('Origin',(4.07095291838313,1.00000000178265,3.75005935127691));
#3722=CARTESIAN_POINT('Ctrl Pts',(5.05321468878735,1.00000002646135,3.56254451345768));
#3723=CARTESIAN_POINT('Ctrl Pts',(5.05445994217276,0.680852112614332,3.56906750084741));
#3724=CARTESIAN_POINT('Ctrl Pts',(4.90649320002582,0.374105462364936,3.57565987777425));
#3725=CARTESIAN_POINT('Ctrl Pts',(4.66170051731947,0.176791638198558,3.57997451904116));
#3726=CARTESIAN_POINT('Ctrl Pts',(4.47810600520738,0.0288062700074189,3.58321049999279));
#3727=CARTESIAN_POINT('Ctrl Pts',(4.24004690148178,-0.0576231334568209,
3.58516525463457));
#3728=CARTESIAN_POINT('Ctrl Pts',(4.,-0.0576231334568208,3.58516525463457));
#3729=CARTESIAN_POINT('Ctrl Pts',(4.,0.567376866543179,2.84565528174711));
#3730=CARTESIAN_POINT('Ctrl Pts',(4.01743816450607,0.567376866543179,2.84565528174711));
#3731=CARTESIAN_POINT('Ctrl Pts',(4.05762432526969,0.579464054598633,2.84109418758298));
#3732=CARTESIAN_POINT('Ctrl Pts',(4.07261324609157,0.608874744970579,2.82955752795404));
#3733=CARTESIAN_POINT('Ctrl Pts',(4.07095291838089,0.625000001358676,2.82303454056145));
#3734=CARTESIAN_POINT('Origin',(4.,-0.500000000000002,0.0419601084501918));
#3735=CARTESIAN_POINT('',(4.,2.5,0.0419601084501907));
#3736=CARTESIAN_POINT('',(5.,3.5,0.0419601084501908));
#3737=CARTESIAN_POINT('Origin',(4.,3.5,0.0419601084501908));
#3738=CARTESIAN_POINT('',(5.,2.19258240356725,3.));
#3739=CARTESIAN_POINT('Origin',(5.,-0.500000000000002,0.0419601084501919));
#3740=CARTESIAN_POINT('',(4.,1.51943680267544,2.26049002711255));
#3741=CARTESIAN_POINT('Origin',(4.,2.19258240356725,3.));
#3742=CARTESIAN_POINT('Origin',(4.,-0.500000000000002,0.0419601084501918));
#3743=CARTESIAN_POINT('Origin',(4.,3.5,-4.625));
#3744=CARTESIAN_POINT('',(4.,2.5,-5.5));
#3745=CARTESIAN_POINT('',(5.,3.5,-5.5));
#3746=CARTESIAN_POINT('Origin',(4.,3.5,-5.5));
#3747=CARTESIAN_POINT('',(5.,3.5,-4.625));
#3748=CARTESIAN_POINT('',(4.,2.5,-4.625));
#3749=CARTESIAN_POINT('Origin',(4.,7.5,-5.5));
#3750=CARTESIAN_POINT('',(4.,12.5,-5.5));
#3751=CARTESIAN_POINT('',(5.,11.5,-5.5));
#3752=CARTESIAN_POINT('Origin',(4.,11.5,-5.5));
#3753=CARTESIAN_POINT('Origin',(5.,7.5,-5.5));
#3754=CARTESIAN_POINT('Origin',(4.,7.5,-5.5));
#3755=CARTESIAN_POINT('Origin',(4.,11.5,-0.375));
#3756=CARTESIAN_POINT('',(4.,12.5,0.0419601084501913));
#3757=CARTESIAN_POINT('',(5.,11.5,0.0419601084501914));
#3758=CARTESIAN_POINT('Origin',(4.,11.5,0.0419601084501913));
#3759=CARTESIAN_POINT('',(5.,11.5,-0.375));
#3760=CARTESIAN_POINT('',(4.,12.5,-0.375));
#3761=CARTESIAN_POINT('Origin',(4.,15.5,0.0419601084501913));
#3762=CARTESIAN_POINT('',(4.,13.4805631973246,2.26049002711255));
#3763=CARTESIAN_POINT('',(5.,12.8074175964327,3.));
#3764=CARTESIAN_POINT('Origin',(4.,12.8074175964327,3.));
#3765=CARTESIAN_POINT('Origin',(5.,15.5,0.0419601084501914));
#3766=CARTESIAN_POINT('Origin',(4.,15.5,0.0419601084501913));
#3767=CARTESIAN_POINT('Ctrl Pts',(4.07095291653884,0.62500001924883,2.82303453332453));
#3768=CARTESIAN_POINT('Ctrl Pts',(4.03719416742361,0.952868221707366,2.69040531248173));
#3769=CARTESIAN_POINT('Ctrl Pts',(4.,1.25721911772061,2.49917603213582));
#3770=CARTESIAN_POINT('Ctrl Pts',(4.,1.51943680267544,2.26049002711255));
#3771=CARTESIAN_POINT('Ctrl Pts',(4.33619371934245,0.642602397801167,2.81591402046335));
#3772=CARTESIAN_POINT('Ctrl Pts',(4.31200588312875,0.970767998279571,2.68043873287583));
#3773=CARTESIAN_POINT('Ctrl Pts',(4.28774937202385,1.26971069228812,2.48842995239525));
#3774=CARTESIAN_POINT('Ctrl Pts',(4.29919930034189,1.51943680267544,2.26049002711255));
#3775=CARTESIAN_POINT('Ctrl Pts',(4.79745351319692,0.74657282424314,2.98488079445714));
#3776=CARTESIAN_POINT('Ctrl Pts',(4.78905485152651,1.10311634004787,2.8500215880494));
#3777=CARTESIAN_POINT('Ctrl Pts',(4.78784583383963,1.42288446475244,2.66045661401172));
#3778=CARTESIAN_POINT('Ctrl Pts',(4.81752210708842,1.68830255722525,2.44600399229825));
#3779=CARTESIAN_POINT('Ctrl Pts',(5.01863440093929,0.924053898799973,3.38140207368492));
#3780=CARTESIAN_POINT('Ctrl Pts',(5.00196259068937,1.33707300411622,3.24944138350873));
#3781=CARTESIAN_POINT('Ctrl Pts',(4.98667232502027,1.71708796752727,3.06102046648821));
#3782=CARTESIAN_POINT('Ctrl Pts',(5.,2.04152888395596,2.83405435013717));
#3783=CARTESIAN_POINT('Ctrl Pts',(5.05321468740413,1.00000002566511,3.56254450621198));
#3784=CARTESIAN_POINT('Ctrl Pts',(5.02789562556771,1.43715762894316,3.42991528536918));
#3785=CARTESIAN_POINT('Ctrl Pts',(5.,1.84295882362748,3.23868600502328));
#3786=CARTESIAN_POINT('Ctrl Pts',(5.,2.19258240356725,3.));
#3787=CARTESIAN_POINT('Ctrl Pts',(5.,2.19258240356725,3.));
#3788=CARTESIAN_POINT('Ctrl Pts',(5.,1.84295882362748,3.23868600502328));
#3789=CARTESIAN_POINT('Ctrl Pts',(5.02789562556771,1.43715762894316,3.42991528536918));
#3790=CARTESIAN_POINT('Ctrl Pts',(5.05321468740413,1.00000002566511,3.56254450621198));
#3791=CARTESIAN_POINT('Ctrl Pts',(4.07095291653884,0.62500001924883,2.82303453332453));
#3792=CARTESIAN_POINT('Ctrl Pts',(4.03719416742361,0.952868221707366,2.69040531248173));
#3793=CARTESIAN_POINT('Ctrl Pts',(4.,1.25721911772061,2.49917603213582));
#3794=CARTESIAN_POINT('Ctrl Pts',(4.,1.51943680267544,2.26049002711255));
#3795=CARTESIAN_POINT('Origin',(-4.57804842635061E-16,14.0768308446091,
3.78022033951275));
#3796=CARTESIAN_POINT('',(0.999999999999996,14.4326231334568,2.84565528174711));
#3797=CARTESIAN_POINT('',(0.999999999999996,15.0576231334568,3.58516525463457));
#3798=CARTESIAN_POINT('Origin',(0.999999999999996,14.0768308446091,3.78022033951275));
#3799=CARTESIAN_POINT('',(4.,15.0576231334568,3.58516525463457));
#3800=CARTESIAN_POINT('',(0.,15.0576231334568,3.58516525463457));
#3801=CARTESIAN_POINT('',(4.,14.4326231334568,2.84565528174711));
#3802=CARTESIAN_POINT('Origin',(4.,14.0768308446091,3.78022033951276));
#3803=CARTESIAN_POINT('',(-3.43353631976296E-16,14.4326231334568,2.84565528174711));
#3804=CARTESIAN_POINT('Ctrl Pts',(4.07095291838089,14.3749999986413,2.82303454056145));
#3805=CARTESIAN_POINT('Ctrl Pts',(4.0721981641639,14.3870939409324,2.8279267811059));
#3806=CARTESIAN_POINT('Ctrl Pts',(4.06494040780359,14.4078134471396,2.83613180845756));
#3807=CARTESIAN_POINT('Ctrl Pts',(4.03480973870493,14.4281946328888,2.8439736073913));
#3808=CARTESIAN_POINT('Ctrl Pts',(4.01162544300404,14.4326231334568,2.84565528174712));
#3809=CARTESIAN_POINT('Ctrl Pts',(4.,14.4326231334568,2.84565528174712));
#3810=CARTESIAN_POINT('Ctrl Pts',(4.33619372203654,14.3573976142121,2.8159140254547));
#3811=CARTESIAN_POINT('Ctrl Pts',(4.32470773272587,14.4220876991017,2.84270027775525));
#3812=CARTESIAN_POINT('Ctrl Pts',(4.26856160023367,14.5160307196303,2.87892756837003));
#3813=CARTESIAN_POINT('Ctrl Pts',(4.13586986359754,14.5959945243021,2.90871239970156));
#3814=CARTESIAN_POINT('Ctrl Pts',(4.04537367893287,14.6125439999277,2.91415180466036));
#3815=CARTESIAN_POINT('Ctrl Pts',(4.,14.6125439999277,2.91415180466036));
#3816=CARTESIAN_POINT('Ctrl Pts',(4.79732391810917,14.2533862833209,2.98500663278705));
#3817=CARTESIAN_POINT('Ctrl Pts',(4.76514604377412,14.4199260797523,3.02488151141823));
#3818=CARTESIAN_POINT('Ctrl Pts',(4.624081806479,14.6558923084328,3.07803705997445));
#3819=CARTESIAN_POINT('Ctrl Pts',(4.31299908207852,14.8515836369191,3.11914845822191));
#3820=CARTESIAN_POINT('Ctrl Pts',(4.10424477518131,14.891213552928,3.12738410604452));
#3821=CARTESIAN_POINT('Ctrl Pts',(4.,14.891213552928,3.12738410604452));
#3822=CARTESIAN_POINT('Ctrl Pts',(5.01863440354577,14.0759460999292,3.38140207959635));
#3823=CARTESIAN_POINT('Ctrl Pts',(5.00406050995728,14.3032116445259,3.39771788389455));
#3824=CARTESIAN_POINT('Ctrl Pts',(4.85391383355782,14.6541269502657,3.42074577829768));
#3825=CARTESIAN_POINT('Ctrl Pts',(4.43937664886252,14.9648730144243,3.43968331786399));
#3826=CARTESIAN_POINT('Ctrl Pts',(4.146614749303,15.0294593799632,3.44354991418461));
#3827=CARTESIAN_POINT('Ctrl Pts',(4.,15.0294593799632,3.44354991418461));
#3828=CARTESIAN_POINT('Ctrl Pts',(5.05321468878567,13.9999999731093,3.5625445134489));
#3829=CARTESIAN_POINT('Ctrl Pts',(5.05414862892551,14.2393609086102,3.56743675399335));
#3830=CARTESIAN_POINT('Ctrl Pts',(4.91787268653401,14.6268282324151,3.57564178134501));
#3831=CARTESIAN_POINT('Ctrl Pts',(4.47950842460038,14.982568346653,3.58348358027875));
#3832=CARTESIAN_POINT('Ctrl Pts',(4.16003126765454,15.0576231334568,3.58516525463457));
#3833=CARTESIAN_POINT('Ctrl Pts',(4.,15.0576231334568,3.58516525463457));
#3834=CARTESIAN_POINT('',(5.05321468868419,13.9999999735501,3.56254451291731));
#3835=CARTESIAN_POINT('',(4.07095291838313,14.374999998663,2.82303454057023));
#3836=CARTESIAN_POINT('Origin',(4.07095291838313,13.9999999982173,3.75005935127691));
#3837=CARTESIAN_POINT('Ctrl Pts',(4.07095291838089,14.3749999986413,2.82303454056145));
#3838=CARTESIAN_POINT('Ctrl Pts',(4.0721981641639,14.3870939409324,2.8279267811059));
#3839=CARTESIAN_POINT('Ctrl Pts',(4.06494040780359,14.4078134471396,2.83613180845756));
#3840=CARTESIAN_POINT('Ctrl Pts',(4.03480973870493,14.4281946328888,2.8439736073913));
#3841=CARTESIAN_POINT('Ctrl Pts',(4.01162544300404,14.4326231334568,2.84565528174712));
#3842=CARTESIAN_POINT('Ctrl Pts',(4.,14.4326231334568,2.84565528174712));
#3843=CARTESIAN_POINT('Ctrl Pts',(4.,15.0576231334568,3.58516525463457));
#3844=CARTESIAN_POINT('Ctrl Pts',(4.16003126765454,15.0576231334568,3.58516525463457));
#3845=CARTESIAN_POINT('Ctrl Pts',(4.47950842460038,14.982568346653,3.58348358027875));
#3846=CARTESIAN_POINT('Ctrl Pts',(4.91787268653401,14.6268282324151,3.57564178134501));
#3847=CARTESIAN_POINT('Ctrl Pts',(5.05414862892551,14.2393609086102,3.56743675399335));
#3848=CARTESIAN_POINT('Ctrl Pts',(5.05321468878567,13.9999999731093,3.5625445134489));
#3849=CARTESIAN_POINT('Ctrl Pts',(4.,13.4805631973246,2.26049002711255));
#3850=CARTESIAN_POINT('Ctrl Pts',(4.,13.7427808822794,2.49917603213582));
#3851=CARTESIAN_POINT('Ctrl Pts',(4.03719416742361,14.0471317782926,2.69040531248172));
#3852=CARTESIAN_POINT('Ctrl Pts',(4.07095291653884,14.3749999807511,2.82303453332452));
#3853=CARTESIAN_POINT('Ctrl Pts',(4.29919930034189,13.4805631973246,2.26049002711255));
#3854=CARTESIAN_POINT('Ctrl Pts',(4.28774937202385,13.7302893077119,2.48842995239525));
#3855=CARTESIAN_POINT('Ctrl Pts',(4.31200588312875,14.0292320017204,2.68043873287582));
#3856=CARTESIAN_POINT('Ctrl Pts',(4.33619371934245,14.3573976021988,2.81591402046335));
#3857=CARTESIAN_POINT('Ctrl Pts',(4.81730389680146,13.3115750223086,2.44613848200674));
#3858=CARTESIAN_POINT('Ctrl Pts',(4.78762762355267,13.5769931147814,2.66059110372021));
#3859=CARTESIAN_POINT('Ctrl Pts',(4.78892815122451,13.8968436800416,2.85014460825612));
#3860=CARTESIAN_POINT('Ctrl Pts',(4.79732681289492,14.2533871958464,2.98500381466386));
#3861=CARTESIAN_POINT('Ctrl Pts',(5.,12.958471116044,2.83405435013717));
#3862=CARTESIAN_POINT('Ctrl Pts',(4.98667232502027,13.2829120324727,3.06102046648821));
#3863=CARTESIAN_POINT('Ctrl Pts',(5.00196259068937,13.6629269958838,3.24944138350872));
#3864=CARTESIAN_POINT('Ctrl Pts',(5.01863440093928,14.0759461012,3.38140207368491));
#3865=CARTESIAN_POINT('Ctrl Pts',(5.,12.8074175964327,3.));
#3866=CARTESIAN_POINT('Ctrl Pts',(5.,13.1570411763725,3.23868600502328));
#3867=CARTESIAN_POINT('Ctrl Pts',(5.0278956255677,13.5628423710568,3.42991528536917));
#3868=CARTESIAN_POINT('Ctrl Pts',(5.05321468740413,13.9999999743349,3.56254450621197));
#3869=CARTESIAN_POINT('Ctrl Pts',(5.05321468740413,13.9999999743349,3.56254450621197));
#3870=CARTESIAN_POINT('Ctrl Pts',(5.0278956255677,13.5628423710568,3.42991528536917));
#3871=CARTESIAN_POINT('Ctrl Pts',(5.,13.1570411763725,3.23868600502328));
#3872=CARTESIAN_POINT('Ctrl Pts',(5.,12.8074175964327,3.));
#3873=CARTESIAN_POINT('Ctrl Pts',(4.,13.4805631973246,2.26049002711255));
#3874=CARTESIAN_POINT('Ctrl Pts',(4.,13.7427808822794,2.49917603213582));
#3875=CARTESIAN_POINT('Ctrl Pts',(4.03719416742361,14.0471317782926,2.69040531248172));
#3876=CARTESIAN_POINT('Ctrl Pts',(4.07095291653884,14.3749999807511,2.82303453332452));
#3877=CARTESIAN_POINT('Ctrl Pts',(0.999999999999997,14.4326231334568,2.84565528174711));
#3878=CARTESIAN_POINT('Ctrl Pts',(0.98256183549393,14.4326231334568,2.84565528174711));
#3879=CARTESIAN_POINT('Ctrl Pts',(0.94237588095094,14.4205358308829,2.8410941436747));
#3880=CARTESIAN_POINT('Ctrl Pts',(0.927386753908427,14.3911252550294,2.82955752795404));
#3881=CARTESIAN_POINT('Ctrl Pts',(0.929047081619104,14.3749999986413,2.82303454056145));
#3882=CARTESIAN_POINT('Ctrl Pts',(0.999999999999999,14.6125439999277,2.91415180466035));
#3883=CARTESIAN_POINT('Ctrl Pts',(0.931939481600703,14.6125439999277,2.91415180466035));
#3884=CARTESIAN_POINT('Ctrl Pts',(0.774867966305299,14.5687028214309,2.89899523778298));
#3885=CARTESIAN_POINT('Ctrl Pts',(0.679120930377685,14.4436510607315,2.85162902852209));
#3886=CARTESIAN_POINT('Ctrl Pts',(0.663806277963453,14.3573976142121,2.81591402545471));
#3887=CARTESIAN_POINT('Ctrl Pts',(1.,14.8912213347687,3.12737824681782));
#3888=CARTESIAN_POINT('Ctrl Pts',(0.84363283722805,14.8912213347687,3.12737824681782));
#3889=CARTESIAN_POINT('Ctrl Pts',(0.4817699054837,14.7863868977232,3.10613926143143));
#3890=CARTESIAN_POINT('Ctrl Pts',(0.245556018845439,14.4754468853814,3.03814993619696));
#3891=CARTESIAN_POINT('Ctrl Pts',(0.202652186398712,14.253393823473,2.98498343135541));
#3892=CARTESIAN_POINT('Ctrl Pts',(1.,15.0294593799632,3.44354991418461));
#3893=CARTESIAN_POINT('Ctrl Pts',(0.780077876045523,15.0294593799632,3.44354991418461));
#3894=CARTESIAN_POINT('Ctrl Pts',(0.271268501529854,14.8568792866617,3.4334014066162));
#3895=CARTESIAN_POINT('Ctrl Pts',(0.000797454572224433,14.3789668260581,
3.40315648532729));
#3896=CARTESIAN_POINT('Ctrl Pts',(-0.0186344035457663,14.0759460999292,
3.38140207959635));
#3897=CARTESIAN_POINT('Ctrl Pts',(1.00000000000001,15.0576231334568,3.58516525463457));
#3898=CARTESIAN_POINT('Ctrl Pts',(0.759953098518214,15.0576231334568,3.58516525463457));
#3899=CARTESIAN_POINT('Ctrl Pts',(0.204483645748468,14.8559525759365,3.58060411656215));
#3900=CARTESIAN_POINT('Ctrl Pts',(-0.0544599423054487,14.3191478871105,
3.56906750084149));
#3901=CARTESIAN_POINT('Ctrl Pts',(-0.0532146887856724,13.9999999731093,
3.5625445134489));
#3902=CARTESIAN_POINT('',(0.92904708161687,14.374999998663,2.82303454057023));
#3903=CARTESIAN_POINT('',(-0.05321468868419,13.9999999735501,3.56254451291731));
#3904=CARTESIAN_POINT('Origin',(0.92904708161687,13.9999999982173,3.75005935127691));
#3905=CARTESIAN_POINT('Ctrl Pts',(-0.0532146887873474,13.9999999735386,
3.56254451345768));
#3906=CARTESIAN_POINT('Ctrl Pts',(-0.0544599421727654,14.3191478873856,
3.56906750084741));
#3907=CARTESIAN_POINT('Ctrl Pts',(0.0935078224065428,14.625893423671,3.5756598526838));
#3908=CARTESIAN_POINT('Ctrl Pts',(0.338300359051135,14.8232074069751,3.57997449753506));
#3909=CARTESIAN_POINT('Ctrl Pts',(0.521894761616892,14.9711928945196,3.58321048117496));
#3910=CARTESIAN_POINT('Ctrl Pts',(0.759953098518207,15.0576231334568,3.58516525463457));
#3911=CARTESIAN_POINT('Ctrl Pts',(0.999999999999996,15.0576231334568,3.58516525463457));
#3912=CARTESIAN_POINT('Ctrl Pts',(0.999999999999997,14.4326231334568,2.84565528174711));
#3913=CARTESIAN_POINT('Ctrl Pts',(0.98256183549393,14.4326231334568,2.84565528174711));
#3914=CARTESIAN_POINT('Ctrl Pts',(0.94237588095094,14.4205358308829,2.8410941436747));
#3915=CARTESIAN_POINT('Ctrl Pts',(0.927386753908427,14.3911252550294,2.82955752795404));
#3916=CARTESIAN_POINT('Ctrl Pts',(0.929047081619104,14.3749999986413,2.82303454056145));
#3917=CARTESIAN_POINT('Origin',(1.,15.5,0.0419601084501909));
#3918=CARTESIAN_POINT('',(-5.55111512312578E-16,12.8074175964328,3.));
#3919=CARTESIAN_POINT('',(0.999999999999999,13.4805631973246,2.26049002711255));
#3920=CARTESIAN_POINT('Origin',(0.999999999999999,12.8074175964328,3.));
#3921=CARTESIAN_POINT('',(1.,12.5,0.0419601084501909));
#3922=CARTESIAN_POINT('Origin',(1.,15.5,0.0419601084501909));
#3923=CARTESIAN_POINT('',(-4.16333634234434E-16,11.5,0.0419601084501905));
#3924=CARTESIAN_POINT('Origin',(1.,11.5,0.0419601084501905));
#3925=CARTESIAN_POINT('Origin',(-4.16333634234434E-16,15.5,0.0419601084501908));
#3926=CARTESIAN_POINT('Origin',(1.,11.5,-0.375000000000001));
#3927=CARTESIAN_POINT('',(1.,12.5,-5.5));
#3928=CARTESIAN_POINT('',(2.11297850328585E-16,11.5,-5.5));
#3929=CARTESIAN_POINT('Origin',(1.,11.5,-5.5));
#3930=CARTESIAN_POINT('',(-4.16333634234434E-16,11.5,-0.375000000000001));
#3931=CARTESIAN_POINT('',(1.,12.5,-0.375000000000001));
#3932=CARTESIAN_POINT('Origin',(1.,7.5,-5.5));
#3933=CARTESIAN_POINT('',(1.,2.5,-5.5));
#3934=CARTESIAN_POINT('',(2.77555756156289E-16,3.5,-5.5));
#3935=CARTESIAN_POINT('Origin',(1.,3.5,-5.5));
#3936=CARTESIAN_POINT('Origin',(2.77555756156289E-16,7.5,-5.5));
#3937=CARTESIAN_POINT('Origin',(1.,7.5,-5.5));
#3938=CARTESIAN_POINT('Origin',(1.,3.5,-4.625));
#3939=CARTESIAN_POINT('',(1.,2.5,0.0419601084501903));
#3940=CARTESIAN_POINT('',(-4.32759897778046E-16,3.5,0.0419601084501897));
#3941=CARTESIAN_POINT('Origin',(1.,3.5,0.0419601084501897));
#3942=CARTESIAN_POINT('',(1.38777878078145E-16,3.5,-4.625));
#3943=CARTESIAN_POINT('',(1.,2.5,-4.625));
#3944=CARTESIAN_POINT('Origin',(0.999999999999999,-0.500000000000002,0.0419601084501914));
#3945=CARTESIAN_POINT('',(0.999999999999999,1.51943680267544,2.26049002711255));
#3946=CARTESIAN_POINT('',(-5.55111512312578E-16,2.19258240356725,3.));
#3947=CARTESIAN_POINT('Origin',(0.999999999999999,2.19258240356725,3.));
#3948=CARTESIAN_POINT('Origin',(-4.16333634234434E-16,-0.500000000000002,
0.0419601084501913));
#3949=CARTESIAN_POINT('Origin',(0.999999999999999,-0.500000000000002,0.0419601084501914));
#3950=CARTESIAN_POINT('Ctrl Pts',(0.929047083461157,14.3749999807512,2.82303453332452));
#3951=CARTESIAN_POINT('Ctrl Pts',(0.962805832576395,14.0471317782926,2.69040531248172));
#3952=CARTESIAN_POINT('Ctrl Pts',(1.,13.7427808822794,2.49917603213582));
#3953=CARTESIAN_POINT('Ctrl Pts',(1.,13.4805631973246,2.26049002711255));
#3954=CARTESIAN_POINT('Ctrl Pts',(0.663806280657556,14.3573976021988,2.81591402046335));
#3955=CARTESIAN_POINT('Ctrl Pts',(0.687994116871248,14.0292320017204,2.68043873287582));
#3956=CARTESIAN_POINT('Ctrl Pts',(0.712250627976153,13.7302893077119,2.48842995239524));
#3957=CARTESIAN_POINT('Ctrl Pts',(0.700800699658115,13.4805631973246,2.26049002711255));
#3958=CARTESIAN_POINT('Ctrl Pts',(0.202639841181942,14.2533977180551,2.98497143729542));
#3959=CARTESIAN_POINT('Ctrl Pts',(0.21103850285235,13.8968542022503,2.85011223088769));
#3960=CARTESIAN_POINT('Ctrl Pts',(0.212314946249117,13.5770253343056,2.66055570772341));
#3961=CARTESIAN_POINT('Ctrl Pts',(0.18263867300033,13.3116072418328,2.44610308600995));
#3962=CARTESIAN_POINT('Ctrl Pts',(-0.018634400939283,14.0759461012,3.38140207368491));
#3963=CARTESIAN_POINT('Ctrl Pts',(-0.00196259068937149,13.6629269958838,
3.24944138350872));
#3964=CARTESIAN_POINT('Ctrl Pts',(0.0133276749797301,13.2829120324727,3.06102046648819));
#3965=CARTESIAN_POINT('Ctrl Pts',(9.85185651502168E-16,12.958471116044,
2.83405435013717));
#3966=CARTESIAN_POINT('Ctrl Pts',(-0.0532146874041312,13.9999999743349,
3.56254450621197));
#3967=CARTESIAN_POINT('Ctrl Pts',(-0.027895625567703,13.5628423710568,3.42991528536917));
#3968=CARTESIAN_POINT('Ctrl Pts',(8.93034066989866E-16,13.1570411763725,
3.23868600502326));
#3969=CARTESIAN_POINT('Ctrl Pts',(9.71445146547012E-16,12.8074175964328,
3.));
#3970=CARTESIAN_POINT('Ctrl Pts',(9.71445146547012E-16,12.8074175964328,
3.));
#3971=CARTESIAN_POINT('Ctrl Pts',(8.93034066989866E-16,13.1570411763725,
3.23868600502326));
#3972=CARTESIAN_POINT('Ctrl Pts',(-0.027895625567703,13.5628423710568,3.42991528536917));
#3973=CARTESIAN_POINT('Ctrl Pts',(-0.0532146874041312,13.9999999743349,
3.56254450621197));
#3974=CARTESIAN_POINT('Ctrl Pts',(0.929047083461157,14.3749999807512,2.82303453332452));
#3975=CARTESIAN_POINT('Ctrl Pts',(0.962805832576395,14.0471317782926,2.69040531248172));
#3976=CARTESIAN_POINT('Ctrl Pts',(1.,13.7427808822794,2.49917603213582));
#3977=CARTESIAN_POINT('Ctrl Pts',(1.,13.4805631973246,2.26049002711255));
#3978=CARTESIAN_POINT('Ctrl Pts',(0.929047081619107,0.625000001358675,2.82303454056145));
#3979=CARTESIAN_POINT('Ctrl Pts',(0.927801835836099,0.612906059067602,2.8279267811059));
#3980=CARTESIAN_POINT('Ctrl Pts',(0.935059463155937,0.592186524568407,2.83613182935705));
#3981=CARTESIAN_POINT('Ctrl Pts',(0.965190185376726,0.571805316347075,2.84397363041497));
#3982=CARTESIAN_POINT('Ctrl Pts',(0.988374556995957,0.56737686654318,2.84565528174711));
#3983=CARTESIAN_POINT('Ctrl Pts',(1.,0.56737686654318,2.84565528174711));
#3984=CARTESIAN_POINT('Ctrl Pts',(0.663806277963456,0.642602385787937,2.81591402545471));
#3985=CARTESIAN_POINT('Ctrl Pts',(0.675292267274134,0.577912300898305,2.84270027775525));
#3986=CARTESIAN_POINT('Ctrl Pts',(0.731437894887224,0.483968634629274,2.87892475441492));
#3987=CARTESIAN_POINT('Ctrl Pts',(0.86412971311218,0.404004901176167,2.90871053242665));
#3988=CARTESIAN_POINT('Ctrl Pts',(0.95462632106714,0.387456000072251,2.91415180466035));
#3989=CARTESIAN_POINT('Ctrl Pts',(1.,0.387456000072252,2.91415180466035));
#3990=CARTESIAN_POINT('Ctrl Pts',(0.202425215890699,0.746534556652513,2.98476305335689));
#3991=CARTESIAN_POINT('Ctrl Pts',(0.234603090225755,0.579994760221168,3.02463793198807));
#3992=CARTESIAN_POINT('Ctrl Pts',(0.375817653295533,0.344025613121117,3.07790231474431));
#3993=CARTESIAN_POINT('Ctrl Pts',(0.686910333260762,0.148334774865149,3.11902121357409));
#3994=CARTESIAN_POINT('Ctrl Pts',(0.895755224818705,0.108704749686015,3.12732259315501));
#3995=CARTESIAN_POINT('Ctrl Pts',(1.00000000000001,0.108704749686016,3.12732259315501));
#3996=CARTESIAN_POINT('Ctrl Pts',(-0.0186344035457631,0.924053900070767,
3.38140207959635));
#3997=CARTESIAN_POINT('Ctrl Pts',(-0.00406050995726469,0.696788355474058,
3.39771788389456));
#3998=CARTESIAN_POINT('Ctrl Pts',(0.146085721704831,0.345872181262144,3.42074613327392));
#3999=CARTESIAN_POINT('Ctrl Pts',(0.560622960700879,0.0351262232580744,
3.43968355297399));
#4000=CARTESIAN_POINT('Ctrl Pts',(0.85338525069702,-0.029459379963232,3.44354991418461));
#4001=CARTESIAN_POINT('Ctrl Pts',(1.00000000000001,-0.0294593799632307,
3.44354991418461));
#4002=CARTESIAN_POINT('Ctrl Pts',(-0.0532146887856695,1.00000002689065,
3.56254451344891));
#4003=CARTESIAN_POINT('Ctrl Pts',(-0.0541486289255012,0.76063909138971,
3.56743675399335));
#4004=CARTESIAN_POINT('Ctrl Pts',(0.0821262450986762,0.373170119031853,
3.57564180224451));
#4005=CARTESIAN_POINT('Ctrl Pts',(0.520490942502631,0.0174303380236758,
3.58348360330242));
#4006=CARTESIAN_POINT('Ctrl Pts',(0.83996873234548,-0.057623133456821,3.58516525463457));
#4007=CARTESIAN_POINT('Ctrl Pts',(1.00000000000001,-0.0576231334568195,
3.58516525463457));
#4008=CARTESIAN_POINT('',(-0.0532146886841861,1.00000002644991,3.56254451291731));
#4009=CARTESIAN_POINT('',(0.929047081616874,0.625000001336985,2.82303454057023));
#4010=CARTESIAN_POINT('Origin',(0.929047081616874,1.00000000178265,3.75005935127691));
#4011=CARTESIAN_POINT('Ctrl Pts',(0.929047081619107,0.625000001358675,2.82303454056145));
#4012=CARTESIAN_POINT('Ctrl Pts',(0.927801835836099,0.612906059067602,2.8279267811059));
#4013=CARTESIAN_POINT('Ctrl Pts',(0.935059463155937,0.592186524568407,2.83613182935705));
#4014=CARTESIAN_POINT('Ctrl Pts',(0.965190185376726,0.571805316347075,2.84397363041497));
#4015=CARTESIAN_POINT('Ctrl Pts',(0.988374556995957,0.56737686654318,2.84565528174711));
#4016=CARTESIAN_POINT('Ctrl Pts',(1.,0.56737686654318,2.84565528174711));
#4017=CARTESIAN_POINT('Ctrl Pts',(1.00000000000001,-0.0576231334568195,
3.58516525463457));
#4018=CARTESIAN_POINT('Ctrl Pts',(0.83996873234548,-0.057623133456821,3.58516525463457));
#4019=CARTESIAN_POINT('Ctrl Pts',(0.520490942502631,0.0174303380236758,
3.58348360330242));
#4020=CARTESIAN_POINT('Ctrl Pts',(0.0821262450986762,0.373170119031853,
3.57564180224451));
#4021=CARTESIAN_POINT('Ctrl Pts',(-0.0541486289255012,0.76063909138971,
3.56743675399335));
#4022=CARTESIAN_POINT('Ctrl Pts',(-0.0532146887856695,1.00000002689065,
3.56254451344891));
#4023=CARTESIAN_POINT('Ctrl Pts',(1.,1.51943680267544,2.26049002711255));
#4024=CARTESIAN_POINT('Ctrl Pts',(1.,1.25721911772061,2.49917603213582));
#4025=CARTESIAN_POINT('Ctrl Pts',(0.962805832576394,0.952868221707365,2.69040531248173));
#4026=CARTESIAN_POINT('Ctrl Pts',(0.929047083461155,0.625000019248829,2.82303453332453));
#4027=CARTESIAN_POINT('Ctrl Pts',(0.700800699658115,1.51943680267544,2.26049002711255));
#4028=CARTESIAN_POINT('Ctrl Pts',(0.712250627976153,1.26971069228812,2.48842995239525));
#4029=CARTESIAN_POINT('Ctrl Pts',(0.687994116871247,0.970767998279569,2.68043873287583));
#4030=CARTESIAN_POINT('Ctrl Pts',(0.663806280657554,0.642602397801166,2.81591402046335));
#4031=CARTESIAN_POINT('Ctrl Pts',(0.182296084637729,1.6882005590383,2.44589193826957));
#4032=CARTESIAN_POINT('Ctrl Pts',(0.211972357886517,1.42278246656549,2.66034455998304));
#4033=CARTESIAN_POINT('Ctrl Pts',(0.21083958441634,1.10308302961775,2.84991909017111));
#4034=CARTESIAN_POINT('Ctrl Pts',(0.202440922745931,0.746539513813023,2.98477829657884));
#4035=CARTESIAN_POINT('Ctrl Pts',(7.60238709910241E-17,2.04152888395596,
2.83405435013717));
#4036=CARTESIAN_POINT('Ctrl Pts',(0.0133276749797294,1.71708796752726,3.06102046648821));
#4037=CARTESIAN_POINT('Ctrl Pts',(-0.00196259068937259,1.33707300411621,
3.24944138350873));
#4038=CARTESIAN_POINT('Ctrl Pts',(-0.0186344009392847,0.924053898799972,
3.38140207368492));
#4039=CARTESIAN_POINT('Ctrl Pts',(0.,2.19258240356725,3.));
#4040=CARTESIAN_POINT('Ctrl Pts',(-1.37533257251591E-16,1.84295882362748,
3.23868600502328));
#4041=CARTESIAN_POINT('Ctrl Pts',(-0.0278956255677046,1.43715762894315,
3.42991528536918));
#4042=CARTESIAN_POINT('Ctrl Pts',(-0.0532146874041334,1.00000002566511,
3.56254450621198));
#4043=CARTESIAN_POINT('Ctrl Pts',(-0.0532146874041334,1.00000002566511,
3.56254450621198));
#4044=CARTESIAN_POINT('Ctrl Pts',(-0.0278956255677046,1.43715762894315,
3.42991528536918));
#4045=CARTESIAN_POINT('Ctrl Pts',(-1.37533257251591E-16,1.84295882362748,
3.23868600502328));
#4046=CARTESIAN_POINT('Ctrl Pts',(0.,2.19258240356725,3.));
#4047=CARTESIAN_POINT('Ctrl Pts',(1.,1.51943680267544,2.26049002711255));
#4048=CARTESIAN_POINT('Ctrl Pts',(1.,1.25721911772061,2.49917603213582));
#4049=CARTESIAN_POINT('Ctrl Pts',(0.962805832576394,0.952868221707365,2.69040531248173));
#4050=CARTESIAN_POINT('Ctrl Pts',(0.929047083461155,0.625000019248829,2.82303453332453));
#4051=CARTESIAN_POINT('Origin',(5.,7.5,-3.75));
#4052=CARTESIAN_POINT('',(5.,10.5,3.));
#4053=CARTESIAN_POINT('',(5.,7.49999999999996,3.));
#4054=CARTESIAN_POINT('',(5.,10.5,0.));
#4055=CARTESIAN_POINT('',(5.,10.5,1.125));
#4056=CARTESIAN_POINT('',(5.,4.5,0.));
#4057=CARTESIAN_POINT('',(5.,7.5,0.));
#4058=CARTESIAN_POINT('',(5.,4.5,3.));
#4059=CARTESIAN_POINT('',(5.,4.5,1.125));
#4060=CARTESIAN_POINT('',(5.,7.49999999999996,3.));
#4061=CARTESIAN_POINT('',(5.,9.55,-5.5));
#4062=CARTESIAN_POINT('Origin',(5.,7.5,-5.5));
#4063=CARTESIAN_POINT('Origin',(8.,7.49999999999996,3.));
#4064=CARTESIAN_POINT('',(8.,14.,6.));
#4065=CARTESIAN_POINT('Origin',(8.,14.,3.));
#4066=CARTESIAN_POINT('',(8.,12.5,6.));
#4067=CARTESIAN_POINT('',(8.,7.49999999999996,6.));
#4068=CARTESIAN_POINT('Origin',(8.,12.5,3.));
#4069=CARTESIAN_POINT('Origin',(4.,14.,3.));
#4070=CARTESIAN_POINT('',(4.,18.,6.));
#4071=CARTESIAN_POINT('Origin',(4.,18.,3.));
#4072=CARTESIAN_POINT('Origin',(4.,14.,6.));
#4073=CARTESIAN_POINT('Origin',(6.00000000000001,18.,3.));
#4074=CARTESIAN_POINT('',(0.999999999999997,18.,6.));
#4075=CARTESIAN_POINT('Origin',(0.999999999999997,18.,3.));
#4076=CARTESIAN_POINT('',(6.00000000000001,18.,6.));
#4077=CARTESIAN_POINT('Origin',(0.999999999999996,14.,3.));
#4078=CARTESIAN_POINT('',(-3.,14.,6.));
#4079=CARTESIAN_POINT('Origin',(-3.,14.,3.));
#4080=CARTESIAN_POINT('Origin',(0.999999999999996,14.,6.));
#4081=CARTESIAN_POINT('Origin',(5.,-0.500000000000002,0.0419601084501919));
#4082=CARTESIAN_POINT('',(5.,2.5,0.0419601084501908));
#4083=CARTESIAN_POINT('Origin',(23.,-0.500000000000002,0.0419601084501935));
#4084=CARTESIAN_POINT('',(24.,2.19258240356725,3.));
#4085=CARTESIAN_POINT('',(23.,1.51943680267544,2.26049002711255));
#4086=CARTESIAN_POINT('Origin',(23.,2.19258240356725,3.));
#4087=CARTESIAN_POINT('',(23.,2.5,0.0419601084501924));
#4088=CARTESIAN_POINT('Origin',(23.,-0.500000000000002,0.0419601084501935));
#4089=CARTESIAN_POINT('',(24.,3.5,0.0419601084501925));
#4090=CARTESIAN_POINT('Origin',(23.,3.5,0.0419601084501925));
#4091=CARTESIAN_POINT('Origin',(24.,-0.500000000000002,0.0419601084501937));
#4092=CARTESIAN_POINT('Origin',(23.,3.5,-4.625));
#4093=CARTESIAN_POINT('',(23.,2.5,-5.5));
#4094=CARTESIAN_POINT('',(24.,3.5,-5.5));
#4095=CARTESIAN_POINT('Origin',(23.,3.5,-5.5));
#4096=CARTESIAN_POINT('',(24.,3.5,-4.625));
#4097=CARTESIAN_POINT('',(23.,2.5,-4.625));
#4098=CARTESIAN_POINT('Origin',(23.,7.5,-5.5));
#4099=CARTESIAN_POINT('',(23.,12.5,-5.5));
#4100=CARTESIAN_POINT('',(24.,11.5,-5.5));
#4101=CARTESIAN_POINT('Origin',(23.,11.5,-5.5));
#4102=CARTESIAN_POINT('Origin',(24.,7.5,-5.5));
#4103=CARTESIAN_POINT('Origin',(23.,7.5,-5.5));
#4104=CARTESIAN_POINT('Origin',(23.,11.5,-0.374999999999998));
#4105=CARTESIAN_POINT('',(23.,12.5,0.041960108450194));
#4106=CARTESIAN_POINT('',(24.,11.5,0.0419601084501942));
#4107=CARTESIAN_POINT('Origin',(23.,11.5,0.041960108450194));
#4108=CARTESIAN_POINT('',(24.,11.5,-0.374999999999998));
#4109=CARTESIAN_POINT('',(23.,12.5,-0.374999999999998));
#4110=CARTESIAN_POINT('Origin',(23.,15.5,0.041960108450194));
#4111=CARTESIAN_POINT('',(23.,13.4805631973246,2.26049002711255));
#4112=CARTESIAN_POINT('',(24.,12.8074175964327,3.));
#4113=CARTESIAN_POINT('Origin',(23.,12.8074175964327,3.));
#4114=CARTESIAN_POINT('Origin',(24.,15.5,0.0419601084501942));
#4115=CARTESIAN_POINT('Origin',(23.,15.5,0.041960108450194));
#4116=CARTESIAN_POINT('Origin',(24.,14.0768308446091,3.78022033951276));
#4117=CARTESIAN_POINT('',(20.,14.4326231334568,2.84565528174712));
#4118=CARTESIAN_POINT('',(20.,15.0576231334568,3.58516525463457));
#4119=CARTESIAN_POINT('Origin',(20.,14.0768308446091,3.78022033951276));
#4120=CARTESIAN_POINT('',(23.,15.0576231334568,3.58516525463457));
#4121=CARTESIAN_POINT('',(24.,15.0576231334568,3.58516525463457));
#4122=CARTESIAN_POINT('',(23.,14.4326231334568,2.84565528174712));
#4123=CARTESIAN_POINT('Origin',(23.,14.0768308446091,3.78022033951276));
#4124=CARTESIAN_POINT('',(24.,14.4326231334568,2.84565528174712));
#4125=CARTESIAN_POINT('Ctrl Pts',(23.0709529185208,14.375,2.82303454111107));
#4126=CARTESIAN_POINT('Ctrl Pts',(23.0721981638739,14.3870939421196,2.82792678157926));
#4127=CARTESIAN_POINT('Ctrl Pts',(23.0649403923094,14.4078134446246,2.83613180634615));
#4128=CARTESIAN_POINT('Ctrl Pts',(23.0348097294522,14.4281946272337,2.84397360481358));
#4129=CARTESIAN_POINT('Ctrl Pts',(23.0116254428175,14.4326231334568,2.84565528174712));
#4130=CARTESIAN_POINT('Ctrl Pts',(23.,14.4326231334568,2.84565528174712));
#4131=CARTESIAN_POINT('Ctrl Pts',(23.33619372077,14.3573976214838,2.81591402840628));
#4132=CARTESIAN_POINT('Ctrl Pts',(23.3247077299139,14.4220877047228,2.84270027995053));
#4133=CARTESIAN_POINT('Ctrl Pts',(23.2685615388857,14.5160306486026,2.87892789170607));
#4134=CARTESIAN_POINT('Ctrl Pts',(23.1358698129743,14.5959944591042,2.90871261372183));
#4135=CARTESIAN_POINT('Ctrl Pts',(23.0453736782047,14.6125439999277,2.91415180466036));
#4136=CARTESIAN_POINT('Ctrl Pts',(23.,14.6125439999277,2.91415180466036));
#4137=CARTESIAN_POINT('Ctrl Pts',(23.7972473788559,14.2533621514396,2.98508094988424));
#4138=CARTESIAN_POINT('Ctrl Pts',(23.7650695009789,14.4199019434081,3.02495582728636));
#4139=CARTESIAN_POINT('Ctrl Pts',(23.6240505671151,14.6558675651974,3.07807853816325));
#4140=CARTESIAN_POINT('Ctrl Pts',(23.3129711268742,14.8515589116251,3.11918751789121));
#4141=CARTESIAN_POINT('Ctrl Pts',(23.1042447735083,14.8911886282239,3.12740287274744));
#4142=CARTESIAN_POINT('Ctrl Pts',(23.,14.8911886282239,3.12740287274744));
#4143=CARTESIAN_POINT('Ctrl Pts',(24.0186344019226,14.0759461254452,3.38140208143425));
#4144=CARTESIAN_POINT('Ctrl Pts',(24.0040605028867,14.3032116652378,3.39771788528706));
#4145=CARTESIAN_POINT('Ctrl Pts',(23.8539137719374,14.6541268622125,3.42074573835827));
#4146=CARTESIAN_POINT('Ctrl Pts',(23.4393765971514,14.9648729293236,3.43968329106673));
#4147=CARTESIAN_POINT('Ctrl Pts',(23.1466147469499,15.0294593799632,3.44354991418461));
#4148=CARTESIAN_POINT('Ctrl Pts',(23.,15.0294593799632,3.44354991418461));
#4149=CARTESIAN_POINT('Ctrl Pts',(24.0532146888906,14.,3.56254451399852));
#4150=CARTESIAN_POINT('Ctrl Pts',(24.0541486229055,14.2393609312104,3.56743675446671));
#4151=CARTESIAN_POINT('Ctrl Pts',(23.9178725532372,14.6268280565983,3.5756417792336));
#4152=CARTESIAN_POINT('Ctrl Pts',(23.4795083444342,14.9825681985829,3.58348357770104));
#4153=CARTESIAN_POINT('Ctrl Pts',(23.1600312650861,15.0576231334568,3.58516525463457));
#4154=CARTESIAN_POINT('Ctrl Pts',(23.,15.0576231334568,3.58516525463457));
#4155=CARTESIAN_POINT('',(24.0532146888906,14.,3.56254451399852));
#4156=CARTESIAN_POINT('',(23.0709529185208,14.375,2.82303454111107));
#4157=CARTESIAN_POINT('Origin',(23.0709529185208,14.,3.75005935199802));
#4158=CARTESIAN_POINT('Ctrl Pts',(23.0709529185208,14.375,2.82303454111107));
#4159=CARTESIAN_POINT('Ctrl Pts',(23.0721981638739,14.3870939421196,2.82792678157926));
#4160=CARTESIAN_POINT('Ctrl Pts',(23.0649403923094,14.4078134446246,2.83613180634615));
#4161=CARTESIAN_POINT('Ctrl Pts',(23.0348097294522,14.4281946272337,2.84397360481358));
#4162=CARTESIAN_POINT('Ctrl Pts',(23.0116254428175,14.4326231334568,2.84565528174712));
#4163=CARTESIAN_POINT('Ctrl Pts',(23.,14.4326231334568,2.84565528174712));
#4164=CARTESIAN_POINT('Ctrl Pts',(23.,15.0576231334568,3.58516525463457));
#4165=CARTESIAN_POINT('Ctrl Pts',(23.1600312650861,15.0576231334568,3.58516525463457));
#4166=CARTESIAN_POINT('Ctrl Pts',(23.4795083444342,14.9825681985829,3.58348357770104));
#4167=CARTESIAN_POINT('Ctrl Pts',(23.9178725532372,14.6268280565983,3.5756417792336));
#4168=CARTESIAN_POINT('Ctrl Pts',(24.0541486229055,14.2393609312104,3.56743675446671));
#4169=CARTESIAN_POINT('Ctrl Pts',(24.0532146888906,14.,3.56254451399852));
#4170=CARTESIAN_POINT('Ctrl Pts',(23.,13.4805631973246,2.26049002711255));
#4171=CARTESIAN_POINT('Ctrl Pts',(23.,13.7427808874109,2.49917603680684));
#4172=CARTESIAN_POINT('Ctrl Pts',(23.0371941688377,14.0471317902025,2.69040531994016));
#4173=CARTESIAN_POINT('Ctrl Pts',(23.0709529185208,14.375,2.82303454111106));
#4174=CARTESIAN_POINT('Ctrl Pts',(23.2991993003419,13.4805631973246,2.26049002711255));
#4175=CARTESIAN_POINT('Ctrl Pts',(23.2877493717998,13.7302893125989,2.48842995685597));
#4176=CARTESIAN_POINT('Ctrl Pts',(23.3120058840427,14.0292320134163,2.68043874036332));
#4177=CARTESIAN_POINT('Ctrl Pts',(23.33619372077,14.3573976214838,2.81591402840628));
#4178=CARTESIAN_POINT('Ctrl Pts',(23.8171691419111,13.3114994220391,2.44622153558855));
#4179=CARTESIAN_POINT('Ctrl Pts',(23.7874928680816,13.576917519706,2.6606741614988));
#4180=CARTESIAN_POINT('Ctrl Pts',(23.788849908032,13.8968190031895,2.85022058626759));
#4181=CARTESIAN_POINT('Ctrl Pts',(23.7972485701201,14.2533625273395,2.9850797932211));
#4182=CARTESIAN_POINT('Ctrl Pts',(24.,12.958471116044,2.83405435013717));
#4183=CARTESIAN_POINT('Ctrl Pts',(23.9866723247595,13.2829120388219,3.06102047092987));
#4184=CARTESIAN_POINT('Ctrl Pts',(24.0019625912687,13.6629270107755,3.24944139084959));
#4185=CARTESIAN_POINT('Ctrl Pts',(24.0186344019225,14.0759461254452,3.38140208143425));
#4186=CARTESIAN_POINT('Ctrl Pts',(24.,12.8074175964327,3.));
#4187=CARTESIAN_POINT('Ctrl Pts',(24.,13.1570411832145,3.23868600969429));
#4188=CARTESIAN_POINT('Ctrl Pts',(24.0278956266283,13.5628423869367,3.42991529282761));
#4189=CARTESIAN_POINT('Ctrl Pts',(24.0532146888906,14.,3.56254451399851));
#4190=CARTESIAN_POINT('Ctrl Pts',(24.0532146888906,14.,3.56254451399851));
#4191=CARTESIAN_POINT('Ctrl Pts',(24.0278956266283,13.5628423869367,3.42991529282761));
#4192=CARTESIAN_POINT('Ctrl Pts',(24.,13.1570411832145,3.23868600969429));
#4193=CARTESIAN_POINT('Ctrl Pts',(24.,12.8074175964327,3.));
#4194=CARTESIAN_POINT('Ctrl Pts',(23.,13.4805631973246,2.26049002711255));
#4195=CARTESIAN_POINT('Ctrl Pts',(23.,13.7427808874109,2.49917603680684));
#4196=CARTESIAN_POINT('Ctrl Pts',(23.0371941688377,14.0471317902025,2.69040531994016));
#4197=CARTESIAN_POINT('Ctrl Pts',(23.0709529185208,14.375,2.82303454111106));
#4198=CARTESIAN_POINT('Ctrl Pts',(20.,14.4326231334568,2.84565528174712));
#4199=CARTESIAN_POINT('Ctrl Pts',(19.9825618354939,14.4326231334568,2.84565528174712));
#4200=CARTESIAN_POINT('Ctrl Pts',(19.9423759784293,14.4205357767511,2.84109412291971));
#4201=CARTESIAN_POINT('Ctrl Pts',(19.9273867539084,14.3911252550294,2.82955752795405));
#4202=CARTESIAN_POINT('Ctrl Pts',(19.9290470816191,14.3749999986413,2.82303454056146));
#4203=CARTESIAN_POINT('Ctrl Pts',(20.,14.6125439999277,2.91415180466036));
#4204=CARTESIAN_POINT('Ctrl Pts',(19.9319394816007,14.6125439999277,2.91415180466036));
#4205=CARTESIAN_POINT('Ctrl Pts',(19.7748682384961,14.5687026105372,2.89899582655294));
#4206=CARTESIAN_POINT('Ctrl Pts',(19.6791209303777,14.4436510607316,2.85162902852211));
#4207=CARTESIAN_POINT('Ctrl Pts',(19.6638062779635,14.3573976142121,2.81591402545471));
#4208=CARTESIAN_POINT('Ctrl Pts',(20.,14.8911917182986,3.12740054611945));
#4209=CARTESIAN_POINT('Ctrl Pts',(19.843632837228,14.8911917182986,3.12740054611945));
#4210=CARTESIAN_POINT('Ctrl Pts',(19.4818015511836,14.7863572727273,3.10618437748673));
#4211=CARTESIAN_POINT('Ctrl Pts',(19.245646961356,14.4754181887405,3.0382382372218));
#4212=CARTESIAN_POINT('Ctrl Pts',(19.2027431289093,14.253365126832,2.98507173238021));
#4213=CARTESIAN_POINT('Ctrl Pts',(20.,15.0294593799632,3.44354991418461));
#4214=CARTESIAN_POINT('Ctrl Pts',(19.7800778760455,15.0294593799632,3.44354991418461));
#4215=CARTESIAN_POINT('Ctrl Pts',(19.2712691090272,14.8568787287201,3.43340132532134));
#4216=CARTESIAN_POINT('Ctrl Pts',(19.0007974545722,14.3789668260582,3.4031564853273));
#4217=CARTESIAN_POINT('Ctrl Pts',(18.9813655964542,14.0759460999292,3.38140207959635));
#4218=CARTESIAN_POINT('Ctrl Pts',(20.,15.0576231334568,3.58516525463457));
#4219=CARTESIAN_POINT('Ctrl Pts',(19.7599530985182,15.0576231334568,3.58516525463457));
#4220=CARTESIAN_POINT('Ctrl Pts',(19.2044844915115,14.8559516544577,3.58060409580716));
#4221=CARTESIAN_POINT('Ctrl Pts',(18.9455400576945,14.3191478871106,3.5690675008415));
#4222=CARTESIAN_POINT('Ctrl Pts',(18.9467853112143,13.9999999731093,3.56254451344891));
#4223=CARTESIAN_POINT('',(19.9290470816169,14.374999998663,2.82303454057023));
#4224=CARTESIAN_POINT('',(18.9467853113158,13.9999999735501,3.56254451291731));
#4225=CARTESIAN_POINT('Origin',(19.9290470816169,13.9999999982174,3.75005935127691));
#4226=CARTESIAN_POINT('Ctrl Pts',(18.9467853112127,13.9999999735386,3.56254451345768));
#4227=CARTESIAN_POINT('Ctrl Pts',(18.9455400578273,14.3191478873857,3.56906750084741));
#4228=CARTESIAN_POINT('Ctrl Pts',(19.0935083056997,14.6258928971117,3.57565984082381));
#4229=CARTESIAN_POINT('Ctrl Pts',(19.3383007733024,14.8232069556386,3.57997448736936));
#4230=CARTESIAN_POINT('Ctrl Pts',(19.5218951240867,14.9711924996,3.58321047227997));
#4231=CARTESIAN_POINT('Ctrl Pts',(19.7599530985182,15.0576231334568,3.58516525463457));
#4232=CARTESIAN_POINT('Ctrl Pts',(20.,15.0576231334568,3.58516525463457));
#4233=CARTESIAN_POINT('Ctrl Pts',(20.,14.4326231334568,2.84565528174712));
#4234=CARTESIAN_POINT('Ctrl Pts',(19.9825618354939,14.4326231334568,2.84565528174712));
#4235=CARTESIAN_POINT('Ctrl Pts',(19.9423759784293,14.4205357767511,2.84109412291971));
#4236=CARTESIAN_POINT('Ctrl Pts',(19.9273867539084,14.3911252550294,2.82955752795405));
#4237=CARTESIAN_POINT('Ctrl Pts',(19.9290470816191,14.3749999986413,2.82303454056146));
#4238=CARTESIAN_POINT('Origin',(20.,15.5,0.0419601084501937));
#4239=CARTESIAN_POINT('',(20.,12.5,0.0419601084501937));
#4240=CARTESIAN_POINT('',(19.,11.5,0.0419601084501933));
#4241=CARTESIAN_POINT('Origin',(20.,11.5,0.0419601084501933));
#4242=CARTESIAN_POINT('',(19.,12.8074175964327,3.));
#4243=CARTESIAN_POINT('Origin',(19.,15.5,0.0419601084501935));
#4244=CARTESIAN_POINT('',(20.,13.4805631973246,2.26049002711255));
#4245=CARTESIAN_POINT('Origin',(20.,12.8074175964327,3.));
#4246=CARTESIAN_POINT('Origin',(20.,15.5,0.0419601084501937));
#4247=CARTESIAN_POINT('Origin',(20.,11.5,-0.374999999999999));
#4248=CARTESIAN_POINT('',(20.,12.5,-5.5));
#4249=CARTESIAN_POINT('',(19.,11.5,-5.5));
#4250=CARTESIAN_POINT('Origin',(20.,11.5,-5.5));
#4251=CARTESIAN_POINT('',(19.,11.5,-0.374999999999999));
#4252=CARTESIAN_POINT('',(20.,12.5,-0.374999999999999));
#4253=CARTESIAN_POINT('Origin',(20.,7.5,-5.5));
#4254=CARTESIAN_POINT('',(20.,2.5,-5.5));
#4255=CARTESIAN_POINT('',(19.,3.5,-5.5));
#4256=CARTESIAN_POINT('Origin',(20.,3.5,-5.5));
#4257=CARTESIAN_POINT('Origin',(19.,7.5,-5.5));
#4258=CARTESIAN_POINT('Origin',(20.,7.5,-5.5));
#4259=CARTESIAN_POINT('Origin',(20.,3.5,-4.625));
#4260=CARTESIAN_POINT('',(20.,2.5,0.0419601084501921));
#4261=CARTESIAN_POINT('',(19.,3.5,0.0419601084501914));
#4262=CARTESIAN_POINT('Origin',(20.,3.5,0.0419601084501914));
#4263=CARTESIAN_POINT('',(19.,3.5,-4.625));
#4264=CARTESIAN_POINT('',(20.,2.5,-4.625));
#4265=CARTESIAN_POINT('Origin',(20.,-0.500000000000002,0.0419601084501932));
#4266=CARTESIAN_POINT('',(20.,1.51943680267544,2.26049002711255));
#4267=CARTESIAN_POINT('',(19.,2.19258240356725,3.));
#4268=CARTESIAN_POINT('Origin',(20.,2.19258240356725,3.));
#4269=CARTESIAN_POINT('Origin',(19.,-0.500000000000002,0.041960108450193));
#4270=CARTESIAN_POINT('Origin',(20.,-0.500000000000002,0.0419601084501932));
#4271=CARTESIAN_POINT('Ctrl Pts',(19.9290470834612,14.3749999807512,2.82303453332453));
#4272=CARTESIAN_POINT('Ctrl Pts',(19.9628058325764,14.0471317782926,2.69040531248173));
#4273=CARTESIAN_POINT('Ctrl Pts',(20.,13.7427808822794,2.49917603213582));
#4274=CARTESIAN_POINT('Ctrl Pts',(20.,13.4805631973246,2.26049002711255));
#4275=CARTESIAN_POINT('Ctrl Pts',(19.6638062806576,14.3573976021988,2.81591402046335));
#4276=CARTESIAN_POINT('Ctrl Pts',(19.6879941168713,14.0292320017204,2.68043873287583));
#4277=CARTESIAN_POINT('Ctrl Pts',(19.7122506279762,13.7302893077119,2.48842995239527));
#4278=CARTESIAN_POINT('Ctrl Pts',(19.7008006996581,13.4805631973246,2.26049002711255));
#4279=CARTESIAN_POINT('Ctrl Pts',(19.2027385089789,14.2533665837197,2.98506723922006));
#4280=CARTESIAN_POINT('Ctrl Pts',(19.2111371706493,13.896823067915,2.85020803281233));
#4281=CARTESIAN_POINT('Ctrl Pts',(19.2124848774012,13.5769299994287,2.66066044151687));
#4282=CARTESIAN_POINT('Ctrl Pts',(19.1828086041525,13.3115119069558,2.44620781980336));
#4283=CARTESIAN_POINT('Ctrl Pts',(18.9813655990607,14.0759461012,3.38140207368492));
#4284=CARTESIAN_POINT('Ctrl Pts',(18.9980374093106,13.6629269958838,3.24944138350873));
#4285=CARTESIAN_POINT('Ctrl Pts',(19.0133276749797,13.2829120324728,3.06102046648826));
#4286=CARTESIAN_POINT('Ctrl Pts',(19.,12.958471116044,2.83405435013717));
#4287=CARTESIAN_POINT('Ctrl Pts',(18.9467853125959,13.9999999743349,3.56254450621198));
#4288=CARTESIAN_POINT('Ctrl Pts',(18.9721043744323,13.5628423710568,3.42991528536918));
#4289=CARTESIAN_POINT('Ctrl Pts',(19.,13.1570411763726,3.23868600502333));
#4290=CARTESIAN_POINT('Ctrl Pts',(19.,12.8074175964327,3.));
#4291=CARTESIAN_POINT('Ctrl Pts',(19.,12.8074175964327,3.));
#4292=CARTESIAN_POINT('Ctrl Pts',(19.,13.1570411763726,3.23868600502333));
#4293=CARTESIAN_POINT('Ctrl Pts',(18.9721043744323,13.5628423710568,3.42991528536918));
#4294=CARTESIAN_POINT('Ctrl Pts',(18.9467853125959,13.9999999743349,3.56254450621198));
#4295=CARTESIAN_POINT('Ctrl Pts',(19.9290470834612,14.3749999807512,2.82303453332453));
#4296=CARTESIAN_POINT('Ctrl Pts',(19.9628058325764,14.0471317782926,2.69040531248173));
#4297=CARTESIAN_POINT('Ctrl Pts',(20.,13.7427808822794,2.49917603213582));
#4298=CARTESIAN_POINT('Ctrl Pts',(20.,13.4805631973246,2.26049002711255));
#4299=CARTESIAN_POINT('Origin',(19.,0.923169155390905,3.78022033951276));
#4300=CARTESIAN_POINT('',(23.,0.567376866543179,2.84565528174712));
#4301=CARTESIAN_POINT('',(23.,-0.0576231334568211,3.58516525463457));
#4302=CARTESIAN_POINT('Origin',(23.,0.923169155390905,3.78022033951276));
#4303=CARTESIAN_POINT('',(20.,-0.0576231334568211,3.58516525463457));
#4304=CARTESIAN_POINT('',(19.,-0.0576231334568206,3.58516525463457));
#4305=CARTESIAN_POINT('',(20.,0.567376866543179,2.84565528174712));
#4306=CARTESIAN_POINT('Origin',(20.,0.923169155390905,3.78022033951276));
#4307=CARTESIAN_POINT('',(19.,0.567376866543179,2.84565528174712));
#4308=CARTESIAN_POINT('Ctrl Pts',(19.9290470814792,0.625000000000001,2.82303454111107));
#4309=CARTESIAN_POINT('Ctrl Pts',(19.9278018361261,0.612906057880432,2.82792678157926));
#4310=CARTESIAN_POINT('Ctrl Pts',(19.9350595937063,0.592186552298002,2.83613180861463));
#4311=CARTESIAN_POINT('Ctrl Pts',(19.9651902623146,0.571805367274085,2.84397360730634));
#4312=CARTESIAN_POINT('Ctrl Pts',(19.9883745571825,0.56737686654318,2.84565528174712));
#4313=CARTESIAN_POINT('Ctrl Pts',(20.,0.56737686654318,2.84565528174712));
#4314=CARTESIAN_POINT('Ctrl Pts',(19.66380627923,0.642602378516184,2.81591402840628));
#4315=CARTESIAN_POINT('Ctrl Pts',(19.6752922700861,0.577912295277206,2.84270027995053));
#4316=CARTESIAN_POINT('Ctrl Pts',(19.7314384063579,0.483969281352842,2.87892758668343));
#4317=CARTESIAN_POINT('Ctrl Pts',(19.8641301411692,0.404005478664835,2.90871241130137));
#4318=CARTESIAN_POINT('Ctrl Pts',(19.9546263217953,0.387456000072252,2.91415180466036));
#4319=CARTESIAN_POINT('Ctrl Pts',(20.,0.387456000072252,2.91415180466036));
#4320=CARTESIAN_POINT('Ctrl Pts',(19.2026796046324,0.746614808413664,2.98501005418575));
#4321=CARTESIAN_POINT('Ctrl Pts',(19.2348574825095,0.580075016445188,3.02488493158786));
#4322=CARTESIAN_POINT('Ctrl Pts',(19.3759196353863,0.344108823586836,3.07803896699266));
#4323=CARTESIAN_POINT('Ctrl Pts',(19.6870022067042,0.148417499435485,3.11915025338156));
#4324=CARTESIAN_POINT('Ctrl Pts',(19.8957552264917,0.108787593112126,3.12738496893922));
#4325=CARTESIAN_POINT('Ctrl Pts',(20.,0.108787593112126,3.12738496893922));
#4326=CARTESIAN_POINT('Ctrl Pts',(18.9813655980775,0.924053874554753,3.38140208143425));
#4327=CARTESIAN_POINT('Ctrl Pts',(18.9959394971133,0.696788334762196,3.39771788528706));
#4328=CARTESIAN_POINT('Ctrl Pts',(19.1460861798231,0.345873043586316,3.42074577683628));
#4329=CARTESIAN_POINT('Ctrl Pts',(19.5606233605558,0.0351269881011725,3.43968331655379));
#4330=CARTESIAN_POINT('Ctrl Pts',(19.8533852530501,-0.0294593799632305,
3.44354991418461));
#4331=CARTESIAN_POINT('Ctrl Pts',(20.,-0.0294593799632305,3.44354991418461));
#4332=CARTESIAN_POINT('Ctrl Pts',(18.9467853111094,1.00000000000002,3.56254451399852));
#4333=CARTESIAN_POINT('Ctrl Pts',(18.9458513770945,0.760639068789654,3.56743675446671));
#4334=CARTESIAN_POINT('Ctrl Pts',(19.082127330981,0.373171764630743,3.57564178150208));
#4335=CARTESIAN_POINT('Ctrl Pts',(19.5204915869312,0.0174316589057434,3.58348358019379));
#4336=CARTESIAN_POINT('Ctrl Pts',(19.8399687349138,-0.0576231334568193,
3.58516525463457));
#4337=CARTESIAN_POINT('Ctrl Pts',(20.,-0.0576231334568193,3.58516525463457));
#4338=CARTESIAN_POINT('',(18.9467853111094,1.00000000000002,3.56254451399852));
#4339=CARTESIAN_POINT('',(19.9290470814792,0.625000000000001,2.82303454111107));
#4340=CARTESIAN_POINT('Origin',(19.9290470814792,1.,3.75005935199802));
#4341=CARTESIAN_POINT('Ctrl Pts',(19.9290470814792,0.625000000000001,2.82303454111107));
#4342=CARTESIAN_POINT('Ctrl Pts',(19.9278018361261,0.612906057880432,2.82792678157926));
#4343=CARTESIAN_POINT('Ctrl Pts',(19.9350595937063,0.592186552298002,2.83613180861463));
#4344=CARTESIAN_POINT('Ctrl Pts',(19.9651902623146,0.571805367274085,2.84397360730634));
#4345=CARTESIAN_POINT('Ctrl Pts',(19.9883745571825,0.56737686654318,2.84565528174712));
#4346=CARTESIAN_POINT('Ctrl Pts',(20.,0.56737686654318,2.84565528174712));
#4347=CARTESIAN_POINT('Ctrl Pts',(20.,-0.0576231334568193,3.58516525463457));
#4348=CARTESIAN_POINT('Ctrl Pts',(19.8399687349138,-0.0576231334568193,
3.58516525463457));
#4349=CARTESIAN_POINT('Ctrl Pts',(19.5204915869312,0.0174316589057434,3.58348358019379));
#4350=CARTESIAN_POINT('Ctrl Pts',(19.082127330981,0.373171764630743,3.57564178150208));
#4351=CARTESIAN_POINT('Ctrl Pts',(18.9458513770945,0.760639068789654,3.56743675446671));
#4352=CARTESIAN_POINT('Ctrl Pts',(18.9467853111094,1.00000000000002,3.56254451399852));
#4353=CARTESIAN_POINT('Ctrl Pts',(20.,1.51943680267544,2.26049002711255));
#4354=CARTESIAN_POINT('Ctrl Pts',(20.,1.25721911258908,2.49917603680685));
#4355=CARTESIAN_POINT('Ctrl Pts',(19.9628058311623,0.95286820979744,2.69040531994016));
#4356=CARTESIAN_POINT('Ctrl Pts',(19.9290470814792,0.625000000000013,2.82303454111106));
#4357=CARTESIAN_POINT('Ctrl Pts',(19.7008006996581,1.51943680267544,2.26049002711255));
#4358=CARTESIAN_POINT('Ctrl Pts',(19.7122506282002,1.26971068740104,2.48842995685598));
#4359=CARTESIAN_POINT('Ctrl Pts',(19.6879941159573,0.970767986583724,2.68043874036333));
#4360=CARTESIAN_POINT('Ctrl Pts',(19.66380627923,0.642602378516191,2.81591402840628));
#4361=CARTESIAN_POINT('Ctrl Pts',(19.1827128093968,1.68843435021281,2.44614877855034));
#4362=CARTESIAN_POINT('Ctrl Pts',(19.2123890832263,1.42301625254584,2.66060140446059));
#4363=CARTESIAN_POINT('Ctrl Pts',(19.2110815488897,1.10315936824254,2.85015403406859));
#4364=CARTESIAN_POINT('Ctrl Pts',(19.2026828868016,0.746615844092534,2.9850132410221));
#4365=CARTESIAN_POINT('Ctrl Pts',(19.,2.04152888395596,2.83405435013717));
#4366=CARTESIAN_POINT('Ctrl Pts',(19.0133276752406,1.71708796117804,3.06102047092988));
#4367=CARTESIAN_POINT('Ctrl Pts',(18.9980374087313,1.33707298922445,3.24944139084959));
#4368=CARTESIAN_POINT('Ctrl Pts',(18.9813655980775,0.924053874554746,3.38140208143425));
#4369=CARTESIAN_POINT('Ctrl Pts',(19.,2.19258240356725,3.));
#4370=CARTESIAN_POINT('Ctrl Pts',(19.,1.84295881678544,3.2386860096943));
#4371=CARTESIAN_POINT('Ctrl Pts',(18.9721043733717,1.43715761306326,3.42991529282761));
#4372=CARTESIAN_POINT('Ctrl Pts',(18.9467853111094,1.00000000000002,3.56254451399851));
#4373=CARTESIAN_POINT('Ctrl Pts',(18.9467853111094,1.00000000000002,3.56254451399851));
#4374=CARTESIAN_POINT('Ctrl Pts',(18.9721043733717,1.43715761306326,3.42991529282761));
#4375=CARTESIAN_POINT('Ctrl Pts',(19.,1.84295881678544,3.2386860096943));
#4376=CARTESIAN_POINT('Ctrl Pts',(19.,2.19258240356725,3.));
#4377=CARTESIAN_POINT('Ctrl Pts',(20.,1.51943680267544,2.26049002711255));
#4378=CARTESIAN_POINT('Ctrl Pts',(20.,1.25721911258908,2.49917603680685));
#4379=CARTESIAN_POINT('Ctrl Pts',(19.9628058311623,0.95286820979744,2.69040531994016));
#4380=CARTESIAN_POINT('Ctrl Pts',(19.9290470814792,0.625000000000013,2.82303454111106));
#4381=CARTESIAN_POINT('Ctrl Pts',(23.,0.56737686654318,2.84565528174712));
#4382=CARTESIAN_POINT('Ctrl Pts',(23.0174381645061,0.56737686654318,2.84565528174712));
#4383=CARTESIAN_POINT('Ctrl Pts',(23.0576240569009,0.579464203629309,2.84109413044217));
#4384=CARTESIAN_POINT('Ctrl Pts',(23.0726132460916,0.608874744970579,2.82955752795405));
#4385=CARTESIAN_POINT('Ctrl Pts',(23.0709529183809,0.625000001358675,2.82303454056146));
#4386=CARTESIAN_POINT('Ctrl Pts',(23.,0.387456000072252,2.91415180466036));
#4387=CARTESIAN_POINT('Ctrl Pts',(23.0680605183993,0.387456000072252,2.91415180466036));
#4388=CARTESIAN_POINT('Ctrl Pts',(23.225131860157,0.431297313026283,2.89899561315856));
#4389=CARTESIAN_POINT('Ctrl Pts',(23.3208790696223,0.556348939268431,2.8516290285221));
#4390=CARTESIAN_POINT('Ctrl Pts',(23.3361937220365,0.642602385787935,2.81591402545471));
#4391=CARTESIAN_POINT('Ctrl Pts',(23.,0.108796184198302,3.12739143747587));
#4392=CARTESIAN_POINT('Ctrl Pts',(23.156367162772,0.108796184198302,3.12739143747587));
#4393=CARTESIAN_POINT('Ctrl Pts',(23.5182113878511,0.213630643501723,3.10616593100066));
#4394=CARTESIAN_POINT('Ctrl Pts',(23.7543901861264,0.524570089481005,3.03820216871274));
#4395=CARTESIAN_POINT('Ctrl Pts',(23.7972940185731,0.746623151389447,2.98503566387117));
#4396=CARTESIAN_POINT('Ctrl Pts',(23.,-0.0294593799632305,3.44354991418461));
#4397=CARTESIAN_POINT('Ctrl Pts',(23.2199221239546,-0.0294593799632305,
3.44354991418461));
#4398=CARTESIAN_POINT('Ctrl Pts',(23.7287311111548,0.143121069059036,3.43340135478592));
#4399=CARTESIAN_POINT('Ctrl Pts',(23.9992025454278,0.621033173941835,3.40315648532729));
#4400=CARTESIAN_POINT('Ctrl Pts',(24.0186344035458,0.924053900070759,3.38140207959635));
#4401=CARTESIAN_POINT('Ctrl Pts',(23.,-0.0576231334568193,3.58516525463457));
#4402=CARTESIAN_POINT('Ctrl Pts',(23.2400469014819,-0.0576231334568194,
3.58516525463457));
#4403=CARTESIAN_POINT('Ctrl Pts',(23.7955158150277,0.144048011560678,3.58060410332962));
#4404=CARTESIAN_POINT('Ctrl Pts',(24.0544599423054,0.68085211288941,3.5690675008415));
#4405=CARTESIAN_POINT('Ctrl Pts',(24.0532146887857,1.00000002689065,3.56254451344891));
#4406=CARTESIAN_POINT('',(23.0709529183831,0.625000001336986,2.82303454057023));
#4407=CARTESIAN_POINT('',(24.0532146886842,1.0000000264499,3.56254451291731));
#4408=CARTESIAN_POINT('Origin',(23.0709529183831,1.00000000178265,3.75005935127691));
#4409=CARTESIAN_POINT('Ctrl Pts',(24.0532146887873,1.00000002646136,3.56254451345768));
#4410=CARTESIAN_POINT('Ctrl Pts',(24.0544599421728,0.68085211261434,3.56906750084741));
#4411=CARTESIAN_POINT('Ctrl Pts',(23.9064918694656,0.374106912041665,3.57565984512236));
#4412=CARTESIAN_POINT('Ctrl Pts',(23.6616993768393,0.176792880778609,3.57997449105383));
#4413=CARTESIAN_POINT('Ctrl Pts',(23.4781050072873,0.0288073572649651,3.58321047550388));
#4414=CARTESIAN_POINT('Ctrl Pts',(23.2400469014819,-0.0576231334568192,
3.58516525463457));
#4415=CARTESIAN_POINT('Ctrl Pts',(23.,-0.0576231334568192,3.58516525463457));
#4416=CARTESIAN_POINT('Ctrl Pts',(23.,0.56737686654318,2.84565528174712));
#4417=CARTESIAN_POINT('Ctrl Pts',(23.0174381645061,0.56737686654318,2.84565528174712));
#4418=CARTESIAN_POINT('Ctrl Pts',(23.0576240569009,0.579464203629309,2.84109413044217));
#4419=CARTESIAN_POINT('Ctrl Pts',(23.0726132460916,0.608874744970579,2.82955752795405));
#4420=CARTESIAN_POINT('Ctrl Pts',(23.0709529183809,0.625000001358675,2.82303454056146));
#4421=CARTESIAN_POINT('Ctrl Pts',(23.0709529165388,0.625000019248827,2.82303453332453));
#4422=CARTESIAN_POINT('Ctrl Pts',(23.0371941674236,0.952868221707365,2.69040531248173));
#4423=CARTESIAN_POINT('Ctrl Pts',(23.,1.25721911772061,2.49917603213582));
#4424=CARTESIAN_POINT('Ctrl Pts',(23.,1.51943680267544,2.26049002711255));
#4425=CARTESIAN_POINT('Ctrl Pts',(23.3361937193424,0.642602397801164,2.81591402046336));
#4426=CARTESIAN_POINT('Ctrl Pts',(23.3120058831288,0.970767998279572,2.68043873287583));
#4427=CARTESIAN_POINT('Ctrl Pts',(23.2877493720238,1.26971069228812,2.48842995239525));
#4428=CARTESIAN_POINT('Ctrl Pts',(23.2991993003419,1.51943680267544,2.26049002711255));
#4429=CARTESIAN_POINT('Ctrl Pts',(23.7972913761327,0.746623986120519,2.98503822214159));
#4430=CARTESIAN_POINT('Ctrl Pts',(23.7888927144623,1.10316750192525,2.85017901573385));
#4431=CARTESIAN_POINT('Ctrl Pts',(23.7875665923954,1.42304112495514,2.66062871909878));
#4432=CARTESIAN_POINT('Ctrl Pts',(23.8172428656442,1.68845921742795,2.44617609738531));
#4433=CARTESIAN_POINT('Ctrl Pts',(24.0186344009393,0.924053898799969,3.38140207368492));
#4434=CARTESIAN_POINT('Ctrl Pts',(24.0019625906894,1.33707300411622,3.24944138350873));
#4435=CARTESIAN_POINT('Ctrl Pts',(23.9866723250203,1.71708796752728,3.0610204664882));
#4436=CARTESIAN_POINT('Ctrl Pts',(24.,2.04152888395596,2.83405435013717));
#4437=CARTESIAN_POINT('Ctrl Pts',(24.0532146874041,1.0000000256651,3.56254450621198));
#4438=CARTESIAN_POINT('Ctrl Pts',(24.0278956255677,1.43715762894316,3.42991528536918));
#4439=CARTESIAN_POINT('Ctrl Pts',(24.,1.84295882362749,3.23868600502327));
#4440=CARTESIAN_POINT('Ctrl Pts',(24.,2.19258240356725,3.));
#4441=CARTESIAN_POINT('Ctrl Pts',(24.,2.19258240356725,3.));
#4442=CARTESIAN_POINT('Ctrl Pts',(24.,1.84295882362749,3.23868600502327));
#4443=CARTESIAN_POINT('Ctrl Pts',(24.0278956255677,1.43715762894316,3.42991528536918));
#4444=CARTESIAN_POINT('Ctrl Pts',(24.0532146874041,1.0000000256651,3.56254450621198));
#4445=CARTESIAN_POINT('Ctrl Pts',(23.0709529165388,0.625000019248827,2.82303453332453));
#4446=CARTESIAN_POINT('Ctrl Pts',(23.0371941674236,0.952868221707365,2.69040531248173));
#4447=CARTESIAN_POINT('Ctrl Pts',(23.,1.25721911772061,2.49917603213582));
#4448=CARTESIAN_POINT('Ctrl Pts',(23.,1.51943680267544,2.26049002711255));
#4449=CARTESIAN_POINT('Origin',(20.,14.,3.));
#4450=CARTESIAN_POINT('',(16.,14.,6.));
#4451=CARTESIAN_POINT('Origin',(16.,14.,3.));
#4452=CARTESIAN_POINT('',(20.,18.,6.));
#4453=CARTESIAN_POINT('Origin',(20.,14.,6.));
#4454=CARTESIAN_POINT('Origin',(20.,18.,3.));
#4455=CARTESIAN_POINT('Origin',(16.,7.49999999999996,3.));
#4456=CARTESIAN_POINT('',(19.,10.5,3.));
#4457=CARTESIAN_POINT('',(19.,7.49999999999996,3.));
#4458=CARTESIAN_POINT('',(16.,12.5,6.));
#4459=CARTESIAN_POINT('Origin',(16.,12.5,3.));
#4460=CARTESIAN_POINT('',(16.,7.49999999999996,6.));
#4461=CARTESIAN_POINT('Origin',(19.,7.5,-3.75));
#4462=CARTESIAN_POINT('',(19.,4.5,3.));
#4463=CARTESIAN_POINT('',(19.,7.49999999999996,3.));
#4464=CARTESIAN_POINT('',(19.,4.5,1.11022302462516E-15));
#4465=CARTESIAN_POINT('',(19.,4.5,1.125));
#4466=CARTESIAN_POINT('',(19.,10.5,1.11022302462516E-15));
#4467=CARTESIAN_POINT('',(19.,7.5,1.11022302462516E-15));
#4468=CARTESIAN_POINT('',(19.,10.5,1.125));
#4469=CARTESIAN_POINT('',(19.,9.55,-5.5));
#4470=CARTESIAN_POINT('Origin',(19.,7.5,-5.5));
#4471=CARTESIAN_POINT('Origin',(16.,7.49999999999996,3.));
#4472=CARTESIAN_POINT('',(16.,1.,6.));
#4473=CARTESIAN_POINT('Origin',(16.,1.,3.));
#4474=CARTESIAN_POINT('',(16.,2.5,6.));
#4475=CARTESIAN_POINT('',(16.,7.49999999999996,6.));
#4476=CARTESIAN_POINT('Origin',(16.,2.5,3.));
#4477=CARTESIAN_POINT('Origin',(20.,1.,3.));
#4478=CARTESIAN_POINT('',(20.,-3.,6.));
#4479=CARTESIAN_POINT('Origin',(20.,-3.,3.));
#4480=CARTESIAN_POINT('Origin',(20.,1.,6.));
#4481=CARTESIAN_POINT('Origin',(18.,-3.,3.));
#4482=CARTESIAN_POINT('',(23.,-3.,6.));
#4483=CARTESIAN_POINT('Origin',(23.,-3.,3.));
#4484=CARTESIAN_POINT('',(18.,-3.,6.));
#4485=CARTESIAN_POINT('Origin',(24.,12.5,3.));
#4486=CARTESIAN_POINT('',(24.,12.5,-5.5));
#4487=CARTESIAN_POINT('',(24.,12.5,0.0419601084501942));
#4488=CARTESIAN_POINT('Origin',(24.,7.5,-5.5));
#4489=CARTESIAN_POINT('',(24.,2.5,-5.5));
#4490=CARTESIAN_POINT('Origin',(24.,2.5,-5.5));
#4491=CARTESIAN_POINT('',(19.,2.5,0.0419601084501919));
#4492=CARTESIAN_POINT('Origin',(19.,-0.500000000000002,0.041960108450193));
#4493=CARTESIAN_POINT('Origin',(82.3,100.8,9.));
#4494=CARTESIAN_POINT('',(82.8,100.8,9.));
#4495=CARTESIAN_POINT('',(82.3,101.3,9.));
#4496=CARTESIAN_POINT('Origin',(82.3,100.8,9.));
#4497=CARTESIAN_POINT('',(82.8,100.8,11.));
#4498=CARTESIAN_POINT('',(82.8,100.8,9.));
#4499=CARTESIAN_POINT('',(82.3,101.3,11.));
#4500=CARTESIAN_POINT('Origin',(82.3,100.8,11.));
#4501=CARTESIAN_POINT('',(82.3,101.3,9.));
#4502=CARTESIAN_POINT('Origin',(24.,101.3,9.));
#4503=CARTESIAN_POINT('',(25.,101.3,11.));
#4504=CARTESIAN_POINT('',(82.8,101.3,11.));
#4505=CARTESIAN_POINT('',(25.,101.3,9.));
#4506=CARTESIAN_POINT('',(25.,101.3,9.));
#4507=CARTESIAN_POINT('',(18.,101.3,9.));
#4508=CARTESIAN_POINT('Origin',(82.3,-85.8000000000001,9.));
#4509=CARTESIAN_POINT('',(82.3,-86.3000000000001,9.));
#4510=CARTESIAN_POINT('',(82.8,-85.8000000000001,9.));
#4511=CARTESIAN_POINT('Origin',(82.3,-85.8000000000001,9.));
#4512=CARTESIAN_POINT('',(82.3,-86.3000000000001,11.));
#4513=CARTESIAN_POINT('',(82.3,-86.3000000000001,9.));
#4514=CARTESIAN_POINT('',(82.8,-85.8000000000001,11.));
#4515=CARTESIAN_POINT('Origin',(82.3,-85.8000000000001,11.));
#4516=CARTESIAN_POINT('',(82.8,-85.8000000000001,9.));
#4517=CARTESIAN_POINT('Origin',(82.8,101.3,9.));
#4518=CARTESIAN_POINT('',(82.8,54.3999999999999,9.));
#4519=CARTESIAN_POINT('',(82.8,-86.3000000000001,11.));
#4520=CARTESIAN_POINT('Origin',(-58.3,-85.8000000000001,9.));
#4521=CARTESIAN_POINT('',(-58.8,-85.8000000000001,9.));
#4522=CARTESIAN_POINT('',(-58.3,-86.3000000000001,9.));
#4523=CARTESIAN_POINT('Origin',(-58.3,-85.8000000000001,9.));
#4524=CARTESIAN_POINT('',(-58.8,-85.8000000000001,11.));
#4525=CARTESIAN_POINT('',(-58.8,-85.8000000000001,9.));
#4526=CARTESIAN_POINT('',(-58.3,-86.3000000000001,11.));
#4527=CARTESIAN_POINT('Origin',(-58.3,-85.8000000000001,11.));
#4528=CARTESIAN_POINT('',(-58.3,-86.3000000000001,9.));
#4529=CARTESIAN_POINT('Origin',(82.8,-86.3000000000001,9.));
#4530=CARTESIAN_POINT('',(47.4,-86.3000000000001,9.));
#4531=CARTESIAN_POINT('',(-58.8,-86.3000000000001,11.));
#4532=CARTESIAN_POINT('Origin',(-58.3,100.8,9.));
#4533=CARTESIAN_POINT('',(-58.3,101.3,9.));
#4534=CARTESIAN_POINT('',(-58.8,100.8,9.));
#4535=CARTESIAN_POINT('Origin',(-58.3,100.8,9.));
#4536=CARTESIAN_POINT('',(-58.3,101.3,11.));
#4537=CARTESIAN_POINT('',(-58.3,101.3,9.));
#4538=CARTESIAN_POINT('',(-58.8,100.8,11.));
#4539=CARTESIAN_POINT('Origin',(-58.3,100.8,11.));
#4540=CARTESIAN_POINT('',(-58.8,100.8,9.));
#4541=CARTESIAN_POINT('Origin',(-58.8,-86.3000000000001,9.));
#4542=CARTESIAN_POINT('',(-58.8,-39.4000000000001,9.));
#4543=CARTESIAN_POINT('',(-58.8,101.3,11.));
#4544=CARTESIAN_POINT('Origin',(25.,102.3,9.));
#4545=CARTESIAN_POINT('',(24.,102.3,11.));
#4546=CARTESIAN_POINT('Origin',(25.,102.3,11.));
#4547=CARTESIAN_POINT('',(24.,102.3,9.));
#4548=CARTESIAN_POINT('',(24.,102.3,9.));
#4549=CARTESIAN_POINT('Origin',(25.,102.3,9.));
#4550=CARTESIAN_POINT('Origin',(24.,104.3,9.));
#4551=CARTESIAN_POINT('',(24.,103.3,11.));
#4552=CARTESIAN_POINT('',(24.,104.3,11.));
#4553=CARTESIAN_POINT('',(24.,103.3,9.));
#4554=CARTESIAN_POINT('',(24.,103.3,7.5));
#4555=CARTESIAN_POINT('',(24.,55.8999999999999,9.));
#4556=CARTESIAN_POINT('Origin',(12.,7.49999999999991,11.));
#4557=CARTESIAN_POINT('',(-1.00000000000001,101.3,11.));
#4558=CARTESIAN_POINT('',(-1.49737634832025E-14,101.3,11.));
#4559=CARTESIAN_POINT('',(-1.49737634832025E-14,102.3,11.));
#4560=CARTESIAN_POINT('Origin',(-1.00000000000001,102.3,11.));
#4561=CARTESIAN_POINT('',(-1.49737634832025E-14,103.3,11.));
#4562=CARTESIAN_POINT('',(-1.49737634832025E-14,104.3,11.));
#4563=CARTESIAN_POINT('',(-1.00000000000001,104.3,11.));
#4564=CARTESIAN_POINT('Origin',(-1.00000000000001,103.3,11.));
#4565=CARTESIAN_POINT('',(-60.8,104.3,11.));
#4566=CARTESIAN_POINT('',(85.8,104.3,11.));
#4567=CARTESIAN_POINT('',(-61.8,103.3,11.));
#4568=CARTESIAN_POINT('Origin',(-60.8,103.3,11.));
#4569=CARTESIAN_POINT('',(-61.8,-88.3000000000001,11.));
#4570=CARTESIAN_POINT('',(-61.8,104.3,11.));
#4571=CARTESIAN_POINT('',(-60.8,-89.3000000000001,11.));
#4572=CARTESIAN_POINT('Origin',(-60.8,-88.3000000000001,11.));
#4573=CARTESIAN_POINT('',(84.8,-89.3000000000001,11.));
#4574=CARTESIAN_POINT('',(-61.8,-89.3000000000001,11.));
#4575=CARTESIAN_POINT('',(85.8,-88.3000000000001,11.));
#4576=CARTESIAN_POINT('Origin',(84.8,-88.3000000000001,11.));
#4577=CARTESIAN_POINT('',(85.8,103.3,11.));
#4578=CARTESIAN_POINT('',(85.8,-89.3000000000001,11.));
#4579=CARTESIAN_POINT('',(84.8,104.3,11.));
#4580=CARTESIAN_POINT('Origin',(84.8,103.3,11.));
#4581=CARTESIAN_POINT('',(25.,104.3,11.));
#4582=CARTESIAN_POINT('',(85.8,104.3,11.));
#4583=CARTESIAN_POINT('Origin',(25.,103.3,11.));
#4584=CARTESIAN_POINT('Origin',(25.,103.3,7.5));
#4585=CARTESIAN_POINT('',(25.,104.3,9.));
#4586=CARTESIAN_POINT('',(25.,104.3,7.5));
#4587=CARTESIAN_POINT('Origin',(25.,103.3,9.));
#4588=CARTESIAN_POINT('Origin',(85.8,104.3,6.));
#4589=CARTESIAN_POINT('',(-1.00000000000001,104.3,9.));
#4590=CARTESIAN_POINT('',(-61.8,104.3,9.));
#4591=CARTESIAN_POINT('',(84.8,104.3,6.));
#4592=CARTESIAN_POINT('',(84.8,104.3,6.));
#4593=CARTESIAN_POINT('',(-60.8,104.3,6.));
#4594=CARTESIAN_POINT('',(-61.8,104.3,6.));
#4595=CARTESIAN_POINT('',(-60.8,104.3,6.));
#4596=CARTESIAN_POINT('',(-1.00000000000001,104.3,7.5));
#4597=CARTESIAN_POINT('Origin',(-1.00000000000001,103.3,7.5));
#4598=CARTESIAN_POINT('',(-1.55431223447522E-14,103.3,9.));
#4599=CARTESIAN_POINT('',(-1.49880108324396E-14,103.3,7.5));
#4600=CARTESIAN_POINT('Origin',(-1.00000000000001,103.3,9.));
#4601=CARTESIAN_POINT('Origin',(-1.49737634832025E-14,101.3,9.));
#4602=CARTESIAN_POINT('',(-1.55431223447522E-14,102.3,9.));
#4603=CARTESIAN_POINT('',(-1.49880108324396E-14,102.3,9.));
#4604=CARTESIAN_POINT('',(-1.55431223447522E-14,54.3999999999999,9.));
#4605=CARTESIAN_POINT('Origin',(-1.00000000000001,102.3,9.));
#4606=CARTESIAN_POINT('',(-1.00000000000001,101.3,9.));
#4607=CARTESIAN_POINT('',(-1.00000000000001,101.3,9.));
#4608=CARTESIAN_POINT('Origin',(-1.00000000000001,102.3,9.));
#4609=CARTESIAN_POINT('Origin',(-58.8,101.3,9.));
#4610=CARTESIAN_POINT('',(-23.4,101.3,9.));
#4611=CARTESIAN_POINT('Origin',(-60.8,-88.3000000000001,6.));
#4612=CARTESIAN_POINT('',(-61.8,-88.3000000000001,6.));
#4613=CARTESIAN_POINT('',(-61.8,-88.3000000000001,6.));
#4614=CARTESIAN_POINT('',(-60.8,-89.3000000000001,6.));
#4615=CARTESIAN_POINT('Origin',(-60.8,-88.3000000000001,6.));
#4616=CARTESIAN_POINT('',(-60.8,-89.3000000000001,6.));
#4617=CARTESIAN_POINT('Origin',(-61.8,104.3,6.));
#4618=CARTESIAN_POINT('',(-61.8,103.3,6.));
#4619=CARTESIAN_POINT('',(-61.8,103.3,6.));
#4620=CARTESIAN_POINT('',(-61.8,-89.3000000000001,6.));
#4621=CARTESIAN_POINT('Origin',(84.8,-88.3000000000001,6.));
#4622=CARTESIAN_POINT('',(84.8,-89.3000000000001,6.));
#4623=CARTESIAN_POINT('',(84.8,-89.3000000000001,6.));
#4624=CARTESIAN_POINT('',(85.8,-88.3000000000001,6.));
#4625=CARTESIAN_POINT('Origin',(84.8,-88.3000000000001,6.));
#4626=CARTESIAN_POINT('',(85.8,-88.3000000000001,6.));
#4627=CARTESIAN_POINT('Origin',(85.8,-89.3000000000001,6.));
#4628=CARTESIAN_POINT('',(85.8,103.3,6.));
#4629=CARTESIAN_POINT('',(85.8,104.3,6.));
#4630=CARTESIAN_POINT('',(85.8,103.3,6.));
#4631=CARTESIAN_POINT('Origin',(12.,7.49999999999993,6.));
#4632=CARTESIAN_POINT('Origin',(-60.8,103.3,6.));
#4633=CARTESIAN_POINT('Origin',(84.8,103.3,6.));
#4634=CARTESIAN_POINT('',(85.8,-89.3000000000001,6.));
#4635=CARTESIAN_POINT('',(71.4999999999999,11.5,6.));
#4636=CARTESIAN_POINT('',(74.5,14.5,6.));
#4637=CARTESIAN_POINT('Origin',(74.5,11.5,6.));
#4638=CARTESIAN_POINT('',(71.5,8.5,6.));
#4639=CARTESIAN_POINT('',(71.5,7.49999999999996,6.));
#4640=CARTESIAN_POINT('',(74.5,5.5,6.));
#4641=CARTESIAN_POINT('Origin',(74.5,8.5,6.));
#4642=CARTESIAN_POINT('',(82.4999999999999,5.5,6.));
#4643=CARTESIAN_POINT('',(45.25,5.5,6.));
#4644=CARTESIAN_POINT('',(85.4999999999999,8.5,6.));
#4645=CARTESIAN_POINT('Origin',(82.4999999999999,8.5,6.));
#4646=CARTESIAN_POINT('',(85.5,11.5,6.));
#4647=CARTESIAN_POINT('',(85.4999999999999,7.49999999999996,6.));
#4648=CARTESIAN_POINT('',(82.4999999999999,14.5,6.));
#4649=CARTESIAN_POINT('Origin',(82.4999999999999,11.5,6.));
#4650=CARTESIAN_POINT('',(45.25,14.5,6.));
#4651=CARTESIAN_POINT('',(8.,2.5,6.));
#4652=CARTESIAN_POINT('',(8.,1.,6.));
#4653=CARTESIAN_POINT('',(8.,7.49999999999996,6.));
#4654=CARTESIAN_POINT('',(15.5,2.5,6.));
#4655=CARTESIAN_POINT('',(27.,1.,6.));
#4656=CARTESIAN_POINT('Origin',(23.,1.,6.));
#4657=CARTESIAN_POINT('',(27.,14.,6.));
#4658=CARTESIAN_POINT('',(27.,7.49999999999996,6.));
#4659=CARTESIAN_POINT('',(23.,18.,6.));
#4660=CARTESIAN_POINT('Origin',(23.,14.,6.));
#4661=CARTESIAN_POINT('',(15.5,18.,6.));
#4662=CARTESIAN_POINT('',(8.50000000000001,12.5,6.));
#4663=CARTESIAN_POINT('',(-3.,1.,6.));
#4664=CARTESIAN_POINT('',(-3.,7.49999999999996,6.));
#4665=CARTESIAN_POINT('',(1.,-3.,6.));
#4666=CARTESIAN_POINT('Origin',(1.,1.,6.));
#4667=CARTESIAN_POINT('',(4.,-3.,6.));
#4668=CARTESIAN_POINT('',(8.5,-3.,6.));
#4669=CARTESIAN_POINT('Origin',(4.,0.999999999999999,6.));
#4670=CARTESIAN_POINT('',(11.,-74.9999999254943,6.));
#4671=CARTESIAN_POINT('',(14.,-77.9999999254943,6.));
#4672=CARTESIAN_POINT('Origin',(11.,-77.9999999254943,6.));
#4673=CARTESIAN_POINT('',(8.,-74.9999999254943,6.));
#4674=CARTESIAN_POINT('',(12.,-74.9999999254943,6.));
#4675=CARTESIAN_POINT('',(5.,-77.9999999254943,6.));
#4676=CARTESIAN_POINT('Origin',(8.,-77.9999999254943,6.));
#4677=CARTESIAN_POINT('',(5.,-86.0000000745059,6.));
#4678=CARTESIAN_POINT('',(5.,-37.2500000000001,6.));
#4679=CARTESIAN_POINT('',(8.,-89.0000000745059,6.));
#4680=CARTESIAN_POINT('Origin',(8.,-86.0000000745059,6.));
#4681=CARTESIAN_POINT('',(11.,-89.0000000745059,6.));
#4682=CARTESIAN_POINT('',(12.,-89.0000000745059,6.));
#4683=CARTESIAN_POINT('',(14.,-86.0000000745059,6.));
#4684=CARTESIAN_POINT('Origin',(11.,-86.0000000745059,6.));
#4685=CARTESIAN_POINT('',(14.,-37.2500000000001,6.));
#4686=CARTESIAN_POINT('Origin',(84.8,103.3,6.));
#4687=CARTESIAN_POINT('Origin',(-60.8,103.3,6.));
#4688=CARTESIAN_POINT('Origin',(74.5,11.5,4.00000000000005));
#4689=CARTESIAN_POINT('',(73.5,11.5,4.00000000000005));
#4690=CARTESIAN_POINT('Origin',(71.4999999999999,11.5,4.00000000000005));
#4691=CARTESIAN_POINT('',(74.5,12.5,4.00000000000005));
#4692=CARTESIAN_POINT('Origin',(74.5,14.5,4.00000000000005));
#4693=CARTESIAN_POINT('Origin',(74.5,11.5,4.00000000000005));
#4694=CARTESIAN_POINT('Origin',(45.25,14.5,4.));
#4695=CARTESIAN_POINT('',(82.4999999999999,12.5,4.));
#4696=CARTESIAN_POINT('Origin',(82.4999999999999,14.5,4.));
#4697=CARTESIAN_POINT('',(45.25,12.5,4.));
#4698=CARTESIAN_POINT('Origin',(82.4999999999999,11.5,4.));
#4699=CARTESIAN_POINT('',(83.4999999999999,11.5,4.));
#4700=CARTESIAN_POINT('Origin',(85.5,11.5,4.));
#4701=CARTESIAN_POINT('Origin',(82.4999999999999,11.5,4.));
#4702=CARTESIAN_POINT('Origin',(85.4999999999999,7.49999999999996,4.));
#4703=CARTESIAN_POINT('',(83.4999999999999,8.5,4.));
#4704=CARTESIAN_POINT('Origin',(85.4999999999999,8.5,4.));
#4705=CARTESIAN_POINT('',(83.4999999999999,7.49999999999996,4.));
#4706=CARTESIAN_POINT('Origin',(82.4999999999999,8.5,4.));
#4707=CARTESIAN_POINT('',(82.4999999999999,7.5,4.));
#4708=CARTESIAN_POINT('Origin',(82.4999999999999,5.5,4.));
#4709=CARTESIAN_POINT('Origin',(82.4999999999999,8.5,4.));
#4710=CARTESIAN_POINT('Origin',(45.25,5.5,4.));
#4711=CARTESIAN_POINT('',(74.5,7.5,4.));
#4712=CARTESIAN_POINT('Origin',(74.5,5.5,4.));
#4713=CARTESIAN_POINT('',(45.25,7.5,4.));
#4714=CARTESIAN_POINT('Origin',(74.5,8.5,4.00000000000005));
#4715=CARTESIAN_POINT('',(73.5,8.5,4.00000000000005));
#4716=CARTESIAN_POINT('Origin',(71.5,8.5,4.00000000000005));
#4717=CARTESIAN_POINT('Origin',(74.5,8.5,4.00000000000005));
#4718=CARTESIAN_POINT('Origin',(71.5,7.49999999999996,4.));
#4719=CARTESIAN_POINT('',(73.5,7.49999999999996,4.));
#4720=CARTESIAN_POINT('Origin',(78.5,7.5,-2.24999999999999));
#4721=CARTESIAN_POINT('',(74.5,7.5,-5.5));
#4722=CARTESIAN_POINT('',(74.5,7.5,-3.875));
#4723=CARTESIAN_POINT('',(82.4999999999999,7.5,-5.5));
#4724=CARTESIAN_POINT('Origin',(78.5,7.5,-5.5));
#4725=CARTESIAN_POINT('',(82.4999999999999,7.5,1.87500000000001));
#4726=CARTESIAN_POINT('',(76.45,7.5,-5.5));
#4727=CARTESIAN_POINT('Origin',(78.5,7.5,-5.5));
#4728=CARTESIAN_POINT('Origin',(74.5,8.5,-3.875));
#4729=CARTESIAN_POINT('',(73.5,8.5,-5.5));
#4730=CARTESIAN_POINT('',(73.5,8.5,-3.875));
#4731=CARTESIAN_POINT('Origin',(74.5,8.5,-5.5));
#4732=CARTESIAN_POINT('Origin',(73.5,7.5,-5.5));
#4733=CARTESIAN_POINT('',(73.5,11.5,-5.5));
#4734=CARTESIAN_POINT('',(73.5,11.5,-3.875));
#4735=CARTESIAN_POINT('',(73.5,7.5,-5.5));
#4736=CARTESIAN_POINT('Origin',(74.5,11.5,-3.875));
#4737=CARTESIAN_POINT('',(74.5,12.5,-5.5));
#4738=CARTESIAN_POINT('',(74.5,12.5,-3.875));
#4739=CARTESIAN_POINT('Origin',(74.5,11.5,-5.5));
#4740=CARTESIAN_POINT('Origin',(82.4999999999999,8.5,1.87500000000001));
#4741=CARTESIAN_POINT('',(83.4999999999999,8.5,-5.5));
#4742=CARTESIAN_POINT('Origin',(82.4999999999999,8.5,-5.5));
#4743=CARTESIAN_POINT('',(83.4999999999999,8.5,1.87500000000001));
#4744=CARTESIAN_POINT('Origin',(78.5,8.5,-5.5));
#4745=CARTESIAN_POINT('Origin',(78.5,8.5,-5.5));
#4746=CARTESIAN_POINT('Origin',(82.4999999999999,11.5,1.87500000000001));
#4747=CARTESIAN_POINT('',(83.4999999999999,11.5,-5.5));
#4748=CARTESIAN_POINT('',(83.4999999999999,11.5,1.87500000000001));
#4749=CARTESIAN_POINT('',(82.4999999999999,12.5,-5.5));
#4750=CARTESIAN_POINT('Origin',(82.4999999999999,11.5,-5.5));
#4751=CARTESIAN_POINT('',(82.4999999999999,12.5,1.87500000000001));
#4752=CARTESIAN_POINT('Origin',(78.5,11.5,-5.5));
#4753=CARTESIAN_POINT('Origin',(78.5,12.5,-5.5));
#4754=CARTESIAN_POINT('Origin',(78.5,11.5,-5.5));
#4755=CARTESIAN_POINT('Origin',(78.5,7.5,-5.5));
#4756=CARTESIAN_POINT('',(83.4999999999999,7.5,-5.5));
#4757=CARTESIAN_POINT('Origin',(83.4999999999999,7.5,6.));
#4758=CARTESIAN_POINT('Origin',(11.,-77.9999999254943,4.));
#4759=CARTESIAN_POINT('',(11.,-76.9999999254943,4.));
#4760=CARTESIAN_POINT('Origin',(11.,-74.9999999254943,4.));
#4761=CARTESIAN_POINT('',(12.,-77.9999999254943,4.));
#4762=CARTESIAN_POINT('Origin',(14.,-77.9999999254943,4.));
#4763=CARTESIAN_POINT('Origin',(11.,-77.9999999254943,4.));
#4764=CARTESIAN_POINT('Origin',(14.,-37.2500000000001,4.));
#4765=CARTESIAN_POINT('',(12.,-86.0000000745059,4.));
#4766=CARTESIAN_POINT('Origin',(14.,-86.0000000745059,4.));
#4767=CARTESIAN_POINT('',(12.,-37.2500000000001,4.));
#4768=CARTESIAN_POINT('Origin',(11.,-86.0000000745059,4.));
#4769=CARTESIAN_POINT('',(11.,-87.0000000745059,4.));
#4770=CARTESIAN_POINT('Origin',(11.,-89.0000000745059,4.));
#4771=CARTESIAN_POINT('Origin',(11.,-86.0000000745059,4.));
#4772=CARTESIAN_POINT('Origin',(12.,-89.0000000745059,4.));
#4773=CARTESIAN_POINT('',(8.,-87.0000000745059,4.));
#4774=CARTESIAN_POINT('Origin',(8.,-89.0000000745059,4.));
#4775=CARTESIAN_POINT('',(12.,-87.0000000745059,4.));
#4776=CARTESIAN_POINT('Origin',(8.,-86.0000000745059,4.));
#4777=CARTESIAN_POINT('',(7.,-86.0000000745059,4.));
#4778=CARTESIAN_POINT('Origin',(5.,-86.0000000745059,4.));
#4779=CARTESIAN_POINT('Origin',(8.,-86.0000000745059,4.));
#4780=CARTESIAN_POINT('Origin',(5.,-37.2500000000001,4.));
#4781=CARTESIAN_POINT('',(7.,-77.9999999254943,4.));
#4782=CARTESIAN_POINT('Origin',(5.,-77.9999999254943,4.));
#4783=CARTESIAN_POINT('',(7.,-37.2500000000001,4.));
#4784=CARTESIAN_POINT('Origin',(8.,-77.9999999254943,4.));
#4785=CARTESIAN_POINT('',(8.,-76.9999999254943,4.));
#4786=CARTESIAN_POINT('Origin',(8.,-74.9999999254943,4.));
#4787=CARTESIAN_POINT('Origin',(8.,-77.9999999254943,4.));
#4788=CARTESIAN_POINT('Origin',(12.,-74.9999999254943,4.));
#4789=CARTESIAN_POINT('',(12.,-76.9999999254943,4.));
#4790=CARTESIAN_POINT('Origin',(7.,-82.0000000000001,-2.2500000372529));
#4791=CARTESIAN_POINT('',(7.,-77.9999999254943,-5.5));
#4792=CARTESIAN_POINT('',(7.,-77.9999999254943,1.87499998137355));
#4793=CARTESIAN_POINT('',(7.,-86.0000000745059,-5.5));
#4794=CARTESIAN_POINT('Origin',(7.,-82.0000000000001,-5.5));
#4795=CARTESIAN_POINT('',(7.,-86.0000000745059,-3.87500001862645));
#4796=CARTESIAN_POINT('',(7.,-84.0500000000001,-5.5));
#4797=CARTESIAN_POINT('Origin',(7.,-82.0000000000001,-5.5));
#4798=CARTESIAN_POINT('Origin',(8.,-77.9999999254943,1.87499998137355));
#4799=CARTESIAN_POINT('',(8.,-76.9999999254943,-5.5));
#4800=CARTESIAN_POINT('',(8.,-76.9999999254943,1.87499998137355));
#4801=CARTESIAN_POINT('Origin',(8.,-77.9999999254943,-5.5));
#4802=CARTESIAN_POINT('Origin',(12.,-76.9999999254943,6.));
#4803=CARTESIAN_POINT('',(11.,-76.9999999254943,-5.5));
#4804=CARTESIAN_POINT('',(11.,-76.9999999254943,1.87499998137355));
#4805=CARTESIAN_POINT('',(12.,-76.9999999254943,-5.5));
#4806=CARTESIAN_POINT('Origin',(11.,-77.9999999254943,1.87499998137355));
#4807=CARTESIAN_POINT('',(12.,-77.9999999254943,-5.5));
#4808=CARTESIAN_POINT('',(12.,-77.9999999254943,1.87499998137355));
#4809=CARTESIAN_POINT('Origin',(11.,-77.9999999254943,-5.5));
#4810=CARTESIAN_POINT('Origin',(8.,-82.0000000000001,-5.5));
#4811=CARTESIAN_POINT('',(8.,-87.0000000745059,-5.5));
#4812=CARTESIAN_POINT('Origin',(8.,-86.0000000745059,-5.5));
#4813=CARTESIAN_POINT('Origin',(8.,-82.0000000000001,-5.5));
#4814=CARTESIAN_POINT('Origin',(8.,-86.0000000745059,-3.87500001862645));
#4815=CARTESIAN_POINT('',(8.,-87.0000000745059,-3.87500001862645));
#4816=CARTESIAN_POINT('Origin',(12.,-87.0000000745059,-5.5));
#4817=CARTESIAN_POINT('',(11.,-87.0000000745059,-5.5));
#4818=CARTESIAN_POINT('',(12.,-87.0000000745059,-5.5));
#4819=CARTESIAN_POINT('',(11.,-87.0000000745059,-3.87500001862645));
#4820=CARTESIAN_POINT('Origin',(12.,-82.0000000000001,-5.5));
#4821=CARTESIAN_POINT('Origin',(11.,-82.0000000000001,-5.5));
#4822=CARTESIAN_POINT('Origin',(11.,-82.0000000000001,-5.5));
#4823=CARTESIAN_POINT('',(12.,-86.0000000745059,-5.5));
#4824=CARTESIAN_POINT('Origin',(11.,-86.0000000745059,-5.5));
#4825=CARTESIAN_POINT('Origin',(12.,-82.0000000000001,-5.5));
#4826=CARTESIAN_POINT('Origin',(11.,-86.0000000745059,-3.87500001862645));
#4827=CARTESIAN_POINT('',(12.,-86.0000000745059,-3.87500001862645));
#4828=CARTESIAN_POINT('Origin',(12.,-82.0000000000001,-2.2500000372529));
#4829=CARTESIAN_POINT('',(12.,-84.0500000000001,-5.5));
#4830=CARTESIAN_POINT('Origin',(12.,-82.0000000000001,-5.5));
#4831=CARTESIAN_POINT('Origin',(12.,-82.0000000000001,-5.5));
#4832=CARTESIAN_POINT('',(12.,-84.0500000000001,-5.5));
#4833=CARTESIAN_POINT('Origin',(78.5,7.5,-5.5));
#4834=CARTESIAN_POINT('',(76.45,12.5,-5.5));
#4835=CARTESIAN_POINT('Origin',(78.5,12.5,-5.5));
#4836=CARTESIAN_POINT('',(76.45,7.5,-5.5));
#4837=CARTESIAN_POINT('Origin',(78.5,12.5,-2.24999999999999));
#4838=CARTESIAN_POINT('Ctrl Pts',(8.,2.5,6.));
#4839=CARTESIAN_POINT('Ctrl Pts',(7.55120104948717,3.17319842576924,6.));
#4840=CARTESIAN_POINT('Ctrl Pts',(6.80575169725596,4.29137245411605,5.60734595376051));
#4841=CARTESIAN_POINT('Ctrl Pts',(6.13671829464801,5.29492255802799,4.3450502770013));
#4842=CARTESIAN_POINT('Ctrl Pts',(6.,5.5,3.44879895051283));
#4843=CARTESIAN_POINT('Ctrl Pts',(6.,5.5,3.));
#4844=CARTESIAN_POINT('Ctrl Pts',(8.,2.5,6.));
#4845=CARTESIAN_POINT('Ctrl Pts',(7.50845829229548,3.13045566857755,6.));
#4846=CARTESIAN_POINT('Ctrl Pts',(6.69219356510046,4.17951293776695,5.66682278204885));
#4847=CARTESIAN_POINT('Ctrl Pts',(5.88997174522776,5.24513644934142,4.46874450837279));
#4848=CARTESIAN_POINT('Ctrl Pts',(5.70080069965812,5.5,3.49423109401281));
#4849=CARTESIAN_POINT('Ctrl Pts',(5.70080069965812,5.5,3.));
#4850=CARTESIAN_POINT('Ctrl Pts',(8.,2.5,6.));
#4851=CARTESIAN_POINT('Ctrl Pts',(7.43365846721001,3.05565584349207,6.));
#4852=CARTESIAN_POINT('Ctrl Pts',(6.49171608951731,3.97932686765532,5.71094207547239));
#4853=CARTESIAN_POINT('Ctrl Pts',(5.46004731804853,4.98085406522185,4.57404338994563));
#4854=CARTESIAN_POINT('Ctrl Pts',(5.18261566588944,5.2490245085094,3.533263093133));
#4855=CARTESIAN_POINT('Ctrl Pts',(5.18261566588944,5.2490245085094,3.));
#4856=CARTESIAN_POINT('Ctrl Pts',(8.,2.5,6.));
#4857=CARTESIAN_POINT('Ctrl Pts',(7.35885864212453,2.9808560184066,6.));
#4858=CARTESIAN_POINT('Ctrl Pts',(6.29204206492251,3.77984855852365,5.65220736000356));
#4859=CARTESIAN_POINT('Ctrl Pts',(5.2423665683609,4.54839172309766,4.43733691221588));
#4860=CARTESIAN_POINT('Ctrl Pts',(5.,4.72439947525642,3.48242194987864));
#4861=CARTESIAN_POINT('Ctrl Pts',(5.,4.72439947525642,3.));
#4862=CARTESIAN_POINT('Ctrl Pts',(8.,2.5,6.));
#4863=CARTESIAN_POINT('Ctrl Pts',(7.32680157423076,2.94879895051283,6.));
#4864=CARTESIAN_POINT('Ctrl Pts',(6.20862754588395,3.69424830274404,5.60734595376051));
#4865=CARTESIAN_POINT('Ctrl Pts',(5.20507744197201,4.36328170535199,4.3450502770013));
#4866=CARTESIAN_POINT('Ctrl Pts',(5.,4.5,3.44879895051283));
#4867=CARTESIAN_POINT('Ctrl Pts',(5.,4.5,3.));
#4868=CARTESIAN_POINT('',(6.,5.5,3.));
#4869=CARTESIAN_POINT('Origin',(6.,4.5,3.));
#4870=CARTESIAN_POINT('Origin',(8.,2.5,3.));
#4871=CARTESIAN_POINT('Origin',(8.,2.5,3.));
#4872=CARTESIAN_POINT('Ctrl Pts',(16.,2.5,6.));
#4873=CARTESIAN_POINT('Ctrl Pts',(16.6731984257692,2.94879895051283,6.));
#4874=CARTESIAN_POINT('Ctrl Pts',(17.7912900871497,3.69419339143314,5.60710355529896));
#4875=CARTESIAN_POINT('Ctrl Pts',(18.7948572486133,4.3632381657422,4.34498914467757));
#4876=CARTESIAN_POINT('Ctrl Pts',(19.,4.5,3.44879895051283));
#4877=CARTESIAN_POINT('Ctrl Pts',(19.,4.5,3.));
#4878=CARTESIAN_POINT('Ctrl Pts',(16.,2.5,6.));
#4879=CARTESIAN_POINT('Ctrl Pts',(16.6304556685775,2.99154170770453,6.));
#4880=CARTESIAN_POINT('Ctrl Pts',(17.6791369584699,3.80758043960291,5.66670170289518));
#4881=CARTESIAN_POINT('Ctrl Pts',(18.7448204159418,4.60982721781707,4.46869381779189));
#4882=CARTESIAN_POINT('Ctrl Pts',(19.,4.79919930034189,3.49423109401281));
#4883=CARTESIAN_POINT('Ctrl Pts',(19.,4.79919930034189,3.));
#4884=CARTESIAN_POINT('Ctrl Pts',(16.,2.5,6.));
#4885=CARTESIAN_POINT('Ctrl Pts',(16.5556558434921,3.06634153279,6.));
#4886=CARTESIAN_POINT('Ctrl Pts',(17.4791608305198,4.00808552189482,5.71084761365993));
#4887=CARTESIAN_POINT('Ctrl Pts',(18.4805147737868,5.03957902553176,4.57347095259281));
#4888=CARTESIAN_POINT('Ctrl Pts',(18.7489166109223,5.31725487222266,3.53326309313301));
#4889=CARTESIAN_POINT('Ctrl Pts',(18.7489166109223,5.31725487222266,3.));
#4890=CARTESIAN_POINT('Ctrl Pts',(16.,2.5,6.));
#4891=CARTESIAN_POINT('Ctrl Pts',(16.4808560184066,3.14114135787547,6.));
#4892=CARTESIAN_POINT('Ctrl Pts',(17.2797815523839,4.20778393626977,5.65206046486693));
#4893=CARTESIAN_POINT('Ctrl Pts',(18.0482787582707,5.25743313340449,4.437161472115));
#4894=CARTESIAN_POINT('Ctrl Pts',(18.2243994752564,5.5,3.48242194987864));
#4895=CARTESIAN_POINT('Ctrl Pts',(18.2243994752564,5.5,3.));
#4896=CARTESIAN_POINT('Ctrl Pts',(16.,2.5,6.));
#4897=CARTESIAN_POINT('Ctrl Pts',(16.4487989505128,3.17319842576924,6.));
#4898=CARTESIAN_POINT('Ctrl Pts',(17.1941933914331,4.29129008714971,5.60710355529896));
#4899=CARTESIAN_POINT('Ctrl Pts',(17.8632381657422,5.29485724861329,4.34498914467757));
#4900=CARTESIAN_POINT('Ctrl Pts',(18.,5.5,3.44879895051283));
#4901=CARTESIAN_POINT('Ctrl Pts',(18.,5.5,3.));
#4902=CARTESIAN_POINT('',(18.,5.5,3.));
#4903=CARTESIAN_POINT('Origin',(18.,4.5,3.));
#4904=CARTESIAN_POINT('Origin',(16.,2.5,3.));
#4905=CARTESIAN_POINT('Ctrl Pts',(16.,12.5,6.));
#4906=CARTESIAN_POINT('Ctrl Pts',(16.4487989505128,11.8268015742308,6.));
#4907=CARTESIAN_POINT('Ctrl Pts',(17.1941682063687,10.7087476904469,5.60700015872744));
#4908=CARTESIAN_POINT('Ctrl Pts',(17.8632189001963,9.7051716497056,4.34495544966802));
#4909=CARTESIAN_POINT('Ctrl Pts',(18.,9.5,3.44879895051283));
#4910=CARTESIAN_POINT('Ctrl Pts',(18.,9.5,3.));
#4911=CARTESIAN_POINT('Ctrl Pts',(16.,12.5,6.));
#4912=CARTESIAN_POINT('Ctrl Pts',(16.4915417077045,11.8695443314225,6.));
#4913=CARTESIAN_POINT('Ctrl Pts',(17.3074754903819,10.8210365478019,5.66664885955511));
#4914=CARTESIAN_POINT('Ctrl Pts',(18.1097393697858,9.75531851518179,4.46866909068491));
#4915=CARTESIAN_POINT('Ctrl Pts',(18.2991993003419,9.5,3.49423109401281));
#4916=CARTESIAN_POINT('Ctrl Pts',(18.2991993003419,9.5,3.));
#4917=CARTESIAN_POINT('Ctrl Pts',(16.,12.5,6.));
#4918=CARTESIAN_POINT('Ctrl Pts',(16.56634153279,11.9443441565079,6.));
#4919=CARTESIAN_POINT('Ctrl Pts',(17.507980487255,11.020928678262,5.71077787171936));
#4920=CARTESIAN_POINT('Ctrl Pts',(18.5394242129883,10.0196252540539,4.57324935757388));
#4921=CARTESIAN_POINT('Ctrl Pts',(18.8172055632553,9.75112448471347,3.533263093133));
#4922=CARTESIAN_POINT('Ctrl Pts',(18.8172055632553,9.75112448471347,3.));
#4923=CARTESIAN_POINT('Ctrl Pts',(16.,12.5,6.));
#4924=CARTESIAN_POINT('Ctrl Pts',(16.6411413578755,12.0191439815934,6.));
#4925=CARTESIAN_POINT('Ctrl Pts',(17.7077004319811,11.2202527314614,5.65198959154469));
#4926=CARTESIAN_POINT('Ctrl Pts',(18.7573476650325,10.4517681931856,4.43708683232479));
#4927=CARTESIAN_POINT('Ctrl Pts',(19.,10.2756005247436,3.48242194987864));
#4928=CARTESIAN_POINT('Ctrl Pts',(19.,10.2756005247436,3.));
#4929=CARTESIAN_POINT('Ctrl Pts',(16.,12.5,6.));
#4930=CARTESIAN_POINT('Ctrl Pts',(16.6731984257692,12.0512010494872,6.));
#4931=CARTESIAN_POINT('Ctrl Pts',(17.7912523095531,11.3058317936313,5.60700015872744));
#4932=CARTESIAN_POINT('Ctrl Pts',(18.7948283502944,10.6367810998037,4.34495544966802));
#4933=CARTESIAN_POINT('Ctrl Pts',(19.,10.5,3.44879895051283));
#4934=CARTESIAN_POINT('Ctrl Pts',(19.,10.5,3.));
#4935=CARTESIAN_POINT('',(18.,9.5,3.));
#4936=CARTESIAN_POINT('Origin',(18.,10.5,3.));
#4937=CARTESIAN_POINT('Origin',(16.,12.5,3.));
#4938=CARTESIAN_POINT('Ctrl Pts',(8.,12.5,6.));
#4939=CARTESIAN_POINT('Ctrl Pts',(7.32680157423076,12.0512010494872,6.));
#4940=CARTESIAN_POINT('Ctrl Pts',(6.2087024482388,11.3058016321592,5.60712446725776));
#4941=CARTESIAN_POINT('Ctrl Pts',(5.20513697591982,10.6367579839465,4.34499545251313));
#4942=CARTESIAN_POINT('Ctrl Pts',(5.,10.5,3.44879895051283));
#4943=CARTESIAN_POINT('Ctrl Pts',(5.,10.5,3.));
#4944=CARTESIAN_POINT('Ctrl Pts',(8.,12.5,6.));
#4945=CARTESIAN_POINT('Ctrl Pts',(7.36954433142246,12.0084582922955,6.));
#4946=CARTESIAN_POINT('Ctrl Pts',(6.32082882361407,11.1923989033413,5.666712310856));
#4947=CARTESIAN_POINT('Ctrl Pts',(5.25515175974031,10.3901551542927,4.46869861224646));
#4948=CARTESIAN_POINT('Ctrl Pts',(5.,10.2008006996581,3.49423109401281));
#4949=CARTESIAN_POINT('Ctrl Pts',(5.,10.2008006996581,3.));
#4950=CARTESIAN_POINT('Ctrl Pts',(8.,12.5,6.));
#4951=CARTESIAN_POINT('Ctrl Pts',(7.44434415650793,11.93365846721,6.));
#4952=CARTESIAN_POINT('Ctrl Pts',(6.52082231134827,10.9918945946576,5.7108598009983));
#4953=CARTESIAN_POINT('Ctrl Pts',(5.51945659626748,9.96038936344927,4.57351726412171));
#4954=CARTESIAN_POINT('Ctrl Pts',(5.25107472316699,9.68273472990667,3.533263093133));
#4955=CARTESIAN_POINT('Ctrl Pts',(5.25107472316699,9.68273472990667,3.));
#4956=CARTESIAN_POINT('Ctrl Pts',(8.,12.5,6.));
#4957=CARTESIAN_POINT('Ctrl Pts',(7.5191439815934,11.8588586421245,6.));
#4958=CARTESIAN_POINT('Ctrl Pts',(6.72021189314361,10.7921997927892,5.65207425237952));
#4959=CARTESIAN_POINT('Ctrl Pts',(5.95171166365373,9.74254958260609,4.43717658100878));
#4960=CARTESIAN_POINT('Ctrl Pts',(5.77560052474359,9.5,3.48242194987864));
#4961=CARTESIAN_POINT('Ctrl Pts',(5.77560052474359,9.5,3.));
#4962=CARTESIAN_POINT('Ctrl Pts',(8.,12.5,6.));
#4963=CARTESIAN_POINT('Ctrl Pts',(7.55120104948717,11.8268015742308,6.));
#4964=CARTESIAN_POINT('Ctrl Pts',(6.8058016321592,10.7087024482388,5.60712446725776));
#4965=CARTESIAN_POINT('Ctrl Pts',(6.13675798394654,9.70513697591981,4.34499545251313));
#4966=CARTESIAN_POINT('Ctrl Pts',(6.,9.5,3.44879895051283));
#4967=CARTESIAN_POINT('Ctrl Pts',(6.,9.5,3.));
#4968=CARTESIAN_POINT('',(6.,9.5,3.));
#4969=CARTESIAN_POINT('Origin',(6.,10.5,3.));
#4970=CARTESIAN_POINT('Origin',(8.,12.5,3.));
#4971=CARTESIAN_POINT('Origin',(8.,7.49999999999996,3.));
#4972=CARTESIAN_POINT('Origin',(8.,1.,3.));
#4973=CARTESIAN_POINT('Origin',(4.,0.999999999999999,3.));
#4974=CARTESIAN_POINT('Origin',(4.,-3.,3.));
#4975=CARTESIAN_POINT('Origin',(8.5,-3.,3.));
#4976=CARTESIAN_POINT('Origin',(1.,-3.,3.));
#4977=CARTESIAN_POINT('Origin',(1.,1.,3.));
#4978=CARTESIAN_POINT('Origin',(-3.,1.,3.));
#4979=CARTESIAN_POINT('Origin',(-3.,7.49999999999996,3.));
#4980=CARTESIAN_POINT('',(-5.55111512312578E-16,7.49999999999996,3.));
#4981=CARTESIAN_POINT('Origin',(8.50000000000001,12.5,3.));
#4982=CARTESIAN_POINT('',(16.,9.5,3.));
#4983=CARTESIAN_POINT('',(8.50000000000001,9.5,3.));
#4984=CARTESIAN_POINT('',(8.,9.5,3.));
#4985=CARTESIAN_POINT('',(5.,9.5,3.));
#4986=CARTESIAN_POINT('',(8.50000000000001,9.5,3.));
#4987=CARTESIAN_POINT('Origin',(15.5,18.,3.));
#4988=CARTESIAN_POINT('Origin',(23.,18.,3.));
#4989=CARTESIAN_POINT('Origin',(23.,14.,3.));
#4990=CARTESIAN_POINT('Origin',(27.,14.,3.));
#4991=CARTESIAN_POINT('Origin',(27.,7.49999999999996,3.));
#4992=CARTESIAN_POINT('Origin',(27.,1.,3.));
#4993=CARTESIAN_POINT('',(24.,7.49999999999996,3.));
#4994=CARTESIAN_POINT('Origin',(23.,1.,3.));
#4995=CARTESIAN_POINT('Origin',(15.5,2.5,3.));
#4996=CARTESIAN_POINT('',(8.,5.5,3.));
#4997=CARTESIAN_POINT('',(15.5,5.5,3.));
#4998=CARTESIAN_POINT('',(16.,5.5,3.));
#4999=CARTESIAN_POINT('',(19.,5.5,3.));
#5000=CARTESIAN_POINT('',(15.5,5.5,3.));
#5001=CARTESIAN_POINT('Origin',(19.,5.5,6.));
#5002=CARTESIAN_POINT('',(18.,5.5,2.23606797749979));
#5003=CARTESIAN_POINT('Origin',(16.,5.5,1.11022302462516E-15));
#5004=CARTESIAN_POINT('',(18.,5.5,1.125));
#5005=CARTESIAN_POINT('Origin',(19.,5.5,6.));
#5006=CARTESIAN_POINT('',(6.,5.5,2.23606797749979));
#5007=CARTESIAN_POINT('',(6.,5.5,1.125));
#5008=CARTESIAN_POINT('Origin',(8.,5.5,0.));
#5009=CARTESIAN_POINT('Origin',(6.,4.5,1.125));
#5010=CARTESIAN_POINT('Ctrl Pts',(6.,5.5,2.23606797749979));
#5011=CARTESIAN_POINT('Ctrl Pts',(5.82374648457182,5.5,2.07842204079151));
#5012=CARTESIAN_POINT('Ctrl Pts',(5.65185038018216,5.45348859600746,1.88696934781395));
#5013=CARTESIAN_POINT('Ctrl Pts',(5.34506227394989,5.27678518882207,1.42500808640407));
#5014=CARTESIAN_POINT('Ctrl Pts',(5.2174953524363,5.14763582283238,1.16133350491796));
#5015=CARTESIAN_POINT('Ctrl Pts',(5.04328774390971,4.83985177144922,0.588355021734743));
#5016=CARTESIAN_POINT('Ctrl Pts',(5.00061272046202,4.67107843577734,0.296317499807992));
#5017=CARTESIAN_POINT('Ctrl Pts',(5.0000021838179,4.50241319638595,0.00417977874925479));
#5018=CARTESIAN_POINT('Ctrl Pts',(5.,4.50120659794585,0.00208988894652595));
#5019=CARTESIAN_POINT('Ctrl Pts',(5.,4.5,0.));
#5020=CARTESIAN_POINT('Origin',(0.,7.5,-3.75));
#5021=CARTESIAN_POINT('',(0.,9.55,-5.5));
#5022=CARTESIAN_POINT('Origin',(0.,7.5,-5.5));
#5023=CARTESIAN_POINT('Origin',(6.,10.5,1.125));
#5024=CARTESIAN_POINT('',(6.,9.5,2.23606797749979));
#5025=CARTESIAN_POINT('',(6.,9.5,1.125));
#5026=CARTESIAN_POINT('Ctrl Pts',(5.,10.5,0.));
#5027=CARTESIAN_POINT('Ctrl Pts',(5.,10.4987934020541,0.00208988894652373));
#5028=CARTESIAN_POINT('Ctrl Pts',(5.0000021838179,10.4975868036141,0.00417977874925701));
#5029=CARTESIAN_POINT('Ctrl Pts',(5.00061272046202,10.3289215642228,0.296317499807643));
#5030=CARTESIAN_POINT('Ctrl Pts',(5.04328774390971,10.1601482285508,0.588355021734719));
#5031=CARTESIAN_POINT('Ctrl Pts',(5.21749535243629,9.85236417716764,1.16133350491793));
#5032=CARTESIAN_POINT('Ctrl Pts',(5.34506227394987,9.72321481117794,1.42500808640405));
#5033=CARTESIAN_POINT('Ctrl Pts',(5.65185038018216,9.54651140399254,1.88696934781395));
#5034=CARTESIAN_POINT('Ctrl Pts',(5.82374648457182,9.5,2.07842204079151));
#5035=CARTESIAN_POINT('Ctrl Pts',(6.,9.5,2.23606797749979));
#5036=CARTESIAN_POINT('Origin',(5.,9.5,6.));
#5037=CARTESIAN_POINT('',(18.,9.5,2.23606797749979));
#5038=CARTESIAN_POINT('',(18.,9.5,1.125));
#5039=CARTESIAN_POINT('Origin',(16.,9.5,1.11022302462516E-15));
#5040=CARTESIAN_POINT('Origin',(5.,9.5,6.));
#5041=CARTESIAN_POINT('Origin',(8.,9.5,0.));
#5042=CARTESIAN_POINT('Origin',(-61.8,-89.3000000000001,6.));
#5043=CARTESIAN_POINT('Origin',(12.,7.49999999999993,9.));
#5044=CARTESIAN_POINT('Origin',(0.,15.5,0.0419601084501908));
#5045=CARTESIAN_POINT('',(0.,12.5,0.0419601084501908));
#5046=CARTESIAN_POINT('Origin',(24.,15.5,0.0419601084501942));
#5047=CARTESIAN_POINT('Origin',(8.,7.5,0.));
#5048=CARTESIAN_POINT('',(8.,7.5,3.));
#5049=CARTESIAN_POINT('Origin',(12.,7.5,3.));
#5050=CARTESIAN_POINT('',(16.,7.5,3.));
#5051=CARTESIAN_POINT('Origin',(18.,10.5,1.125));
#5052=CARTESIAN_POINT('Ctrl Pts',(19.,10.5,1.11022302462516E-15));
#5053=CARTESIAN_POINT('Ctrl Pts',(19.,10.4987555888614,0.00215538331749365));
#5054=CARTESIAN_POINT('Ctrl Pts',(18.9999976771614,10.4975111771815,0.00431076757389848));
#5055=CARTESIAN_POINT('Ctrl Pts',(18.9992838071247,10.3062919536773,0.335513332022399));
#5056=CARTESIAN_POINT('Ctrl Pts',(18.9444311295516,10.1143580436886,0.667337695642802));
#5057=CARTESIAN_POINT('Ctrl Pts',(18.73178673772,9.79446694417553,1.27729464719068));
#5058=CARTESIAN_POINT('Ctrl Pts',(18.591246113557,9.67273586554983,1.53806744706485));
#5059=CARTESIAN_POINT('Ctrl Pts',(18.2922156579911,9.53256253352942,1.9483703041268));
#5060=CARTESIAN_POINT('Ctrl Pts',(18.1474267145002,9.5,2.10420551537107));
#5061=CARTESIAN_POINT('Ctrl Pts',(18.,9.5,2.23606797749979));
#5062=CARTESIAN_POINT('Origin',(16.,7.5,1.11022302462516E-15));
#5063=CARTESIAN_POINT('Ctrl Pts',(19.,4.5,1.11022302462516E-15));
#5064=CARTESIAN_POINT('Ctrl Pts',(19.,4.50120659794569,0.00208988894624951));
#5065=CARTESIAN_POINT('Ctrl Pts',(18.9999978161821,4.50241319638586,0.00417977875050934));
#5066=CARTESIAN_POINT('Ctrl Pts',(18.9993872795381,4.67107843575189,0.296317499715821));
#5067=CARTESIAN_POINT('Ctrl Pts',(18.9567122560914,4.83985177144721,0.588355021731019));
#5068=CARTESIAN_POINT('Ctrl Pts',(18.7825046475637,5.14763582283238,1.16133350491797));
#5069=CARTESIAN_POINT('Ctrl Pts',(18.6549377260501,5.27678518882207,1.42500808640408));
#5070=CARTESIAN_POINT('Ctrl Pts',(18.3481496198179,5.45348859600744,1.88696934781389));
#5071=CARTESIAN_POINT('Ctrl Pts',(18.1762535154282,5.5,2.07842204079146));
#5072=CARTESIAN_POINT('Ctrl Pts',(18.,5.5,2.23606797749979));
#5073=CARTESIAN_POINT('Origin',(18.,4.5,1.125));
#5074=CARTESIAN_POINT('Origin',(0.,7.5,-5.5));
#5075=CARTESIAN_POINT('',(9.81269445321961E-32,9.55,-5.5));
#5076=CARTESIAN_POINT('Origin',(0.,7.5,-5.5));
#5077=CARTESIAN_POINT('',(0.,2.5,-5.5));
#5078=CARTESIAN_POINT('',(0.,12.5,-5.5));
#5079=CARTESIAN_POINT('Origin',(0.,12.5,3.));
#5080=CARTESIAN_POINT('Origin',(0.,2.5,-5.5));
#5081=CARTESIAN_POINT('Origin',(24.,7.5,-5.5));
#5082=CARTESIAN_POINT('',(24.,9.55,-5.5));
#5083=CARTESIAN_POINT('',(24.,9.55,-5.5));
#5084=CARTESIAN_POINT('Origin',(24.,7.5,-5.5));
#5085=CARTESIAN_POINT('Origin',(24.,7.5,-3.75));
#5086=UNCERTAINTY_MEASURE_WITH_UNIT(LENGTH_MEASURE(0.01),#5090,
'DISTANCE_ACCURACY_VALUE',
'Maximum model space distance between geometric entities at asserted c
onnectivities');
#5087=UNCERTAINTY_MEASURE_WITH_UNIT(LENGTH_MEASURE(0.01),#5090,
'DISTANCE_ACCURACY_VALUE',
'Maximum model space distance between geometric entities at asserted c
onnectivities');
#5088=(
GEOMETRIC_REPRESENTATION_CONTEXT(3)
GLOBAL_UNCERTAINTY_ASSIGNED_CONTEXT((#5086))
GLOBAL_UNIT_ASSIGNED_CONTEXT((#5090,#5092,#5093))
REPRESENTATION_CONTEXT('','3D')
);
#5089=(
GEOMETRIC_REPRESENTATION_CONTEXT(3)
GLOBAL_UNCERTAINTY_ASSIGNED_CONTEXT((#5087))
GLOBAL_UNIT_ASSIGNED_CONTEXT((#5090,#5092,#5093))
REPRESENTATION_CONTEXT('','3D')
);
#5090=(
LENGTH_UNIT()
NAMED_UNIT(*)
SI_UNIT(.MILLI.,.METRE.)
);
#5091=(
LENGTH_UNIT()
NAMED_UNIT(*)
SI_UNIT($,.METRE.)
);
#5092=(
NAMED_UNIT(*)
PLANE_ANGLE_UNIT()
SI_UNIT($,.RADIAN.)
);
#5093=(
NAMED_UNIT(*)
SI_UNIT($,.STERADIAN.)
SOLID_ANGLE_UNIT()
);
#5094=SHAPE_DEFINITION_REPRESENTATION(#5095,#5096);
#5095=PRODUCT_DEFINITION_SHAPE('',$,#5098);
#5096=SHAPE_REPRESENTATION('',(#2562),#5088);
#5097=PRODUCT_DEFINITION_CONTEXT('part definition',#5102,'design');
#5098=PRODUCT_DEFINITION('2026-07-03-11-49-51-623','Prueba 2',#5099,#5097);
#5099=PRODUCT_DEFINITION_FORMATION('',$,#5104);
#5100=PRODUCT_RELATED_PRODUCT_CATEGORY('Prueba 2','Prueba 2',(#5104));
#5101=APPLICATION_PROTOCOL_DEFINITION('international standard',
'automotive_design',2009,#5102);
#5102=APPLICATION_CONTEXT(
'Core Data for Automotive Mechanical Design Process');
#5103=PRODUCT_CONTEXT('part definition',#5102,'mechanical');
#5104=PRODUCT('2026-07-03-11-49-51-623','Prueba 2',$,(#5103));
#5105=PRESENTATION_STYLE_ASSIGNMENT((#5106));
#5106=SURFACE_STYLE_USAGE(.BOTH.,#5107);
#5107=SURFACE_SIDE_STYLE('',(#5108));
#5108=SURFACE_STYLE_FILL_AREA(#5109);
#5109=FILL_AREA_STYLE('Acero - Satinado',(#5110));
#5110=FILL_AREA_STYLE_COLOUR('Acero - Satinado',#5111);
#5111=COLOUR_RGB('Acero - Satinado',0.627450980392157,0.627450980392157,
0.627450980392157);
ENDSEC;
END-ISO-10303-21;
